bank_size_B,per_call_hazard_h,expected_failures_Bh,full_bank_probability,stop_probability,omi_B1488_scale_marker
100,1e-06,9.999999999999999e-05,0.9999000049498354,9.999505016455856e-05,False
100,1.2589254117941661e-06,0.0001258925411794166,0.9998741153037181,0.00012588469628194154,False
100,1.584893192461114e-06,0.00015848931924611142,0.9998415231139478,0.00015847688605219457,False
100,1.9952623149688787e-06,0.00019952623149688788,0.9998004934735282,0.00019950652647182654,False
100,2.5118864315095823e-06,0.0002511886431509582,0.9997488425866737,0.00025115741332626396,False
100,3.162277660168379e-06,0.00031622776601683794,0.9996838217288696,0.0003161782711303962,False
100,3.981071705534969e-06,0.0003981071705534969,0.9996019712714598,0.00039802872854022286,False
100,5.011872336272725e-06,0.0005011872336272725,0.9994989370843982,0.0005010629156018132,False
100,6.30957344480193e-06,0.000630957344480193,0.9993692396779555,0.0006307603220444546,False
100,7.943282347242822e-06,0.0007943282347242822,0.999205984008138,0.0007940159918620182,False
100,1e-05,0.001,0.9990004948383437,0.0009995051616562556,False
100,1.2589254117941661e-05,0.0012589254117941662,0.9987418587877992,0.0012581412122008029,False
100,1.584893192461114e-05,0.001584893192461114,0.9984163495478283,0.001583650452171681,False
100,1.9952623149688786e-05,0.0019952623149688785,0.9980067070317179,0.001993292968282101,False
100,2.5118864315095822e-05,0.002511886431509582,0.9974912342461322,0.0025087657538678254,False
100,3.1622776601683795e-05,0.0031622776601683794,0.9968426672303422,0.0031573327696577946,False
100,3.9810717055349695e-05,0.003981071705534969,0.9960267633230258,0.0039732366769742455,False
100,5.011872336272725e-05,0.0050118723362727255,0.9950005411694605,0.004999458830539538,False
100,6.309573444801929e-05,0.006309573444801929,0.9937100923050037,0.006289907694996266,False
100,7.943282347242822e-05,0.007943282347242822,0.9920878691552004,0.00791213084479958,False
100,0.0001,0.01,0.9900493386913719,0.009950661308628095,False
100,0.00012589254117941674,0.012589254117941675,0.9874888764437566,0.012511123556243398,False
100,0.00015848931924611142,0.01584893192461114,0.9842747651810694,0.015725234818930622,False
100,0.0001995262314968881,0.01995262314968881,0.98024316166197,0.01975683833802999,False
100,0.0002511886431509582,0.025118864315095822,0.9751909123338154,0.024809087666184615,False
100,0.00031622776601683794,0.03162277660168379,0.9688671489706996,0.031132851029300412,False
100,0.00039810717055349735,0.039810717055349734,0.9609637002432169,0.03903629975678313,False
100,0.0005011872336272725,0.050118723362727255,0.9511045486475014,0.04889545135249862,False
100,0.0006309573444801936,0.06309573444801936,0.9388348928607363,0.06116510713926371,False
100,0.0007943282347242822,0.07943282347242822,0.9236109109631251,0.07638908903687491,False
100,0.001,0.1,0.9047921471137089,0.09520785288629108,False
100,0.0012589254117941675,0.12589254117941676,0.8816396624653418,0.11836033753465824,False
100,0.001584893192461114,0.1584893192461114,0.853324786174961,0.146675213825039,False
100,0.0019952623149688807,0.19952623149688806,0.8189554843616216,0.18104451563837842,False
100,0.002511886431509582,0.2511886431509582,0.7776298407530512,0.2223701592469488,False
100,0.0031622776601683794,0.31622776601683794,0.7285282887368694,0.27147171126313063,False
100,0.003981071705534973,0.3981071705534973,0.6710566451039589,0.3289433548960411,False
100,0.005011872336272725,0.5011872336272725,0.6050480581795824,0.3949519418204176,False
100,0.006309573444801936,0.6309573444801936,0.5310196285808173,0.4689803714191827,False
100,0.00794328234724282,0.794328234724282,0.4504537693964246,0.5495462306035754,False
100,0.01,1.0,0.3660323412732292,0.6339676587267709,False
200,1e-06,0.00019999999999999998,0.999800019898681,0.00019998010131905275,False
200,1.2589254117941661e-06,0.0002517850823588332,0.9997482464543928,0.0002517535456072473,False
200,1.584893192461114e-06,0.00031697863849222284,0.999683071342819,0.0003169286571810259,False
200,1.9952623149688787e-06,0.00039905246299377575,0.9996010267499104,0.00039897325008964035,False
200,2.5118864315095823e-06,0.0005023772863019165,0.9994977482533938,0.0005022517466062304,False
200,3.162277660168379e-06,0.0006324555320336759,0.9993677434264384,0.0006322565735615848,False
200,3.981071705534969e-06,0.0007962143411069938,0.9992041009697883,0.0007958990302117108,False
200,5.011872336272725e-06,0.001002374467254545,0.9989981252328418,0.001001874767158184,False
200,6.30957344480193e-06,0.001261914688960386,0.9987388772144948,0.0012611227855051643,False
200,7.943282347242822e-06,0.0015886564694485644,0.9984125984776714,0.001587401522328613,False
200,1e-05,0.002,0.9980019886872556,0.001998011312744352,False
200,1.2589254117941661e-05,0.0025178508235883324,0.9974853004949082,0.0025146995050917553,False
200,1.584893192461114e-05,0.003169786384922228,0.9968352070444112,0.003164792955588802,False
200,1.9952623149688786e-05,0.003990524629937757,0.9960173872802932,0.003982612719706791,False
200,2.5118864315095822e-05,0.005023772863019164,0.9949887623978722,0.005011237602127849,False
200,3.1622776601683795e-05,0.006324555320336759,0.9936953032109028,0.006304696789097175,False
200,3.9810717055349695e-05,0.007962143411069938,0.9920693132557428,0.007930686744257232,False
200,5.011872336272725e-05,0.010023744672545451,0.9900260769275191,0.009973923072480906,False
200,6.309573444801929e-05,0.012619146889603859,0.987459747548819,0.012540252451180955,False
200,7.943282347242822e-05,0.015886564694485645,0.984238340124906,0.015761659875094036,False
200,0.0001,0.02,0.9801976930432228,0.019802306956777205,False
200,0.00012589254117941674,0.02517850823588335,0.9751342811001528,0.024865718899847233,False
200,0.00015848931924611142,0.03169786384922228,0.9687968133722493,0.03120318662775068,False
200,0.0001995262314968881,0.03990524629937762,0.960876655985055,0.039123344014944994,False
200,0.0002511886431509582,0.050237728630191644,0.9509973154984591,0.04900268450154088,False
200,0.00031622776601683794,0.06324555320336758,0.9387035523546118,0.06129644764538822,False
200,0.00039810717055349735,0.07962143411069947,0.9234512331851352,0.07654876681486478,False
200,0.0005011872336272725,0.10023744672545451,0.9045998624579672,0.0954001375420328,False
200,0.0006309573444801936,0.12619146889603872,0.8814109560528303,0.11858904394716974,False
200,0.0007943282347242822,0.15886564694485644,0.8530571148501337,0.1469428851498663,False
200,0.001,0.2,0.8186488294786356,0.1813511705213644,False
200,0.0012589254117941675,0.2517850823588335,0.7772884944320018,0.22271150556799824,False
200,0.001584893192461114,0.3169786384922228,0.7281631907005428,0.2718368092994572,False
200,0.0019952623149688807,0.3990524629937761,0.6706880853659782,0.32931191463402176,False
200,0.002511886431509582,0.5023772863019164,0.6047081692296157,0.3952918307703843,False
200,0.0031622776601683794,0.6324555320336759,0.5307534674898713,0.4692465325101287,False
200,0.003981071705534973,0.7962143411069946,0.4503170209381807,0.5496829790618193,False
200,0.005011872336272725,1.002374467254545,0.3660831527068833,0.6339168472931167,False
200,0.006309573444801936,1.2619146889603872,0.28198184593810915,0.7180181540618908,False
200,0.00794328234724282,1.588656469448564,0.2029085983634473,0.7970914016365527,False
200,0.01,2.0,0.13397967485796172,0.8660203251420383,False
300,1e-06,0.0003,0.9997000448455367,0.0002999551544633494,False
300,1.2589254117941661e-06,0.0003776776235382498,0.9996223934500295,0.0003776065499705439,False
300,1.584893192461114e-06,0.0004754679577383342,0.9995246446826335,0.0004753553173665326,False
300,1.9952623149688787e-06,0.0005985786944906637,0.9994015998212058,0.0005984001787942006,False
300,2.5118864315095823e-06,0.0007535659294528747,0.999246716984317,0.0007532830156830039,False
300,3.162277660168379e-06,0.0009486832980505137,0.9990517650610984,0.0009482349389016154,False
300,3.981071705534969e-06,0.0011943215116604908,0.9988063890319271,0.0011936109680729112,False
300,5.011872336272725e-06,0.0015035617008818175,0.998497564319532,0.0015024356804680394,False
300,6.30957344480193e-06,0.001892872033440579,0.9981089123586647,0.0018910876413352762,False
300,7.943282347242822e-06,0.0023829847041728467,0.9976198429080035,0.00238015709199646,False
300,1e-05,0.003,0.9970044805482196,0.0029955194517804484,False
300,1.2589254117941661e-05,0.003776776235382498,0.9962303231297911,0.0037696768702089045,False
300,1.584893192461114e-05,0.004754679577383342,0.9952565685180347,0.004743431481965321,False
300,1.9952623149688786e-05,0.0059857869449066355,0.9940320328259407,0.005967967174059341,False
300,2.5118864315095822e-05,0.007535659294528747,0.992492568665285,0.007507431334714987,False
300,3.1622776601683795e-05,0.009486832980505138,0.9905578764670201,0.009442123532979907,False
300,3.9810717055349695e-05,0.011943215116604908,0.9881275870742143,0.01187241292578567,False
300,5.011872336272725e-05,0.015035617008818175,0.9850764823147593,0.014923517685240695,False
300,6.309573444801929e-05,0.018928720334405787,0.9812487168842127,0.01875128311578733,False
300,7.943282347242822e-05,0.023829847041728466,0.9764509175953693,0.023549082404630717,False
300,0.0001,0.030000000000000002,0.9704440777842511,0.029555922215748875,False
300,0.00012589254117941674,0.03776776235382502,0.9629342556253802,0.03706574437461985,False
300,0.00015848931924611142,0.047546795773833424,0.953562255990139,0.046437744009861004,False
300,0.0001995262314968881,0.05985786944906643,0.9418927712299714,0.05810722877002861,False
300,0.0002511886431509582,0.07535659294528747,0.9274039397279515,0.07259606027204846,False
300,0.00031622776601683794,0.09486832980505139,0.9094790344984806,0.09052096550151945,False
300,0.00039810717055349735,0.1194321511660492,0.8874031140357493,0.11259688596425066,False
300,0.0005011872336272725,0.15035617008818175,0.8603690438896767,0.13963095611032328,False
300,0.0006309573444801936,0.1892872033440581,0.827499360492138,0.17250063950786199,False
300,0.0007943282347242822,0.23829847041728466,0.7878928589503073,0.21210714104969275,False
300,0.001,0.3,0.7407070321560992,0.25929296784390077,False
300,0.0012589254117941675,0.37767762353825024,0.6852883658692237,0.3147116341307763,False
300,0.001584893192461114,0.4754679577383342,0.6213596990050181,0.3786403009949819,False
300,0.0019952623149688807,0.5985786944906641,0.5492636858064632,0.45073631419353677,False
300,0.002511886431509582,0.7535659294528746,0.47023911734009516,0.5297608826599048,False
300,0.0031622776601683794,0.9486832980505138,0.38666891541155557,0.6133310845884444,False
300,0.003981071705534973,1.194321511660492,0.30218822930398476,0.6978117706960152,False
300,0.005011872336272725,1.5035617008818174,0.22149790067755926,0.7785020993224407,False
300,0.006309573444801936,1.8928720334405809,0.14973789509658797,0.850262104903412,False
300,0.00794328234724282,2.3829847041728462,0.09140094297576004,0.9085990570242399,False
300,0.01,3.0,0.04904089407128572,0.9509591059287142,False
400,1e-06,0.00039999999999999996,0.9996000797894028,0.0003999202105972044,False
400,1.2589254117941661e-06,0.0005035701647176664,0.9994965562886333,0.0005034437113666801,False
400,1.584893192461114e-06,0.0006339572769844457,0.9993662431294117,0.000633756870588309,False
400,1.9952623149688787e-06,0.0007981049259875515,0.9992022126794751,0.0007977873205249342,False
400,2.5118864315095823e-06,0.001004754572603833,0.9989957487636044,0.0010042512363955813,False
400,3.162277660168379e-06,0.0012649110640673518,0.9987358866012516,0.0012641133987484343,False
400,3.981071705534969e-06,0.0015924286822139877,0.9984088353948428,0.0015911646051571804,False
400,5.011872336272725e-06,0.00200474893450909,0.9979972542187326,0.0020027457812673566,False
400,6.30957344480193e-06,0.002523829377920772,0.9974793448596698,0.0025206551403301747,False
400,7.943282347242822e-06,0.0031773129388971287,0.9968277167989358,0.003172283201064219,False
400,1e-05,0.004,0.9960079694237172,0.0039920305762828345,False
400,1.2589254117941661e-05,0.005035701647176665,0.9949769247034174,0.005023075296582635,False
400,1.584893192461114e-05,0.006339572769844456,0.9936804300032742,0.006319569996725782,False
400,1.9952623149688786e-05,0.007981049259875514,0.9920506357646616,0.00794936423533843,False
400,2.5118864315095822e-05,0.010047545726038328,0.9900026372980493,0.00999736270195073,False
400,3.1622776601683795e-05,0.012649110640673518,0.9874303556234082,0.012569644376591804,False
400,3.9810717055349695e-05,0.015924286822139876,0.9842015223037209,0.015798477696279067,False
400,5.011872336272725e-05,0.020047489345090902,0.980151632996494,0.019848367003506007,False
400,6.309573444801929e-05,0.025238293779207718,0.9750767530291775,0.024923246970822488,False
400,7.943282347242822e-05,0.03177312938897129,0.9687251101718302,0.03127488982816984,False
400,0.0001,0.04,0.9607875174472561,0.0392124825527439,False
400,0.00012589254117941674,0.0503570164717667,0.9508868661767117,0.0491131338232883,False
400,0.00015848931924611142,0.06339572769844457,0.9385672656002249,0.061432734399775146,False
400,0.0001995262314968881,0.07981049259875524,0.9232839480170217,0.07671605198297826,False
400,0.0002511886431509582,0.10047545726038329,0.9043958940852758,0.09560410591472424,False
400,0.00031622776601683794,0.12649110640673517,0.8811643592031675,0.11883564079683251,False
400,0.00039810717055349735,0.15924286822139894,0.852762180071147,0.147237819928853,False
400,0.0005011872336272725,0.20047489345090902,0.8183009111589733,0.1816990888410267,False
400,0.0006309573444801936,0.25238293779207743,0.7768852734499642,0.22311472655003584,False
400,0.0007943282347242822,0.3177312938897129,0.7277064411964342,0.27229355880356576,False
400,0.001,0.4,0.6701859060067401,0.3298140939932599,False
400,0.0012589254117941675,0.503570164717667,0.6041774035763681,0.39582259642363193,False
400,0.001584893192461114,0.6339572769844456,0.5302216322911951,0.4697783677088049,False
400,0.0019952623149688807,0.7981049259875522,0.44982250785188166,0.5501774921481184,False
400,0.002511886431509582,1.0047545726038327,0.3656719699330335,0.6343280300669665,False
400,0.0031622776601683794,1.2649110640673518,0.2816992432525219,0.7183007567474782,False
400,0.003981071705534973,1.5924286822139893,0.20278541934663788,0.7972145806533621,False
400,0.005011872336272725,2.00474893450909,0.13401687469581122,0.8659831253041887,False
400,0.006309573444801936,2.5238293779207743,0.07951376143866352,0.9204862385613365,False
400,0.00794328234724282,3.177312938897128,0.04117189928981877,0.9588281007101812,False
400,0.01,4.0,0.017950553275045137,0.9820494467249549,False
500,1e-06,0.0005,0.9995001247292797,0.0004998752707202625,False
500,1.2589254117941661e-06,0.0006294627058970831,0.9993707349682099,0.0006292650317900605,False
500,1.584893192461114e-06,0.000792446596230557,0.9992078666791748,0.0007921333208251724,False
500,1.9952623149688787e-06,0.0009976311574844395,0.9990028653167804,0.0009971346832196026,False
500,2.5118864315095823e-06,0.0012559432157547912,0.998744843575421,0.0012551564245789626,False
500,3.162277660168379e-06,0.0015811388300841897,0.9984201080153101,0.0015798919846898851,False
500,3.981071705534969e-06,0.0019905358527674845,0.9980114399955273,0.0019885600044726726,False
500,5.011872336272725e-06,0.0025059361681363623,0.9974971948047713,0.002502805195228719,False
500,6.30957344480193e-06,0.0031547867224009647,0.9968501744668734,0.0031498255331265934,False
500,7.943282347242822e-06,0.003971641173621411,0.9960362196506661,0.0039637803493338675,False
500,1e-05,0.005,0.9950124543172274,0.004987545682772598,False
500,1.2589254117941661e-05,0.0062946270589708305,0.9937251032292592,0.006274896770740779,False
500,1.584893192461114e-05,0.00792446596230557,0.9921067875409854,0.007893212459014642,False
500,1.9952623149688786e-05,0.009976311574844392,0.990073188208212,0.009926811791788004,False
500,2.5118864315095822e-05,0.012559432157547911,0.9875189525853572,0.012481047414642843,False
500,3.1622776601683795e-05,0.0158113883008419,0.9843127094038436,0.015687290596156367,False
500,3.9810717055349695e-05,0.019905358527674846,0.98029105671777,0.01970894328223005,False
500,5.011872336272725e-05,0.025059361681363624,0.9752514052596418,0.024748594740358176,False
500,6.309573444801929e-05,0.031547867224009644,0.9689436102570873,0.031056389742912693,False
500,7.943282347242822e-05,0.03971641173621411,0.9610604303475077,0.038939569652492345,False
500,0.0001,0.05,0.9512270462715808,0.048772953728419166,False
500,0.00012589254117941674,0.06294627058970838,0.9389902031059657,0.061009796894034296,False
500,0.00015848931924611142,0.07924465962305571,0.9238080749552998,0.07619192504470018,False
500,0.0001995262314968881,0.09976311574844404,0.9050427763159513,0.09495722368404869,False
500,0.0002511886431509582,0.12559432157547912,0.8819586570639768,0.1180413429360232,False
500,0.00031622776601683794,0.15811388300841897,0.8537312004757663,0.14626879952423366,False
500,0.00039810717055349735,0.19905358527674868,0.8194734999886419,0.18052650001135806,False
500,0.0005011872336272725,0.2505936168136363,0.7782897187656944,0.22171028123430558,False
500,0.0006309573444801936,0.3154786722400968,0.7293670024644809,0.27063299753551906,False
500,0.0007943282347242822,0.3971641173621411,0.6721176090671724,0.32788239093282756,False
500,0.001,0.5,0.6063789448611847,0.3936210551388153,False
500,0.0012589254117941675,0.6294627058970838,0.5326667621582557,0.4673332378417443,False
500,0.001584893192461114,0.792446596230557,0.45245126100022287,0.5475487389997771,False
500,0.0019952623149688807,0.9976311574844403,0.3683846097945971,0.6316153902054029,False
500,0.002511886431509582,1.255943215754791,0.2843574357468794,0.7156425642531206,False
500,0.0031622776601683794,1.5811388300841898,0.20522586762523087,0.7947741323747691,False
500,0.003981071705534973,1.9905358527674868,0.13608050318275425,0.8639194968172458,False
500,0.005011872336272725,2.5059361681363623,0.08108664979799698,0.918913350202003,False
500,0.006309573444801936,3.154786722400968,0.042223368066222816,0.9577766319337772,False
500,0.00794328234724282,3.9716411736214106,0.018546037228308845,0.9814539627716912,False
500,0.01,5.0,0.006570483042414603,0.9934295169575854,False
600,1e-06,0.0006,0.9994001796641679,0.0005998203358320575,False
600,1.2589254117941661e-06,0.0007553552470764996,0.9992449294867654,0.0007550705132346458,False
600,1.584893192461114e-06,0.0009509359154766684,0.9990495153279447,0.000950484672055274,False
600,1.9952623149688787e-06,0.0011971573889813273,0.9988035577251856,0.0011964422748144132,False
600,2.5118864315095823e-06,0.0015071318589057494,0.9984940014039356,0.001505998596064373,False
600,3.162277660168379e-06,0.0018973665961010274,0.9981044292716961,0.0018955707283039303,False
600,3.981071705534969e-06,0.0023886430233209816,0.9976142027709972,0.002385797229002784,False
600,5.011872336272725e-06,0.003007123401763635,0.9969973859520378,0.0030026140479622043,False
600,6.30957344480193e-06,0.003785744066881158,0.9962214009297966,0.0037785990702033923,False
600,7.943282347242822e-06,0.004765969408345693,0.9952453509637897,0.004754649036210257,False
600,1e-05,0.006,0.9940179342332252,0.005982065766774847,False
600,1.2589254117941661e-05,0.007553552470764996,0.9924748567232881,0.007525143276711943,False
600,1.584893192461114e-05,0.009509359154766684,0.9905356371782934,0.009464362821706596,False
600,1.9952623149688786e-05,0.011971573889813271,0.988099682284072,0.011900317715928033,False
600,2.5118864315095822e-05,0.015071318589057494,0.9850414988558156,0.0149585011441844,False
600,3.1622776601683795e-05,0.018973665961010275,0.9812049066308522,0.018795093369147753,False
600,3.9810717055349695e-05,0.023886430233209816,0.976396128337109,0.02360387166289102,False
600,5.011872336272725e-05,0.03007123401763635,0.9703756760096204,0.02962432399037962,False
600,6.309573444801929e-05,0.037857440668811575,0.9628490443869139,0.03715095561308612,False
600,7.943282347242822e-05,0.04765969408345693,0.9534563944728387,0.0465436055271613,False
600,0.0001,0.060000000000000005,0.9417617081065256,0.0582382918934744,False
600,0.00012589254117941674,0.07553552470765004,0.9272423806568049,0.07275761934319513,False
600,0.00015848931924611142,0.09509359154766685,0.9092809760490035,0.09071902395099651,False
600,0.0001995262314968881,0.11971573889813286,0.8871619924952752,0.11283800750472484,False
600,0.0002511886431509582,0.15071318589057495,0.860078067422926,0.13992193257707397,False
600,0.00031622776601683794,0.18973665961010278,0.8271521141922885,0.1728478858077115,False
600,0.00039810717055349735,0.2388643023320984,0.7874842868003451,0.2125157131996549,False
600,0.0005011872336272725,0.3007123401763635,0.7402348916836365,0.25976510831636346,False
600,0.0006309573444801936,0.3785744066881162,0.6847551916148974,0.3152448083851026,False
600,0.0007943282347242822,0.4765969408345693,0.6207751571848886,0.3792248428151114,False
600,0.001,0.6,0.5486469074854967,0.4513530925145033,False
600,0.0012589254117941675,0.7553552470765005,0.46962014439571104,0.5303798556042889,False
600,0.001584893192461114,0.9509359154766684,0.3860878755476066,0.6139121244523934,False
600,0.0019952623149688807,1.1971573889813283,0.3016905965457012,0.6983094034542988,False
600,0.002511886431509582,1.5071318589057492,0.2211248274767918,0.7788751725232081,False
600,0.0031622776601683794,1.8973665961010275,0.14951285014554874,0.8504871498544513,False
600,0.003981071705534973,2.388643023320984,0.09131772592987768,0.9086822740701224,False
600,0.005011872336272725,3.007123401763635,0.0490613200045659,0.9509386799954341,False
600,0.006309573444801936,3.7857440668811617,0.02242143722795678,0.9775785627720432,False
600,0.00794328234724282,4.7659694083456925,0.008354132376858139,0.9916458676231419,False
600,0.01,6.0,0.0024050092913110673,0.997594990708689,False
700,1e-06,0.0007,0.9993002445930679,0.0006997554069321232,False
700,1.2589254117941661e-06,0.0008812477882559163,0.9991191398423056,0.0008808601576943964,False
700,1.584893192461114e-06,0.0011094252347227799,0.9988911890717436,0.0011088109282564318,False
700,1.9952623149688787e-06,0.0013966836204782152,0.9986042898967561,0.0013957101032439079,False
700,2.5118864315095823e-06,0.0017583205020567077,0.9982432222333212,0.0017567777666788187,False
700,3.162277660168379e-06,0.0022135943621178654,0.9977888503388413,0.002211149661158651,False
700,3.981071705534969e-06,0.0027867501938744783,0.9972171236582946,0.002782876341705376,False
700,5.011872336272725e-06,0.0035083106353909076,0.9964978275349853,0.003502172465014719,False
700,6.30957344480193e-06,0.004416701411361351,0.9955930239981186,0.004406976001881446,False
700,7.943282347242822e-06,0.005560297643069975,0.9944551102392982,0.005544889760701777,False
700,1e-05,0.007,0.9930244081771802,0.0069755918228198155,False
700,1.2589254117941661e-05,0.008812477882559162,0.9912261832039714,0.008773816796028622,False
700,1.584893192461114e-05,0.0110942523472278,0.9889669749685839,0.011033025031416122,False
700,1.9952623149688786e-05,0.013966836204782151,0.9861301101354133,0.013869889864586704,False
700,2.5118864315095822e-05,0.017583205020567077,0.9825702604773475,0.017429739522652477,False
700,3.1622776601683795e-05,0.022135943621178655,0.9781069162253977,0.021893083774602307,False
700,3.9810717055349695e-05,0.027867501938744786,0.9725166754287443,0.027483324571255685,False
700,5.011872336272725e-05,0.03508310635390908,0.9655243227672533,0.03447567723274669,False
700,6.309573444801929e-05,0.044167014113613505,0.9567928127735048,0.04320718722649519,False
700,7.943282347242822e-05,0.05560297643069975,0.9459125227249587,0.05408747727504126,False
700,0.0001,0.07,0.9323905563157225,0.06760944368427746,False
700,0.00012589254117941674,0.08812477882559172,0.9156415366658223,0.08435846333417774,False
700,0.00015848931924611142,0.110942523472278,0.8949823191842465,0.10501768081575347,False
700,0.0001995262314968881,0.13966836204782165,0.8696344764299014,0.13036552357009856,False
700,0.0002511886431509582,0.17583205020567075,0.838740315248468,0.16125968475153196,False
700,0.00031622776601683794,0.22135943621178655,0.8014005106425691,0.19859948935743088,False
700,0.00039810717055349735,0.27867501938744815,0.7567438141270503,0.24325618587294973,False
700,0.0005011872336272725,0.35083106353909077,0.7040407725478971,0.2959592274521029,False
700,0.0006309573444801936,0.44167014113613556,0.6428720669556052,0.35712793304439483,False
700,0.0007943282347242822,0.5560297643069976,0.5733547084308122,0.42664529156918785,False
700,0.001,0.7000000000000001,0.49641141343109896,0.503588586568901,False
700,0.0012589254117941675,0.8812477882559172,0.4140357455919597,0.5859642544080403,False
700,0.001584893192461114,1.1094252347227798,0.32945835384640637,0.6705416461535936,False
700,0.0019952623149688807,1.3966836204782165,0.2470711686214313,0.7529288313785687,False
700,0.002511886431509582,1.7583205020567074,0.1719532643773235,0.8280467356226765,False
700,0.0031622776601683794,2.2135943621178655,0.10892434086070861,0.8910756591392914,False
700,0.003981071705534973,2.7867501938744814,0.06127936680102652,0.9387206331989735,False
700,0.005011872336272725,3.5083106353909073,0.029684456400489695,0.9703155435995103,False
700,0.006309573444801936,4.416701411361355,0.01190622326903772,0.9880937767309623,False
700,0.00794328234724282,5.560297643069974,0.0037631504191924605,0.9962368495808075,False
700,0.01,7.0,0.0008803111816824596,0.9991196888183176,False
800,1e-06,0.0007999999999999999,0.9992003195149803,0.0007996804850196604,False
800,1.2589254117941661e-06,0.0010071403294353329,0.9989933660328371,0.0010066339671629398,False
800,1.584893192461114e-06,0.0012679145539688914,0.9987328879065944,0.0012671120934055757,False
800,1.9952623149688787e-06,0.001596209851975103,0.9984050618235588,0.0015949381764411852,False
800,2.5118864315095823e-06,0.002009509145207666,0.9979925060477546,0.0020074939522454205,False
800,3.162277660168379e-06,0.0025298221281347035,0.9974733711851881,0.0025266288148119154,False
800,3.981071705534969e-06,0.0031848573644279753,0.9968202025944863,0.0031797974055136624,False
800,5.011872336272725e-06,0.00400949786901818,0.9959985194281298,0.0040014805718702195,False
800,6.30957344480193e-06,0.005047658755841544,0.9949650434216762,0.005034956578323757,False
800,7.943282347242822e-06,0.0063546258777942575,0.9936654969785793,0.00633450302142069,False
800,1e-05,0.008,0.9920318751555564,0.007968124844443647,False
800,1.2589254117941661e-05,0.01007140329435333,0.9899790806922699,0.01002091930773008,False
800,1.584893192461114e-05,0.012679145539688913,0.987400796971492,0.012599203028508033,False
800,1.9952623149688786e-05,0.015962098519751028,0.9841644639210692,0.015835536078930845,False
800,2.5118864315095822e-05,0.020095091452076656,0.9801052218570929,0.019894778142907077,False
800,3.1622776601683795e-05,0.025298221281347035,0.9750187072065704,0.024981292793429644,False
800,3.9810717055349695e-05,0.03184857364427975,0.9686526365049618,0.031347363495038194,False
800,5.011872336272725e-05,0.040094978690181804,0.9606972236656938,0.03930277633430623,False
800,6.309573444801929e-05,0.050476587558415435,0.9507746742979236,0.049225325702076383,False
800,7.943282347242822e-05,0.06354625877794258,0.9384283390774244,0.0615716609225756,False
800,0.0001,0.08,0.9231126536824614,0.07688734631753857,False
800,0.00012589254117941674,0.1007140329435334,0.9041858322673676,0.0958141677326324,False
800,0.00015848931924611142,0.12679145539688913,0.8809085120562832,0.11909148794371682,False
800,0.0001995262314968881,0.15962098519751047,0.8524532486658984,0.14754675133410156,False
800,0.0002511886431509582,0.20095091452076658,0.8179319332383054,0.18206806676169462,False
800,0.00031622776601683794,0.25298221281347033,0.7764506279299287,0.2235493720700713,False
800,0.00039810717055349735,0.3184857364427979,0.7272033357596954,0.2727966642403046,False
800,0.0005011872336272725,0.40094978690181804,0.6696163812036059,0.3303836187963941,False
800,0.0006309573444801936,0.5047658755841549,0.6035507281034256,0.3964492718965744,False
800,0.0007943282347242822,0.6354625877794258,0.5295566645587794,0.47044333544122063,False
800,0.001,0.8,0.4491491486100751,0.5508508513899248,False
800,0.0012589254117941675,1.007140329435334,0.3650303349922815,0.6349696650077186,False
800,0.001584893192461114,1.2679145539688912,0.2811349793495393,0.7188650206504608,False
800,0.0019952623149688807,1.5962098519751045,0.20234028857015615,0.7976597114298438,False
800,0.002511886431509582,2.0095091452076654,0.13371598959470538,0.8662840104052947,False
800,0.0031622776601683794,2.5298221281347035,0.0793544636490435,0.9206455363509565,False
800,0.003981071705534973,3.1848573644279785,0.04112192629959177,0.9588780737004082,False
800,0.005011872336272725,4.00949786901818,0.017960522703232767,0.9820394772967672,False
800,0.006309573444801936,5.047658755841549,0.006322438258124694,0.9936775617418753,False
800,0.00794328234724282,6.354625877794256,0.0016951252911309794,0.998304874708869,False
800,0.01,8.0,0.0003222223628802337,0.9996777776371197,False
900,1e-06,0.0009,0.999100404428906,0.0008995955710939807,False
900,1.2589254117941661e-06,0.0011330328706147495,0.9988676080563663,0.0011323919436336816,False
900,1.584893192461114e-06,0.0014264038732150026,0.998574611828521,0.0014253881714789696,False
900,1.9952623149688787e-06,0.0017957360834719909,0.9982058734976625,0.0017941265023374564,False
900,2.5118864315095823e-06,0.002260697788358624,0.9977418528314167,0.002258147168583302,False
900,3.162277660168379e-06,0.0028460498941515412,0.9971579917791882,0.0028420082208118203,False
900,3.981071705534969e-06,0.003582964534981472,0.9964234395166645,0.0035765604833355447,False
900,5.011872336272725e-06,0.004510685102645452,0.9954994615060501,0.004500538493949935,False
900,6.30957344480193e-06,0.005678616100321737,0.9943374589504645,0.005662541049535452,False
900,7.943282347242822e-06,0.0071489541125185395,0.9928765106834169,0.0071234893165831314,False
900,1e-05,0.009000000000000001,0.9910403341758109,0.008959665824189056,False
900,1.2589254117941661e-05,0.011330328706147495,0.9887335472116343,0.011266452788365688,False
900,1.584893192461114e-05,0.014264038732150028,0.9858370992528933,0.014162900747106688,False
900,1.9952623149688786e-05,0.017957360834719906,0.9822027358155022,0.017797264184497785,False
900,2.5118864315095822e-05,0.02260697788358624,0.9776463674413108,0.022353632558689163,False
900,3.1622776601683795e-05,0.028460498941515415,0.9719402486912777,0.02805975130872229,False
900,3.9810717055349695e-05,0.035829645349814726,0.9648039503223524,0.035196049677647556,False
900,5.011872336272725e-05,0.04510685102645453,0.9558942574473634,0.04410574255263655,False
900,6.309573444801929e-05,0.056786161003217366,0.9447943893578495,0.05520561064215046,False
900,7.943282347242822e-05,0.0714895411251854,0.9310033712701759,0.06899662872982415,False
900,0.0001,0.09000000000000001,0.9139270723159584,0.08607292768404162,False
900,0.00012589254117941674,0.11330328706147506,0.8928734516020658,0.10712654839793423,False
900,0.00015848931924611142,0.14264038732150028,0.8670560188502033,0.13294398114979666,False
900,0.0001995262314968881,0.1795736083471993,0.8356114676412778,0.1643885323587222,False
900,0.0002511886431509582,0.2260697788358624,0.7976397882016244,0.2023602117983756,False
900,0.00031622776601683794,0.28460498941515416,0.7522775061989795,0.24772249380102052,False
900,0.00039810717055349735,0.3582964534981476,0.6988160083608475,0.30118399163915255,False
900,0.0005011872336272725,0.45106851026454525,0.6368751860116287,0.36312481398837126,False
900,0.0006309573444801936,0.5678616100321743,0.566634483154999,0.433365516845001,False
900,0.0007943282347242822,0.714895411251854,0.48910431335972826,0.5108956866402717,False
900,0.001,0.9,0.4063866225452042,0.5936133774547958,False
900,0.0012589254117941675,1.1330328706147508,0.3218252213322057,0.6781747786677943,False
900,0.001584893192461114,1.4264038732150026,0.2398994461397477,0.7601005538602523,False
900,0.0019952623149688807,1.7957360834719927,0.1657076890318425,0.8342923109681575,False
900,0.002511886431509582,2.2606977883586237,0.10398154369466739,0.8960184563053326,False
900,0.0031622776601683794,2.8460498941515415,0.05781197160586977,0.9421880283941302,False
900,0.003981071705534973,3.582964534981476,0.02759514190281631,0.9724048580971837,False
900,0.005011872336272725,4.510685102645452,0.010866979385481288,0.9891330206145187,False
900,0.006309573444801936,5.678616100321743,0.0033573388155545246,0.9966426611844454,False
900,0.00794328234724282,7.148954112518538,0.0007635755769891614,0.9992364244230109,False
900,0.01,9.0,0.00011794380589564399,0.9998820561941043,False
1000,1e-06,0.001,0.9990004993338457,0.000999500666154285,False
1000,1.2589254117941661e-06,0.0012589254117941662,0.9987418659109002,0.001258134089099805,False
1000,1.584893192461114e-06,0.001584893192461114,0.9984163608335477,0.001583639166452322,False
1000,1.9952623149688787e-06,0.001995262314968879,0.9980067249111372,0.0019932750888628226,False
1000,2.5118864315095823e-06,0.0025118864315095825,0.9974912625684922,0.0025087374315078126,False
1000,3.162277660168379e-06,0.0031622776601683794,0.9968427120893035,0.0031572879106964713,False
1000,3.981071705534969e-06,0.003981071705534969,0.996026834361946,0.003973165638054055,False
1000,5.011872336272725e-06,0.005011872336272725,0.9950006536433879,0.004999346356612144,False
1000,6.30957344480193e-06,0.006309573444801929,0.9937102703346361,0.006289729665363897,False
1000,7.943282347242822e-06,0.007943282347242822,0.99208815085599,0.007911849144009997,False
1000,1e-05,0.01,0.9900497842463927,0.009950215753607328,False
1000,1.2589254117941661e-05,0.012589254117941661,0.987489580788002,0.012510419211998025,False
1000,1.584893192461114e-05,0.01584893192461114,0.9842758778848939,0.0157241221151061,False
1000,1.9952623149688786e-05,0.019952623149688785,0.9802449180087737,0.01975508199122633,False
1000,2.5118864315095822e-05,0.025118864315095822,0.9751936817152809,0.02480631828471913,False
1000,3.1622776601683795e-05,0.0316227766016838,0.9688715098939354,0.031128490106064555,False
1000,3.9810717055349695e-05,0.03981071705534969,0.960970555880842,0.039029444119157986,False
1000,5.011872336272725e-05,0.05011872336272725,0.9511153034609061,0.048884696539093886,False
1000,6.309573444801929e-05,0.06309573444801929,0.9388517198580384,0.06114828014196161,False
1000,7.943282347242822e-05,0.07943282347242822,0.9236371507797366,0.07636284922026337,False
1000,0.0001,0.1,0.9048328935585562,0.09516710644144377,False
1000,0.00012589254117941674,0.12589254117941676,0.8817026015289827,0.11829739847101728,False
1000,0.00015848931924611142,0.15848931924611143,0.8534213593526168,0.14657864064738324,False
1000,0.0001995262314968881,0.19952623149688808,0.8191024269616851,0.18089757303831488,False
1000,0.0002511886431509582,0.25118864315095824,0.7778510727700934,0.22214892722990665,False
1000,0.00031622776601683794,0.31622776601683794,0.728856962665793,0.27114303733420697,False
1000,0.00039810717055349735,0.39810717055349737,0.6715368171836348,0.3284631828163652,False
1000,0.0005011872336272725,0.5011872336272726,0.6057348863363836,0.3942651136636164,False
1000,0.0006309573444801936,0.6309573444801936,0.5319762242840221,0.46802377571597786,False
1000,0.0007943282347242822,0.7943282347242822,0.45174208041817243,0.5482579195818276,False
1000,0.001,1.0,0.36769542477096373,0.6323045752290363,False
1000,0.0012589254117941675,1.2589254117941675,0.28373387950815976,0.7162661204918402,False
1000,0.001584893192461114,1.584893192461114,0.20471214358069179,0.7952878564193082,False
1000,0.0019952623149688807,1.9952623149688806,0.13570722073351754,0.8642927792664825,False
1000,0.002511886431509582,2.511886431509582,0.08085915126454063,0.9191408487354593,False
1000,0.0031622776601683794,3.1622776601683795,0.042117656742528785,0.9578823432574712,False
1000,0.003981071705534973,3.9810717055349736,0.018517903346471593,0.9814820966535284,False
1000,0.005011872336272725,5.011872336272725,0.006575044775463005,0.993424955224537,False
1000,0.006309573444801936,6.309573444801936,0.0017828128108557245,0.9982171871891443,False
1000,0.00794328234724282,7.943282347242821,0.0003439554968738176,0.9996560445031262,False
1000,0.01,10.0,4.317124741065786e-05,0.9999568287525893,False
1100,1e-06,0.0010999999999999998,0.9989006042288003,0.0010993957711996627,False
1100,1.2589254117941661e-06,0.0013848179529735826,0.9986161395944458,0.0013838604055541603,False
1100,1.584893192461114e-06,0.0017433825117072256,0.9982581349176992,0.0017418650823007864,False
1100,1.9952623149688787e-06,0.0021947885464657668,0.9978076160560546,0.0021923839439453863,False
1100,2.5118864315095823e-06,0.0027630750746605406,0.9972407352431699,0.002759264756830082,False
1100,3.162277660168379e-06,0.003478505426185217,0.9965275320840062,0.00347246791599376,False
1100,3.981071705534969e-06,0.004379178876088466,0.995630387067473,0.004369612932527023,False
1100,5.011872336272725e-06,0.005513059569899998,0.9945020957148476,0.0054979042851524,False
1100,6.30957344480193e-06,0.006940530789282123,0.9930834773245009,0.006916522675499137,False
1100,7.943282347242822e-06,0.008737610581967105,0.9913004169988736,0.008699583001126387,False
1100,1e-05,0.011000000000000001,0.9890602243767417,0.010939775623258319,False
1100,1.2589254117941661e-05,0.013848179529735827,0.9862471794497937,0.013752820550206324,False
1100,1.584893192461114e-05,0.017433825117072255,0.9827171289458198,0.01728287105418025,False
1100,1.9952623149688786e-05,0.021947885464657663,0.9782910027065125,0.02170899729348752,False
1100,2.5118864315095822e-05,0.027630750746605405,0.9727471492032053,0.027252850796794736,False
1100,3.1622776601683795e-05,0.034785054261852175,0.9658124601261595,0.03418753987384049,False
1100,3.9810717055349695e-05,0.043791788760884666,0.9571523924227239,0.042847607577276126,False
1100,5.011872336272725e-05,0.055130595698999973,0.9463602416581572,0.05363975834184276,False
1100,6.309573444801929e-05,0.06940530789282122,0.9329464292008428,0.06705357079915719,False
1100,7.943282347242822e-05,0.08737610581967105,0.9163292127896494,0.0836707872103506,False
1100,0.0001,0.11,0.8958292078938491,0.10417079210615088,False
1100,0.00012589254117941674,0.1384817952973584,0.8706715113413924,0.12932848865860758,False
1100,0.00015848931924611142,0.17433825117072257,0.8400011080773059,0.15999889192269412,False
1100,0.0001995262314968881,0.2194788546465769,0.802919552729915,0.197080447270085,False
1100,0.0002511886431509582,0.27630750746605404,0.7585532973145043,0.24144670268549573,False
1100,0.00031622776601683794,0.3478505426185217,0.7061655674254506,0.29383443257454944,False
1100,0.00039810717055349735,0.4379178876088471,0.6453225046903384,0.35467749530966164,False
1100,0.0005011872336272725,0.5513059569899997,0.5761172056690117,0.4238827943309883,False
1100,0.0006309573444801936,0.694053078928213,0.499437841530149,0.500562158469851,False
1100,0.0007943282347242822,0.8737610581967103,0.4172339144154055,0.5827660855845944,False
1100,0.001,1.1,0.3326879328624075,0.6673120671375925,False
1100,0.0012589254117941675,1.3848179529735842,0.2501510417595559,0.7498489582404442,False
1100,0.001584893192461114,1.7433825117072255,0.1746859461484117,0.8253140538515883,False
1100,0.0019952623149688807,2.1947885464657686,0.11113817268718736,0.8888618273128126,False
1100,0.002511886431509582,2.76307507466054,0.06287848892127161,0.9371215110787284,False
1100,0.0031622776601683794,3.4785054261852175,0.030683904392241366,0.9693160956077587,False
1100,0.003981071705534973,4.379178876088471,0.0124265620940426,0.9875734379059574,False
1100,0.005011872336272725,5.513059569899997,0.003978218073837699,0.9960217819261623,False
1100,0.006309573444801936,6.94053078928213,0.0009467085966497297,0.9990532914033503,False
1100,0.00794328234724282,8.737610581967102,0.0001549360500714313,0.9998450639499286,False
1100,0.01,11.0,1.580207276540893e-05,0.9999841979272346,False
1200,1e-06,0.0012,0.9988007191127711,0.0011992808872288707,False
1200,1.2589254117941661e-06,0.0015107104941529993,0.9984904291050107,0.001509570894989265,False
1200,1.584893192461114e-06,0.0019018718309533368,0.9980999340770011,0.0019000659229988504,False
1200,1.9952623149688787e-06,0.0023943147779626546,0.9976085469244881,0.002391453075511918,False
1200,2.5118864315095823e-06,0.0030142637178114987,0.9969902708396426,0.003009729160357355,False
1200,3.162277660168379e-06,0.003794733192202055,0.9962124517317781,0.0037875482682219186,False
1200,3.981071705534969e-06,0.004777286046641963,0.9952340975704125,0.004765902429587521,False
1200,5.011872336272725e-06,0.00601424680352727,0.9940037875951966,0.005996212404803414,False
1200,6.30957344480193e-06,0.007571488133762316,0.9924570796705265,0.007542920329473457,False
1200,7.943282347242822e-06,0.009531938816691387,0.9905133086150371,0.009486691384962942,False
1200,1e-05,0.012,0.9880716535772883,0.011928346422711678,False
1200,1.2589254117941661e-05,0.015107104941529993,0.9850063412279111,0.014993658772088914,False
1200,1.584893192461114e-05,0.019018718309533368,0.9811608485202078,0.018839151479792204,False
1200,1.9952623149688786e-05,0.023943147779626542,0.976340982129884,0.02365901787011604,False
1200,2.5118864315095822e-05,0.030142637178114988,0.9703067544681118,0.029693245531888235,False
1200,3.1622776601683795e-05,0.03794733192202055,0.9627630687964595,0.037236931203540546,False
1200,3.9810717055349695e-05,0.04777286046641963,0.9533493994316963,0.046650600568303724,False
1200,5.011872336272725e-05,0.0601424680352727,0.9416289525911278,0.05837104740887222,False
1200,6.309573444801929e-05,0.07571488133762315,0.9270782822767932,0.07292171772320677,False
1200,7.943282347242822e-05,0.09531938816691386,0.9090790961611455,0.09092090383885454,False
1200,0.0001,0.12000000000000001,0.8869151148557208,0.11308488514427917,False
1200,0.00012589254117941674,0.15107104941530008,0.859778432486099,0.14022156751390102,False
1200,0.00015848931924611142,0.1901871830953337,0.8267918934046284,0.17320810659537156,False
1200,0.0001995262314968881,0.23943147779626572,0.7870564009281867,0.21294359907181326,False
1200,0.0002511886431509582,0.3014263717811499,0.7397342820619554,0.26026571793804465,False
1200,0.00031622776601683794,0.37947331922020555,0.6841806200127726,0.3158193799872274,False
1200,0.00039810717055349735,0.4777286046641968,0.6201315019574483,0.37986849804255174,False
1200,0.0005011872336272725,0.601424680352727,0.547947694865885,0.452052305134115,False
1200,0.0006309573444801936,0.7571488133762324,0.4688896724435548,0.5311103275564453,False
1200,0.0007943282347242822,0.9531938816691387,0.38536179577792323,0.6146382042220768,False
1200,0.001,1.2,0.3010134290933991,0.6989865709066009,False
1200,0.0012589254117941675,1.510710494153001,0.22054308002224848,0.7794569199777515,False
1200,0.001584893192461114,1.901871830953337,0.14906384764486416,0.8509361523551359,False
1200,0.0019952623149688807,2.3943147779626566,0.09101721604410107,0.9089827839558989,False
1200,0.002511886431509582,3.0142637178114984,0.048896189326640936,0.951103810673359,False
1200,0.0031622776601683794,3.794733192202055,0.022354092358645314,0.9776459076413547,False
1200,0.003981071705534973,4.777286046641968,0.008338927069004255,0.9916610729309957,False
1200,0.005011872336272725,6.01424680352727,0.0024070131205904182,0.9975929868794096,False
1200,0.006309573444801936,7.571488133762323,0.0005027208473672063,0.9994972791526328,False
1200,0.00794328234724282,9.531938816691385,6.979152777006941e-05,0.9999302084722299,False
1200,0.01,12.0,5.784069691292562e-06,0.9999942159303087,False
1300,1e-06,0.0013,0.998700843984759,0.0012991560152409987,False
1300,1.2589254117941661e-06,0.001636603035332416,0.9983647344406024,0.0016352655593976362,False
1300,1.584893192461114e-06,0.0020603611501994485,0.9979417583074797,0.002058241692520335,False
1300,1.9952623149688787e-06,0.0025938410094595425,0.9974095175085125,0.0025904824914875224,False
1300,2.5118864315095823e-06,0.003265452360962457,0.9967398693421071,0.003260130657892879,False
1300,3.162277660168379e-06,0.0041109609582188926,0.995897471001111,0.004102528998888966,False
1300,3.981071705534969e-06,0.00517539321719546,0.9948379658079566,0.005162034192043419,False
1300,5.011872336272725e-06,0.006515434037154542,0.9935057291592649,0.006494270840735061,False
1300,6.30957344480193e-06,0.008202445478242509,0.9918310771233383,0.00816892287666171,False
1300,7.943282347242822e-06,0.010326267051415669,0.9897268252078446,0.010273174792155393,False
1300,1e-05,0.013000000000000001,0.9870840708594516,0.012915929140548399,False
1300,1.2589254117941661e-05,0.01636603035332416,0.9837670641557331,0.016232935844266883,False
1300,1.584893192461114e-05,0.020603611501994485,0.9796070326987956,0.020392967301204434,False
1300,1.9952623149688786e-05,0.025938410094595424,0.9743948485155588,0.025605151484441202,False
1300,2.5118864315095822e-05,0.03265452360962457,0.9678724821117556,0.03212751788824442,False
1300,3.1622776601683795e-05,0.041109609582188934,0.9597233054099321,0.040276694590067885,False
1300,3.9810717055349695e-05,0.051753932171954606,0.9495615166319029,0.05043848336809709,False
1300,5.011872336272725e-05,0.06515434037154542,0.9369213174090043,0.0630786825909957,False
1300,6.309573444801929e-05,0.08202445478242508,0.9212470454552365,0.0787529545447635,False
1300,7.943282347242822e-05,0.10326267051415669,0.9018863434040463,0.09811365659595372,False
1300,0.0001,0.13,0.8780897229382886,0.12191027706171143,False
1300,0.00012589254117941674,0.16366030353324176,0.8490216382862722,0.1509783617137278,False
1300,0.00015848931924611142,0.20603611501994484,0.8137903967344524,0.18620960326554759,False
1300,0.0001995262314968881,0.25938410094595454,0.7715066548521368,0.22849334514786324,False
1300,0.0002511886431509582,0.3265452360962457,0.7213821494085981,0.27861785059140187,False
1300,0.00031622776601683794,0.41109609582188933,0.6628801266927806,0.3371198733072194,False
1300,0.00039810717055349735,0.5175393217195465,0.5959238627584131,0.40407613724158686,False
1300,0.0005011872336272725,0.6515434037154543,0.5211555450078564,0.47884445499214356,False
1300,0.0006309573444801936,0.8202445478242517,0.44020998539205053,0.5597900146079495,False
1300,0.0007943282347242822,1.0326267051415667,0.3559243592488335,0.6440756407511665,False
1300,0.001,1.3,0.2723545868194768,0.7276454131805232,False
1300,0.0012589254117941675,1.6366030353324177,0.194439526629882,0.805560473370118,False
1300,0.001584893192461114,2.0603611501994483,0.12719987591797066,0.8728001240820293,False
1300,0.0019952623149688807,2.593841009459545,0.07453904825064314,0.9254609517493568,False
1300,0.002511886431509582,3.2654523609624566,0.03802313591950683,0.9619768640804932,False
1300,0.0031622776601683794,4.110960958218893,0.016285588652309797,0.9837144113476902,False
1300,0.003981071705534973,5.175393217195466,0.005595892422692585,0.9944041075773075,False
1300,0.005011872336272725,6.515434037154542,0.0014563586146260094,0.998543641385374,False
1300,0.006309573444801936,8.202445478242517,0.00026695463764876763,0.9997330453623512,False
1300,0.00794328234724282,10.326267051415668,3.143785675596301e-05,0.999968562143244,False
1300,0.01,13.0,2.1171565711913404e-06,0.9999978828434288,False
1400,1e-06,0.0014,0.9986009788437653,0.0013990211562346921,False
1400,1.2589254117941661e-06,0.0017624955765118326,0.9982390555992287,0.001760944400771347,False
1400,1.584893192461114e-06,0.0022188504694455598,0.9977836076051617,0.0022163923948382847,False
1400,1.9952623149688787e-06,0.0027933672409564303,0.9972105278002044,0.0027894721997956395,False
1400,2.5118864315095823e-06,0.0035166410041134154,0.996489530734764,0.003510469265236016,False
1400,3.162277660168379e-06,0.004427188724235731,0.9955825898605067,0.004417410139493261,False
1400,3.981071705534969e-06,0.0055735003877489565,0.9944419917173225,0.005558008282677496,False
1400,5.011872336272725e-06,0.007016621270781815,0.9930079202819453,0.006992079718054711,False
1400,6.30957344480193e-06,0.008833402822722701,0.9912054694337182,0.008794530566281766,False
1400,7.943282347242822e-06,0.01112059528613995,0.9889409662810548,0.011059033718945233,False
1400,1e-05,0.014,0.9860974752356388,0.013902524764361157,False
1400,1.2589254117941661e-05,0.017624955765118324,0.982529346269113,0.017470653730886965,False
1400,1.584893192461114e-05,0.0221885046944556,0.9780556775785115,0.02194432242148847,False
1400,1.9952623149688786e-05,0.027933672409564302,0.9724525941156824,0.02754740588431759,False
1400,2.5118864315095822e-05,0.035166410041134154,0.9654443167745226,0.03455568322547742,False
1400,3.1622776601683795e-05,0.04427188724235731,0.9566931395679571,0.043306860432042904,False
1400,3.9810717055349695e-05,0.05573500387748957,0.9457886839869777,0.054211316013022315,False
1400,5.011872336272725e-05,0.07016621270781816,0.9322372178551631,0.06776278214483689,False
1400,6.309573444801929e-05,0.08833402822722701,0.9154524865750351,0.08454751342496492,False
1400,7.943282347242822e-05,0.1112059528613995,0.8947505006478956,0.10524949935210437,False
1400,0.0001,0.14,0.8693521495067426,0.13064785049325744,False
1400,0.00012589254117941674,0.17624955765118344,0.8383994236677483,0.16160057633225167,False
1400,0.00015848931924611142,0.221885046944556,0.8009933516524125,0.19900664834758752,False
1400,0.0001995262314968881,0.2793367240956433,0.7562641225955088,0.2437358774044912,False
1400,0.0002511886431509582,0.3516641004113415,0.7034853164230995,0.2965146835769005,False
1400,0.00031622776601683794,0.4427188724235731,0.6422427784581705,0.35775722154182954,False
1400,0.00039810717055349735,0.5573500387748963,0.5726612002195557,0.4273387997804443,False
1400,0.0005011872336272725,0.7016621270781815,0.49567340940983984,0.5043265905901602,False
1400,0.0006309573444801936,0.8833402822722711,0.41328449447177207,0.5867155055282279,False
1400,0.0007943282347242822,1.1120595286139952,0.32873562167978165,0.6712643783202183,False
1400,0.001,1.4000000000000001,0.2464242913846615,0.7535757086153385,False
1400,0.0012589254117941675,1.7624955765118344,0.17142559862789,0.82857440137211,False
1400,0.001584893192461114,2.2188504694455595,0.10854280691918389,0.8914571930808162,False
1400,0.0019952623149688807,2.793367240956433,0.061044162363959736,0.9389558376360403,False
1400,0.002511886431509582,3.516641004113415,0.029567925130017714,0.9704320748699823,False
1400,0.0031622776601683794,4.427188724235731,0.011864512031939835,0.9881354879680602,False
1400,0.003981071705534973,5.573500387748963,0.0037551607955347505,0.9962448392044653,False
1400,0.005011872336272725,7.0166212707818145,0.0008811669517925736,0.9991188330482075,False
1400,0.006309573444801936,8.83340282272271,0.00014175815253217525,0.9998582418474679,False
1400,0.00794328234724282,11.120595286139949,1.4161301077468392e-05,0.9999858386989225,False
1400,0.01,14.0,7.749477765951684e-07,0.9999992250522234,False
1488,1e-06,0.001488,0.9985131057801595,0.0014868942198404955,True
1488,1.2589254117941661e-06,0.0018732810127497191,0.9981284713060523,0.0018715286939476883,True
1488,1.584893192461114e-06,0.0023583210703821376,0.9976444557195577,0.0023555442804422677,True
1488,1.9952623149688787e-06,0.0029689503246736917,0.9970354496967848,0.0029645503032151854,True
1488,2.5118864315095823e-06,0.0037376870100862586,0.9962692847705258,0.003730715229474213,True
1488,3.162277660168379e-06,0.004705469158330549,0.9953055768126696,0.0046944231873303766,True
1488,3.981071705534969e-06,0.005923834697836034,0.9940936648938581,0.005906335106141913,True
1488,5.011872336272725e-06,0.0074576660363738145,0.992570054805487,0.00742994519451301,True
1488,6.30957344480193e-06,0.009388645285865272,0.9906552610952474,0.009344738904752625,True
1488,7.943282347242822e-06,0.01181960413269732,0.988249926601901,0.01175007339809897,True
1488,1e-05,0.01488,0.9852300868273616,0.014769913172638427,True
1488,1.2589254117941661e-05,0.018732810127497192,0.9814414427293319,0.01855855727066813,True
1488,1.584893192461114e-05,0.023583210703821376,0.9766925174699203,0.02330748253007975,True
1488,1.9952623149688786e-05,0.029689503246736915,0.9707466129892156,0.029253387010784393,True
1488,2.5118864315095822e-05,0.03737687010086258,0.9633125708364062,0.0366874291635938,True
1488,3.1622776601683795e-05,0.04705469158330549,0.9540345086499002,0.04596549135009975,True
1488,3.9810717055349695e-05,0.05923834697836035,0.942480993255713,0.057519006744287005,True
1488,5.011872336272725e-05,0.07457666036373815,0.928134585465958,0.07186541453404205,True
1488,6.309573444801929e-05,0.09388645285865271,0.9103834315166025,0.0896165684833975,True
1488,7.943282347242822e-05,0.11819604132697319,0.8885176773179878,0.11148232268201219,True
1488,0.0001,0.14880000000000002,0.8617350341945229,0.1382649658054771,True
1488,0.00012589254117941674,0.18732810127497213,0.8291618614502934,0.17083813854970664,True
1488,0.00015848931924611142,0.23583210703821378,0.7898985200160337,0.21010147998396633,True
1488,0.0001995262314968881,0.2968950324673695,0.7430999986902158,0.2569000013097842,True
1488,0.0002511886431509582,0.37376870100862586,0.6881037506204107,0.31189624937958926,True
1488,0.00031622776601683794,0.47054691583305486,0.6246140552893018,0.3753859447106982,True
1488,0.00039810717055349735,0.592383469783604,0.5529424137542833,0.4470575862457167,True
1488,0.0005011872336272725,0.7457666036373816,0.47428183259217105,0.525718167407829,True
1488,0.0006309573444801936,0.9388645285865281,0.39095577024631456,0.6090442297536854,True
1488,0.0007943282347242822,1.181960413269732,0.3065329288598579,0.693467071140142,True
1488,0.001,1.488,0.22565578942667258,0.7743442105733274,True
1488,0.0012589254117941675,1.8732810127497213,0.15343762230859373,0.8465623776914063,True
1488,0.001584893192461114,2.3583210703821376,0.09440210655778232,0.9055978934422176,True
1488,0.0019952623149688807,2.9689503246736946,0.05120509768176873,0.9487949023182313,True
1488,0.002511886431509582,3.7376870100862583,0.023697417366920392,0.9763025826330796,True
1488,0.0031622776601683794,4.705469158330549,0.00897847816395697,0.9910215218360431,True
1488,0.003981071705534973,5.923834697836041,0.0026434835835875887,0.9973565164164124,True
1488,0.005011872336272725,7.457666036373814,0.0005662826913382156,0.9994337173086618,True
1488,0.006309573444801936,9.388645285865282,8.121670206490411e-05,0.999918783297935,True
1488,0.00794328234724282,11.819604132697318,7.0196483173371135e-06,0.9999929803516827,True
1488,0.01,14.88,3.200144294909126e-07,0.9999996799855705,True
1500,1e-06,0.0015,0.9985011236887915,0.0014988763112084857,False
1500,1.2589254117941661e-06,0.001888388117691249,0.9981133925788978,0.0018866074211022488,False
1500,1.584893192461114e-06,0.002377339788691671,0.9976254819660745,0.002374518033925521,False
1500,1.9952623149688787e-06,0.002992893472453318,0.9970115777916418,0.0029884222083581546,False
1500,2.5118864315095823e-06,0.0037678296472643735,0.9962392550018179,0.0037607449981821306,False
1500,3.162277660168379e-06,0.004743416490252569,0.9952678082784772,0.004732191721522838,False
1500,3.981071705534969e-06,0.005971607558302454,0.9940461752357522,0.005953824764247773,False
1500,5.011872336272725e-06,0.007517808504409087,0.9925103608381931,0.007489639161806894,False
1500,6.30957344480193e-06,0.009464360167202894,0.9905802563526059,0.009419743647394063,False
1500,7.943282347242822e-06,0.011914923520864233,0.9881557313388201,0.011844268661179935,False
1500,1e-05,0.015000000000000001,0.9851118657192447,0.014888134280755305,False
1500,1.2589254117941661e-05,0.018883881176912493,0.9812931856063751,0.01870681439362487,False
1500,1.584893192461114e-05,0.023773397886916712,0.9765067792624652,0.023493220737534792,False
1500,1.9952623149688786e-05,0.02992893472453318,0.970514211197844,0.02948578880215602,False
1500,2.5118864315095822e-05,0.03767829647264373,0.9630222431353322,0.036977756864667755,False
1500,3.1622776601683795e-05,0.047434164902525694,0.9536725409678924,0.046327459032107554,False
1500,3.9810717055349695e-05,0.05971607558302454,0.9420308416990933,0.057969158300906654,False
1500,5.011872336272725e-05,0.07517808504409088,0.9275765362641994,0.07242346373580055,False
1500,6.309573444801929e-05,0.09464360167202894,0.9096943749353232,0.09030562506467676,False
1500,7.943282347242822e-05,0.11914923520864233,0.8876711176133195,0.11232888238668048,False
1500,0.0001,0.15,0.8607015207090731,0.13929847929092687,False
1500,0.00012589254117941674,0.18883881176912512,0.8279101048887579,0.17208989511124206,False
1500,0.00015848931924611142,0.23773397886916714,0.788397543109276,0.211602456890724,False
1500,0.0001995262314968881,0.2992893472453321,0.7413227345845372,0.25867726541546276,False
1500,0.0002511886431509582,0.37678296472643735,0.6860324875360851,0.31396751246391486,False
1500,0.00031622776601683794,0.4743416490252569,0.6222479297117882,0.3777520702882118,False
1500,0.00039810717055349735,0.5971607558302461,0.5503066259487059,0.44969337405129406,False
1500,0.0005011872336272725,0.7517808504409088,0.47143723433331386,0.5285627656666861,False
1500,0.0006309573444801936,0.9464360167202904,0.3880059040884097,0.6119940959115904,False
1500,0.0007943282347242822,1.1914923520864233,0.30362380700569236,0.6963761929943076,False
1500,0.001,1.5,0.2229627637029021,0.7770372362970979,False
1500,0.0012589254117941675,1.8883881176912511,0.1511356069122121,0.8488643930877879,False
1500,0.001584893192461114,2.377339788691671,0.09262226750514267,0.9073777324948573,False
1500,0.0019952623149688807,2.992893472453321,0.049992451556226114,0.9500075484437739,False
1500,0.002511886431509582,3.767829647264373,0.022992900910253813,0.9770070990897461,False
1500,0.0031622776601683794,4.743416490252569,0.008643632647327126,0.9913563673526729,False
1500,0.003981071705534973,5.97160755830246,0.0025199256052774632,0.9974800743947225,False
1500,0.005011872336272725,7.5178085044090865,0.0005331483531141183,0.9994668516468859,False
1500,0.006309573444801936,9.464360167202905,7.527636150593854e-05,0.999924723638494,False
1500,0.00794328234724282,11.914923520864232,6.379011449903287e-06,0.99999362098855,False
1500,0.01,15.0,2.8365594903161287e-07,0.9999997163440509,False
1600,1e-06,0.0015999999999999999,0.9984012785188389,0.001598721481161136,False
1600,1.2589254117941661e-06,0.0020142806588706657,0.9979877453776179,0.0020122546223820814,False
1600,1.584893192461114e-06,0.0025358291079377827,0.9974673813862461,0.0025326186137538675,False
1600,1.9952623149688787e-06,0.003192419703950206,0.9968126674749044,0.003187332525095621,False
1600,2.5118864315095823e-06,0.004019018290415332,0.9959890421274775,0.00401095787252248,False
1600,3.162277660168379e-06,0.005059644256269407,0.9949531262235439,0.005046873776456073,False
1600,3.981071705534969e-06,0.006369714728855951,0.9936505163005129,0.0063494836994870685,False
1600,5.011872336272725e-06,0.00801899573803636,0.9920130507030266,0.007986949296973411,False
1600,6.30957344480193e-06,0.010095317511683088,0.9899554376310981,0.010044562368901944,False
1600,7.943282347242822e-06,0.012709251755588515,0.987371119885687,0.012628880114312957,False
1600,1e-05,0.016,0.9841272413246495,0.01587275867535054,False
1600,1.2589254117941661e-05,0.02014280658870666,0.9800585802083119,0.019941419791688064,False
1600,1.584893192461114e-05,0.025358291079377825,0.9749603338599375,0.025039666140062478,False
1600,1.9952623149688786e-05,0.031924197039502056,0.9685796920450455,0.03142030795495454,False
1600,2.5118864315095822e-05,0.04019018290415331,0.9606062459115414,0.03939375408845858,False
1600,3.1622776601683795e-05,0.05059644256269407,0.9506614794027718,0.04933852059722821,False
1600,3.9810717055349695e-05,0.0636971472885595,0.9382879302080136,0.0617120697919864,False
1600,5.011872336272725e-05,0.08018995738036361,0.9229391555589721,0.0770608444410279,False
1600,6.309573444801929e-05,0.10095317511683087,0.9039724812863228,0.0960275187136772,False
1600,7.943282347242822e-05,0.12709251755588516,0.8806477475836134,0.11935225241638658,False
1600,0.0001,0.16,0.8521369713886761,0.14786302861132394,False
1600,0.00012589254117941674,0.2014280658870668,0.8175520192730322,0.18244798072696777,False
1600,0.00015848931924611142,0.25358291079377826,0.7759998066132147,0.22400019338678534,False
1600,0.0001995262314968881,0.31924197039502095,0.7266765411610442,0.2733234588389558,False
1600,0.0002511886431509582,0.40190182904153315,0.6690126474109517,0.3309873525890483,False
1600,0.00031622776601683794,0.5059644256269407,0.6028755776127805,0.39712442238721946,False
1600,0.00039810717055349735,0.6369714728855957,0.5288246915400283,0.4711753084599717,False
1600,0.0005011872336272725,0.8018995738036361,0.4483860979762128,0.5516139020237871,False
1600,0.0006309573444801936,1.0095317511683097,0.3642734813941752,0.6357265186058247,False
1600,0.0007943282347242822,1.2709251755588515,0.2804302609786196,0.7195697390213804,False
1600,0.001,1.6,0.20173495769715533,0.7982650423028447,False
1600,0.0012589254117941675,2.014280658870668,0.13324714546457725,0.8667528545354227,False
1600,0.001584893192461114,2.5358291079377824,0.0790368766138659,0.9209631233861341,False
1600,0.0019952623149688807,3.192419703950209,0.04094159237865406,0.959058407621346,False
1600,0.002511886431509582,4.019018290415331,0.017879965873291357,0.9821200341267087,False
1600,0.0031622776601683794,5.059644256269407,0.006297130901027367,0.9937028690989727,False
1600,0.003981071705534973,6.369714728855957,0.0016910128225890576,0.9983089871774109,False
1600,0.005011872336272725,8.01899573803636,0.00032258037577333963,0.9996774196242266,False
1600,0.006309573444801936,10.095317511683097,3.9973225527798813e-05,0.9999600267744722,False
1600,0.00794328234724282,12.709251755588513,2.873449752631888e-06,0.9999971265502474,False
1600,0.01,16.0,1.0382725114012101e-07,0.9999998961727489,False
1700,1e-06,0.0017,0.9983014433329089,0.0016985566670910668,False
1700,1.2589254117941661e-06,0.0021401732000500824,0.997862113993398,0.00213788600660203,False
1700,1.584893192461114e-06,0.002694318427183894,0.9973093058617054,0.0026906941382945915,False
1700,1.9952623149688787e-06,0.003391945935447094,0.9966137968420733,0.003386203157926704,False
1700,2.5118864315095823e-06,0.00427020693356629,0.9957388920959555,0.004261107904044548,False
1700,3.162277660168379e-06,0.005375872022286244,0.9946385436642389,0.005361456335761128,False
1700,3.981071705534969e-06,0.006767821899409447,0.9932550148488964,0.006744985151103555,False
1700,5.011872336272725e-06,0.008520182971663633,0.9915159897515263,0.008484010248473672,False
1700,6.30957344480193e-06,0.01072627485616328,0.9893310130204481,0.010668986979551875,False
1700,7.943282347242822e-06,0.013503579990312797,0.986587131426595,0.013412868573404957,False
1700,1e-05,0.017,0.983143601067219,0.016856398932781014,False
1700,1.2589254117941661e-05,0.021401732000500825,0.9788255281181809,0.02117447188181909,False
1700,1.584893192461114e-05,0.02694318427183894,0.9734163374863707,0.026583662513629314,False
1700,1.9952623149688786e-05,0.03391945935447094,0.9666490289556712,0.033350971044328825,False
1700,2.5118864315095822e-05,0.042702069335662896,0.9581963098588471,0.04180369014115293,False
1700,3.1622776601683795e-05,0.053758720222862454,0.9476599247610021,0.05234007523899786,False
1700,3.9810717055349695e-05,0.06767821899409449,0.9345598901901488,0.06544010980985115,False
1700,5.011872336272725e-05,0.08520182971663633,0.918324959247662,0.081675040752338,False
1700,6.309573444801929e-05,0.1072627485616328,0.8982865778202151,0.10171342217978485,False
1700,7.943282347242822e-05,0.13503579990312797,0.8736799473765537,0.12632005262344626,False
1700,0.0001,0.17,0.8436576449978271,0.15634235500217286,False
1700,0.00012589254117941674,0.21401732000500848,0.8073235249462509,0.19267647505374907,False
1700,0.00015848931924611142,0.26943184271838944,0.7637970274347772,0.23620297256522282,False
1700,0.0001995262314968881,0.33919459354470977,0.7123197102132865,0.28768028978671345,False
1700,0.0002511886431509582,0.427020693356629,0.6524150539915471,0.3475849460084529,False
1700,0.00031622776601683794,0.5375872022286245,0.5841063420657584,0.4158936579342416,False
1700,0.00039810717055349735,0.6767821899409455,0.5081813323622835,0.49181866763771653,False
1700,0.0005011872336272725,0.8520182971663633,0.4264620573354802,0.5735379426645197,False
1700,0.0006309573444801936,1.0726274856163291,0.34199265487670794,0.6580073451232921,False
1700,0.0007943282347242822,1.3503579990312797,0.25900844880408974,0.7409915511959102,False
1700,0.001,1.7,0.18252820552270244,0.8174717944772976,False
1700,0.0012589254117941675,2.140173200050085,0.11747596835186018,0.8825240316481399,False
1700,0.001584893192461114,2.694318427183894,0.06744412583646389,0.9325558741635361,False
1700,0.0019952623149688807,3.3919459354470973,0.03352934161699671,0.9664706583830033,False
1700,0.002511886431509582,4.270206933566289,0.013903995014717549,0.9860960049852825,False
1700,0.0031622776601683794,5.375872022286245,0.004587637999277528,0.9954123620007225,False
1700,0.003981071705534973,6.767821899409455,0.001134765391554389,0.9988652346084456,False
1700,0.005011872336272725,8.520182971663631,0.00019517662996849914,0.9998048233700315,False
1700,0.006309573444801936,10.726274856163291,2.122656737294897e-05,0.9999787734326271,False
1700,0.00794328234724282,13.503579990312796,1.2943562722442577e-06,0.9999987056437277,False
1700,0.01,17.0,3.800413182278205e-08,0.9999999619958682,False
1800,1e-06,0.0018,0.9982016181300035,0.0017983818699964793,False
1800,1.2589254117941661e-06,0.002266065741229499,0.9977364984242466,0.0022635015757533905,False
1800,1.584893192461114e-06,0.0028528077464300052,0.9971512553884815,0.0028487446115185167,False
1800,1.9952623149688787e-06,0.0035914721669439817,0.9964149658852314,0.003585034114768626,False
1800,2.5118864315095823e-06,0.004521395576717248,0.9954888048914683,0.004511195108531707,False
1800,3.162277660168379e-06,0.0056920997883030825,0.9943240605691035,0.005675939430896504,False
1800,3.981071705534969e-06,0.007165929069962944,0.9928596708182199,0.007140329181780092,False
1800,5.011872336272725e-06,0.009021370205290905,0.9910191778588356,0.008980822141164357,False
1800,6.30957344480193e-06,0.011357232200643474,0.9887069822720668,0.01129301772793323,False
1800,7.943282347242822e-06,0.014297908225037079,0.9858037654668771,0.014196234533122909,False
1800,1e-05,0.018000000000000002,0.9821609439633029,0.01783905603669711,False
1800,1.2589254117941661e-05,0.02266065741229499,0.9775940273817012,0.022405972618298797,False
1800,1.584893192461114e-05,0.028528077464300056,0.9718747862633591,0.028125213736640897,False
1800,1.9952623149688786e-05,0.03591472166943981,0.9647222142434572,0.035277785756542834,False
1800,2.5118864315095822e-05,0.04521395576717248,0.9557924197711907,0.04420758022880933,False
1800,3.1622776601683795e-05,0.05692099788303083,0.9446678470260628,0.05533215297393723,False
1800,3.9810717055349695e-05,0.07165929069962945,0.9308466625576163,0.06915333744238372,False
1800,5.011872336272725e-05,0.09021370205290906,0.9137338314208464,0.08626616857915359,False
1800,6.309573444801929e-05,0.11357232200643473,0.8926364381620719,0.10736356183792806,False
1800,7.943282347242822e-05,0.1429790822503708,0.8667672773164329,0.13323272268356712,False
1800,0.0001,0.18000000000000002,0.835262693512019,0.16473730648798102,False
1800,0.00012589254117941674,0.22660657412295013,0.7972230005757864,0.20277699942421357,False
1800,0.00015848931924611142,0.28528077464300056,0.7517861398243642,0.24821386017563585,False
1800,0.0001995262314968881,0.3591472166943986,0.6982465248536103,0.3017534751463897,False
1800,0.0002511886431509582,0.4521395576717248,0.6362292317223323,0.36377076827766774,False
1800,0.00031622776601683794,0.5692099788303083,0.5659214463329556,0.4340785536670444,False
1800,0.00039810717055349735,0.7165929069962952,0.48834381354138795,0.511656186458612,False
1800,0.0005011872336272725,0.9021370205290905,0.4056100025573467,0.5943899974426533,False
1800,0.0006309573444801936,1.1357232200643486,0.3210746375003328,0.6789253624996672,False
1800,0.0007943282347242822,1.429790822503708,0.23922302934709128,0.7607769706529087,False
1800,0.001,1.8,0.16515008698369826,0.8348499130163017,False
1800,0.0012589254117941675,2.2660657412295016,0.10357147308552318,0.8964285269144768,False
1800,0.001584893192461114,2.8528077464300052,0.05755174425815771,0.9424482557418423,False
1800,0.0019952623149688807,3.5914721669439853,0.027459038204273815,0.9725409617957261,False
1800,0.002511886431509582,4.521395576717247,0.010812161429126024,0.989187838570874,False
1800,0.0031622776601683794,5.692099788303083,0.003342224060957893,0.9966577759390421,False
1800,0.003981071705534973,7.165929069962952,0.0007614918566365686,0.9992385081433635,False
1800,0.005011872336272725,9.021370205290903,0.00011809124096447528,0.9998819087590355,False
1800,0.006309573444801936,11.357232200643486,1.1271723922429058e-05,0.9999887282760775,False
1800,0.00794328234724282,14.297908225037077,5.830476617743307e-07,0.9999994169523382,False
1800,0.01,18.0,1.3910741349149348e-08,0.9999999860892587,False
1900,1e-06,0.0019,0.9981018029091242,0.0018981970908757972,False
1900,1.2589254117941661e-06,0.0023919582824089157,0.997610898668173,0.002389101331827015,False
1900,1.584893192461114e-06,0.003011297065676117,0.9969932299626045,0.0030067700373954676,False
1900,1.9952623149688787e-06,0.0037909983984408696,0.996216174596463,0.0037838254035369445,False
1900,2.5118864315095823e-06,0.004772584219868206,0.9952387804982364,0.004761219501763558,False
1900,3.162277660168379e-06,0.006008327554319921,0.9940096769066894,0.005990323093310601,False
1900,3.981071705534969e-06,0.0075640362405164415,0.9924644841458253,0.007535515854174668,False
1900,5.011872336272725e-06,0.009522557438918177,0.9905226149001604,0.009477385099839641,False
1900,6.30957344480193e-06,0.011988189545123666,0.9880833451375212,0.011916654862478837,False
1900,7.943282347242822e-06,0.015092236459761361,0.9850210215122587,0.014978978487741323,False
1900,1e-05,0.019000000000000003,0.9811792690302344,0.018820730969765553,False
1900,1.2589254117941661e-05,0.023919582824089156,0.9763640760470509,0.02363592395294911,False
1900,1.584893192461114e-05,0.03011297065676117,0.9703356763186388,0.029664323681361182,False
1900,1.9952623149688786e-05,0.037909983984408695,0.9627992402374601,0.03720075976253989,False
1900,2.5118864315095822e-05,0.04772584219868206,0.9533945604806623,0.04660543951933771,False
1900,3.1622776601683795e-05,0.06008327554319921,0.9416852162762054,0.058314783723794616,False
1900,3.9810717055349695e-05,0.07564036240516442,0.9271481884573033,0.07285181154269671,False
1900,5.011872336272725e-05,0.09522557438918178,0.9091656567485866,0.09083434325141337,False
1900,6.309573444801929e-05,0.11988189545123666,0.8870218373608423,0.11297816263915772,False
1900,7.943282347242822e-05,0.15092236459761363,0.8599093012063145,0.14009069879368552,False
1900,0.0001,0.19,0.8269512773451485,0.1730487226548515,False
1900,0.00012589254117941674,0.2391958282408918,0.7872488451137036,0.21275115488629637,False
1900,0.00015848931924611142,0.3011297065676117,0.7399641262420087,0.2600358737579913,False
1900,0.0001995262314968881,0.37909983984408735,0.6844513811419862,0.3155486188580138,False
1900,0.0002511886431509582,0.4772584219868206,0.6204449649367436,0.3795550350632564,False
1900,0.00031622776601683794,0.6008327554319921,0.5483026982499855,0.45169730175001455,False
1900,0.00039810717055349735,0.756403624051645,0.4692806780516157,0.5307193219483843,False
1900,0.0005011872336272725,0.9522557438918178,0.3857775184092171,0.6142224815907829,False
1900,0.0006309573444801936,1.198818954512368,0.30143607289792473,0.6985639271020753,False
1900,0.0007943282347242822,1.5092236459761361,0.22094900005862536,0.7790509999413746,False
1900,0.001,1.9000000000000001,0.14942650179799616,0.8505734982020039,False
1900,0.0012589254117941675,2.3919582824089183,0.09131271857215889,0.908687281427841,False
1900,0.001584893192461114,3.011297065676117,0.04911032986308846,0.9508896701369115,False
1900,0.0019952623149688807,3.7909983984408733,0.022487729932685333,0.9775122700673147,False
1900,0.002511886431509582,4.772584219868206,0.008407859370327552,0.9915921406296725,False
1900,0.0031622776601683794,6.008327554319921,0.0024349047757048436,0.9975650952242952,False
1900,0.003981071705534973,7.564036240516449,0.0005110041705885206,0.9994889958294115,False
1900,0.005011872336272725,9.522557438918177,7.145087603357291e-05,0.9999285491239664,False
1900,0.006309573444801936,11.98818954512368,5.985506650753791e-06,0.9999940144933492,False
1900,0.00794328234724282,15.09223645976136,2.6263601698401896e-07,0.9999997373639831,False
1900,0.01,19.0,5.091781224875455e-09,0.9999999949082188,False
2000,1e-06,0.002,0.998001997669273,0.001998002330727,False
2000,1.2589254117941661e-06,0.0025178508235883324,0.9974853147231866,0.002514685276813422,False
2000,1.584893192461114e-06,0.003169786384922228,0.9968352295801048,0.0031647704198951576,False
2000,1.9952623149688787e-06,0.003990524629937758,0.9960174229678542,0.003982577032145773,False
2000,2.5118864315095823e-06,0.005023772863019165,0.9949888189004845,0.005011181099515483,False
2000,3.162277660168379e-06,0.006324555320336759,0.9936953926455582,0.006304607354441827,False
2000,3.981071705534969e-06,0.007962143411069938,0.9920694547690794,0.007930545230920627,False
2000,5.011872336272725e-06,0.01002374467254545,0.990026300750769,0.009973699249230972,False
2000,6.30957344480193e-06,0.012619146889603859,0.9874601013685355,0.012539898631464541,False
2000,7.943282347242822e-06,0.015886564694485645,0.9842388990688576,0.015761100931142358,False
2000,1e-05,0.02,0.9801985752863286,0.01980142471367141,False
2000,1.2589254117941661e-05,0.025178508235883322,0.9751356721648637,0.024864327835136257,False
2000,1.584893192461114e-05,0.03169786384922228,0.9687990037860785,0.031200996213921472,False
2000,1.9952623149688786e-05,0.03990524629937757,0.9608800992820274,0.039119900717972556,False
2000,2.5118864315095822e-05,0.050237728630191644,0.9510027168574045,0.04899728314259555,False
2000,3.1622776601683795e-05,0.0632455532033676,0.9387120026841542,0.06128799731584578,False
2000,3.9810717055349695e-05,0.07962143411069939,0.9234644092699346,0.07653559073006544,False
2000,5.011872336272725e-05,0.1002374467254545,0.9046203204775316,0.0953796795224684,False
2000,6.309573444801929e-05,0.12619146889603858,0.8814425518803966,0.11855744811960345,False
2000,7.943282347242822e-05,0.15886564694485644,0.8531055863005099,0.14689441369949008,False
2000,0.0001,0.2,0.8187225652655495,0.18127743473445046,False
2000,0.00012589254117941674,0.2517850823588335,0.7773994775429761,0.22260052245702389,False
2000,0.00015848931924611142,0.31697863849222285,0.7283280165992683,0.27167198340073173,False
2000,0.0001995262314968881,0.39905246299377617,0.6709287858545226,0.32907121414547735,False
2000,0.0002511886431509582,0.5023772863019165,0.605052291409585,0.39494770859041495,False
2000,0.00031622776601683794,0.6324555320336759,0.5312324720264052,0.4687675279735948,False
2000,0.00039810717055349735,0.7962143411069947,0.4509616968331265,0.5490383031668735,False
2000,0.0005011872336272725,1.0023744672545452,0.3669147525249516,0.6330852474750484,False
2000,0.0006309573444801936,1.2619146889603872,0.28299870320348425,0.7170012967965158,False
2000,0.0007943282347242822,1.5886564694485643,0.20407090722053856,0.7959290927794614,False
2000,0.001,2.0,0.13519992539749945,0.8648000746025005,False
2000,0.0012589254117941675,2.517850823588335,0.08050491438075091,0.9194950856192491,False
2000,0.001584893192461114,3.169786384922228,0.041907061729401764,0.9580929382705983,False
2000,0.0019952623149688807,3.9905246299377612,0.018416449759215654,0.9815835502407844,False
2000,0.002511886431509582,5.023772863019164,0.006538202343221863,0.9934617976567781,False
2000,0.0031622776601683794,6.324555320336759,0.0017738970094814807,0.9982261029905185,False
2000,0.003981071705534973,7.962143411069947,0.00034291274434926377,0.9996570872556507,False
2000,0.005011872336272725,10.02374467254545,4.323121379934335e-05,0.9999567687862007,False
2000,0.006309573444801936,12.619146889603872,3.1784215185512895e-06,0.9999968215784815,False
2000,0.00794328234724282,15.886564694485642,1.1830538382971474e-07,0.9999998816946162,False
2000,0.01,20.0,1.863756602992233e-09,0.9999999981362434,False
2100,1e-06,0.0021,0.9979022024094517,0.0020977975905482893,False
2100,1.2589254117941661e-06,0.002643743364767749,0.9973597465872969,0.0026402534127031307,False
2100,1.584893192461114e-06,0.0033282757041683394,0.9966772542370139,0.003322745762986079,False
2100,1.9952623149688787e-06,0.004190050861434646,0.9958187109914924,0.0041812890085075605,False
2100,2.5118864315095823e-06,0.005274961506170123,0.9947389200824409,0.005261079917559086,False
2100,3.162277660168379e-06,0.006640783086353596,0.9933812077542813,0.006618792245718708,False
2100,3.981071705534969e-06,0.008360250581623435,0.991674582625374,0.008325417374625999,False
2100,5.011872336272725e-06,0.010524931906172723,0.9895302352859924,0.010469764714007623,False
2100,6.30957344480193e-06,0.013250104234084053,0.9868372507169901,0.013162749283009867,False
2100,7.943282347242822e-06,0.016680892929209927,0.9834573976431844,0.016542602356815594,False
2100,1e-05,0.021,0.9792188617508818,0.020781138249118203,False
2100,1.2589254117941661e-05,0.026437433647677488,0.973908813788226,0.026091186211773976,False
2100,1.584893192461114e-05,0.033282757041683396,0.9672647648056691,0.03273523519433086,False
2100,1.9952623149688786e-05,0.04190050861434645,0.9589647837367663,0.0410352162632337,False
2100,2.5118864315095822e-05,0.05274961506170123,0.9486168738095174,0.051383126190482575,False
2100,3.1622776601683795e-05,0.06640783086353597,0.9357481765168085,0.06425182348319147,False
2100,3.9810717055349695e-05,0.08360250581623437,0.9197952666091428,0.08020473339085721,False
2100,5.011872336272725e-05,0.10524931906172723,0.9000977084280347,0.09990229157196528,False
2100,6.309573444801929e-05,0.1325010423408405,0.8758983595906269,0.1241016404093731,False
2100,7.943282347242822e-05,0.16680892929209926,0.8463557032772708,0.15364429672272917,False
2100,0.0001,0.21000000000000002,0.8105757343128609,0.1894242656871391,False
2100,0.00012589254117941674,0.26437433647677516,0.7676733366268769,0.23232666337312313,False
2100,0.00015848931924611142,0.332827570416834,0.7168748875130387,0.28312511248696126,False
2100,0.0001995262314968881,0.419005086143465,0.6576733542960641,0.3423266457039359,False
2100,0.0002511886431509582,0.5274961506170123,0.5900414960693787,0.4099585039306213,False
2100,0.00031622776601683794,0.6640783086353597,0.5146936906128802,0.4853063093871198,False
2100,0.00039810717055349735,0.8360250581623444,0.433357820856721,0.566642179143279,False
2100,0.0005011872336272725,1.0524931906172723,0.34897429009235376,0.6510257099076462,False
2100,0.0006309573444801936,1.3250104234084066,0.26568905720177044,0.7343109427982295,False
2100,0.0007943282347242822,1.6680892929209925,0.188482116519033,0.811517883480967,False
2100,0.001,2.1,0.12232783079001679,0.8776721692099833,False
2100,0.0012589254117941675,2.6437433647677517,0.07097632554144646,0.9290236744585535,False
2100,0.001584893192461114,3.3282757041683397,0.03576033448946265,0.9642396655105373,False
2100,0.0019952623149688807,4.190050861434649,0.015082252532779925,0.98491774746722,False
2100,0.002511886431509582,5.274961506170122,0.005084301246970843,0.9949156987530292,False
2100,0.0031622776601683794,6.640783086353597,0.0012923341527129933,0.998707665847287,False
2100,0.003981071705534973,8.360250581623443,0.0002301138757864085,0.9997698861242136,False
2100,0.005011872336272725,10.524931906172721,2.615696196203906e-05,0.9999738430380379,False
2100,0.006309573444801936,13.250104234084066,1.687804214254383e-06,0.9999983121957857,False
2100,0.00794328234724282,16.680892929209925,5.3291106085985826e-08,0.9999999467088939,False
2100,0.01,21.0,6.821951929566875e-10,0.9999999993178048,False
2200,1e-06,0.0021999999999999997,0.9978024171286625,0.0021975828713375334,False
2200,1.2589254117941661e-06,0.0027696359059471653,0.9972341942585138,0.002765805741486216,False
2200,1.584893192461114e-06,0.003486765023414451,0.9965193039293634,0.003480696070636613,False
2200,1.9952623149688787e-06,0.0043895770929315335,0.9956200386594668,0.0043799613405332005,False
2200,2.5118864315095823e-06,0.005526150149321081,0.994489084028338,0.005510915971661978,False
2200,3.162277660168379e-06,0.006957010852370434,0.9930671222014401,0.006932877798559889,False
2200,3.981071705534969e-06,0.008758357752176931,0.991279867652126,0.008720132347874054,False
2200,5.011872336272725e-06,0.011026119139799995,0.9890344183812239,0.010965581618776143,False
2200,6.30957344480193e-06,0.013881061578564245,0.9862147929349224,0.013785207065077576,False
2200,7.943282347242822e-06,0.01747522116393421,0.9826765167421407,0.017323483257859262,False
2200,1e-05,0.022000000000000002,0.9782401274441707,0.02175987255582934,False
2200,1.2589254117941661e-05,0.027696359059471654,0.9726834989726735,0.027316501027326523,False
2200,1.584893192461114e-05,0.03486765023414451,0.9657329555235149,0.0342670444764851,False
2200,1.9952623149688786e-05,0.04389577092931533,0.9570532859765137,0.042946714023486265,False
2200,2.5118864315095822e-05,0.05526150149321081,0.946237016282963,0.05376298371703703,False
2200,3.1622776601683795e-05,0.06957010852370435,0.9327937081349446,0.06720629186505545,False
2200,3.9810717055349695e-05,0.08758357752176933,0.916140702320544,0.08385929767945599,False
2200,5.011872336272725e-05,0.11026119139799995,0.8955977069912857,0.10440229300871429,False
2200,6.309573444801929e-05,0.13881061578564244,0.8703890397586033,0.12961096024139673,False
2200,7.943282347242822e-05,0.1747522116393421,0.8396592262116986,0.16034077378830136,False
2200,0.0001,0.22,0.8025099697157211,0.19749003028427892,False
2200,0.00012589254117941674,0.2769635905947168,0.7580688806615044,0.24193111933849565,False
2200,0.00015848931924611142,0.34867650234144515,0.7056018615711018,0.29439813842889817,False
2200,0.0001995262314968881,0.4389577092931538,0.6446798081560068,0.3553201918439932,False
2200,0.0002511886431509582,0.5526150149321081,0.5754031048667068,0.42459689513329324,False
2200,0.00031622776601683794,0.6957010852370434,0.49866980861730853,0.5013301913826915,False
2200,0.00039810717055349735,0.8758357752176942,0.41644113505981173,0.5835588649401883,False
2200,0.0005011872336272725,1.1026119139799995,0.3319110346678703,0.6680889653321297,False
2200,0.0006309573444801936,1.388106157856426,0.2494381575522942,0.7505618424477059,False
2200,0.0007943282347242822,1.7475221163934207,0.17408413933840194,0.8259158606615981,False
2200,0.001,2.2,0.11068126067226176,0.8893187393277382,False
2200,0.0012589254117941675,2.7696359059471685,0.06257554369339108,0.937424456306609,False
2200,0.001584893192461114,3.486765023414451,0.030515179781765798,0.9694848202182342,False
2200,0.0019952623149688807,4.389577092931537,0.012351693428247077,0.987648306571753,False
2200,0.002511886431509582,5.52615014932108,0.003953704369022476,0.9960462956309776,False
2200,0.0031622776601683794,6.957010852370435,0.000941501988752209,0.9990584980112478,False
2200,0.003981071705534973,8.758357752176941,0.00015441944547709641,0.9998455805545229,False
2200,0.005011872336272725,11.026119139799993,1.582621904300893e-05,0.9999841737809569,False
2200,0.006309573444801936,13.88106157856426,8.962571669705006e-07,0.9999991037428331,False
2200,0.00794328234724282,17.475221163934204,2.400517961173706e-08,0.9999999759948204,False
2200,0.01,22.0,2.4970550368327864e-10,0.9999999997502945,False
2300,1e-06,0.0023,0.9977026418259074,0.002297358174092601,False
2300,1.2589254117941661e-06,0.002895528447126582,0.9971086577348476,0.002891342265152419,False
2300,1.584893192461114e-06,0.0036452543426605624,0.9963613786531857,0.0036386213468142525,False
2300,1.9952623149688787e-06,0.004589103324428421,0.9954214059638681,0.004578594036131922,False
2300,2.5118864315095823e-06,0.005777338792472039,0.9942393107224122,0.005760689277587772,False
2300,3.162277660168379e-06,0.007273238618387272,0.9927531359556261,0.007246864044373913,False
2300,3.981071705534969e-06,0.00915646492273043,0.9908853097867769,0.009114690213223087,False
2300,5.011872336272725e-06,0.011527306373427268,0.9885388499119192,0.011461150088080796,False
2300,6.30957344480193e-06,0.014512018923044438,0.9855927277745258,0.014407272225474221,False
2300,7.943282347242822e-06,0.01826954939865849,0.9818962558730202,0.018103744126979793,False
2300,1e-05,0.023000000000000003,0.977262371387451,0.02273762861254902,False
2300,1.2589254117941661e-05,0.02895528447126582,0.9714597257761883,0.028540274223811668,False
2300,1.584893192461114e-05,0.03645254342660562,0.964203572091823,0.03579642790817705,False
2300,1.9952623149688786e-05,0.04589103324428421,0.9551455983913054,0.04485440160869458,False
2300,2.5118864315095822e-05,0.05777338792472039,0.9438631292614702,0.0561368707385298,False
2300,3.1622776601683795e-05,0.07273238618387273,0.9298485679929195,0.07015143200708052,False
2300,3.9810717055349695e-05,0.0915646492273043,0.9125006584808151,0.08749934151918493,False
2300,5.011872336272725e-05,0.11527306373427268,0.8911202031264571,0.10887979687354288,False
2300,6.309573444801929e-05,0.14512018923044437,0.8649143730397852,0.13508562696021476,False
2300,7.943282347242822e-05,0.1826954939865849,0.8330157325488685,0.16698426745113149,False
2300,0.0001,0.23,0.7945244648102826,0.2054755351897174,False
2300,0.00012589254117941674,0.2895528447126585,0.7485845872314052,0.2514154127685948,False
2300,0.00015848931924611142,0.36452543426605627,0.6945061066092216,0.30549389339077837,False
2300,0.0001995262314968881,0.45891033244284263,0.6319429734064763,0.3680570265935237,False
2300,0.0002511886431509582,0.5777338792472039,0.5611278787946739,0.43887212120532615,False
2300,0.00031622776601683794,0.7273238618387272,0.48314479575281616,0.5168552042471839,False
2300,0.00039810717055349735,0.915646492273044,0.40018481408056195,0.599815185919438,False
2300,0.0005011872336272725,1.1527306373427268,0.31568209481890996,0.68431790518109,False
2300,0.0006309573444801936,1.4512018923044454,0.2341812459209876,0.7658187540790125,False
2300,0.0007943282347242822,1.8269549398658491,0.160786010518573,0.839213989481427,False
2300,0.001,2.3000000000000003,0.10014353548890784,0.8998564645110921,False
2300,0.0012589254117941675,2.895528447126585,0.05516908122042656,0.9448309187795735,False
2300,0.001584893192461114,3.6452543426605626,0.02603935926236579,0.9739606407376342,False
2300,0.0019952623149688807,4.589103324428425,0.010115487074216343,0.9898845129257836,False
2300,0.002511886431509582,5.7773387924720385,0.003074518498867591,0.9969254815011324,False
2300,0.0031622776601683794,7.273238618387273,0.000685910832708006,0.999314089167292,False
2300,0.003981071705534973,9.15646492273044,0.00010362419502067403,0.9998963758049794,False
2300,0.005011872336272725,11.527306373427267,9.575623100297283e-06,0.9999904243768997,False
2300,0.006309573444801936,14.512018923044453,4.7593014791757084e-07,0.999999524069852,False
2300,0.00794328234724282,18.269549398658487,1.081322364114516e-08,0.9999999891867764,False
2300,0.01,23.0,9.140029014200144e-11,0.9999999999085997,False
2400,1e-06,0.0024,0.9976028765001886,0.00239712349981136,False
2400,1.2589254117941661e-06,0.0030214209883059986,0.9969831370143085,0.003016862985691482,False
2400,1.584893192461114e-06,0.0038037436619066736,0.9962034784045141,0.0037965215954859355,False
2400,1.9952623149688787e-06,0.004788629555925309,0.9952228128967885,0.004777187103211511,False
2400,2.5118864315095823e-06,0.006028527435622997,0.9939896001489039,0.006010399851096082,False
2400,3.162277660168379e-06,0.00758946638440411,0.9924392489854403,0.0075607510145596635,False
2400,3.981071705534969e-06,0.009554572093283926,0.9904909089667933,0.00950909103320674,False
2400,5.011872336272725e-06,0.01202849360705454,0.9880435297535967,0.011956470246403339,False
2400,6.30957344480193e-06,0.015142976267524632,0.98497105498815,0.015028945011850037,False
2400,7.943282347242822e-06,0.019063877633382773,0.9811166145435076,0.018883385456492374,False
2400,1e-05,0.024,0.9762855926029568,0.023714407397043225,False
2400,1.2589254117941661e-05,0.030214209883059985,0.970237492259196,0.029762507740804023,False
2400,1.584893192461114e-05,0.038037436619066736,0.9626766106688942,0.037323389331105794,False
2400,1.9952623149688786e-05,0.047886295559253084,0.9532417133863464,0.046758286613653555,False
2400,2.5118864315095822e-05,0.060285274356229976,0.9414951977664405,0.05850480223355947,False
2400,3.1622776601683795e-05,0.0758946638440411,0.9269127266383762,0.0730872733616238,False
2400,3.9810717055349695e-05,0.09554572093283926,0.908875077396776,0.09112492260322402,False
2400,5.011872336272725e-05,0.1202849360705454,0.8866650843578643,0.11333491564213571,False
2400,6.309573444801929e-05,0.1514297626752463,0.8594741414692895,0.14052585853071053,False
2400,7.943282347242822e-05,0.19063877633382773,0.8264248030771653,0.17357519692283474,False
2400,0.0001,0.24000000000000002,0.7866184209595365,0.2133815790404635,False
2400,0.00012589254117941674,0.30214209883060017,0.7392189529682536,0.2607810470317464,False
2400,0.00015848931924611142,0.3803743661906674,0.6835848349996104,0.3164151650003896,False
2400,0.0001995262314968881,0.47886295559253145,0.6194577782420306,0.38054222175796937,False
2400,0.0002511886431509582,0.6028527435622998,0.5472068080577165,0.4527931919422835,False
2400,0.00031622776601683794,0.7589466384404111,0.4681031208010619,0.531896879198938,False
2400,0.00039810717055349735,0.9554572093283936,0.3845630797200006,0.6154369202799994,False
2400,0.0005011872336272725,1.202849360705454,0.30024667630883706,0.6997533236911629,False
2400,0.0006309573444801936,1.5142976267524648,0.2198575249242241,0.7801424750757759,False
2400,0.0007943282347242822,1.9063877633382773,0.14850371364518583,0.8514962863548141,False
2400,0.001,2.4,0.09060908449456684,0.9093909155054332,False
2400,0.0012589254117941675,3.021420988306002,0.0486392501456999,0.9513607498543001,False
2400,0.001584893192461114,3.803743661906674,0.022220030674691277,0.9777799693253088,False
2400,0.0019952623149688807,4.788629555925313,0.008284133616418568,0.9917158663835814,False
2400,0.002511886431509582,6.028527435622997,0.0023908373306667148,0.9976091626693333,False
2400,0.0031622776601683794,7.58946638440411,0.0004997054451788448,0.9995002945548211,False
2400,0.003981071705534973,9.554572093283936,6.953770466217188e-05,0.9999304622953378,False
2400,0.005011872336272725,12.02849360705454,5.793712162694423e-06,0.9999942062878373,False
2400,0.006309573444801936,15.142976267524647,2.527282503776019e-07,0.9999997472717497,False
2400,0.00794328234724282,19.06387763338277,4.870857348480369e-09,0.9999999951291426,False
2400,0.01,24.0,3.345546219372923e-11,0.9999999999665445,False
2500,1e-06,0.0025,0.9975031211505087,0.0024968788494913463,False
2500,1.2589254117941661e-06,0.0031473135294854153,0.9968576320949072,0.0031423679050928133,False
2500,1.584893192461114e-06,0.003962232981152785,0.9960456031793821,0.003954396820617934,False
2500,1.9952623149688787e-06,0.004988155787422197,0.9950242594503219,0.004975740549678087,False
2500,2.5118864315095823e-06,0.0062797160787739555,0.9937399522920574,0.00626004770794264,False
2500,3.162277660168379e-06,0.007905694150420948,0.9921254612594942,0.00787453874050581,False
2500,3.981071705534969e-06,0.009952679263837423,0.9900966651296665,0.009903334870333458,False
2500,5.011872336272725e-06,0.012529680840681812,0.9875484577818369,0.012451542218163136,False
2500,6.30957344480193e-06,0.015773933612004826,0.9843497743283012,0.015650225671698825,False
2500,7.943282347242822e-06,0.019858205868107055,0.9803375922616786,0.019662407738321397,False
2500,1e-05,0.025,0.9753097901138995,0.02469020988610049,False
2500,1.2589254117941661e-05,0.031473135294854154,0.9690167964845624,0.030983203515437596,False
2500,1.584893192461114e-05,0.03962232981152785,0.9611520674191133,0.0388479325808867,False
2500,1.9952623149688786e-05,0.049881557874221966,0.9513416233819803,0.04865837661801975,False
2500,2.5118864315095822e-05,0.06279716078773956,0.9391332068568531,0.06086679314314691,False
2500,3.1622776601683795e-05,0.07905694150420949,0.923986154711948,0.076013845288052,False
2500,3.9810717055349695e-05,0.09952679263837423,0.9052639016044752,0.09473609839552477,False
2500,5.011872336272725e-05,0.12529680840681812,0.8822322387721403,0.1177677612278597,False
2500,6.309573444801929e-05,0.15773933612004823,0.8540681284532115,0.14593187154678855,False
2500,7.943282347242822e-05,0.19858205868107054,0.8198860219018309,0.1801139780981691,False
2500,0.0001,0.25,0.7787910474734403,0.2212089525265597,False
2500,0.00012589254117941674,0.3147313529485419,0.7299704933125508,0.2700295066874492,False
2500,0.00015848931924611142,0.39622329811527857,0.6728353029505816,0.3271646970494184,False
2500,0.0001995262314968881,0.4988155787422202,0.6072192510600676,0.3927807489399324,False
2500,0.0002511886431509582,0.6279716078773956,0.5336311063850796,0.4663688936149204,False
2500,0.00031622776601683794,0.7905694150420949,0.4535297360748119,0.5464702639251882,False
2500,0.00039810717055349735,0.9952679263837434,0.369551160064659,0.630448839935341,False
2500,0.0005011872336272725,1.2529680840681814,0.2855659795536289,0.714434020446371,False
2500,0.0006309573444801936,1.577393361200484,0.2064099158568606,0.7935900841431394,False
2500,0.0007943282347242822,1.9858205868107055,0.13715965024123714,0.8628403497587629,False
2500,0.001,2.5,0.0819823881078466,0.9180176118921534,False
2500,0.0012589254117941675,3.1473135294854186,0.042882292081022184,0.9571177079189778,False
2500,0.001584893192461114,3.962232981152785,0.018960902924282007,0.981039097075718,False
2500,0.0019952623149688807,4.988155787422202,0.00678433665835046,0.9932156633416496,False
2500,0.002511886431509582,6.279716078773955,0.0018591864527128072,0.9981408135472872,False
2500,0.0031622776601683794,7.905694150420948,0.00036404955284863923,0.9996359504471514,False
2500,0.003981071705534973,9.952679263837434,4.666373879882699e-05,0.9999533362612012,False
2500,0.005011872336272725,12.529680840681811,3.505474293689689e-06,0.9999964945257063,False
2500,0.006309573444801936,15.773933612004841,1.3420366164739394e-07,0.9999998657963384,False
2500,0.00794328234724282,19.858205868107053,2.1940960528152568e-09,0.999999997805904,False
2500,0.01,25.0,1.2245781155148715e-11,0.9999999999877542,False
2600,1e-06,0.0026,0.9974033757758699,0.002596624224130095,False
2600,1.2589254117941661e-06,0.003273206070664832,0.9967321429746545,0.0032678570253454886,False
2600,1.584893192461114e-06,0.004120722300398897,0.9958877529738243,0.0041122470261757416,False
2600,1.9952623149688787e-06,0.005187682018919085,0.9948257456165638,0.0051742543834362165,False
2600,2.5118864315095823e-06,0.006530904721924914,0.9934903671361207,0.006509632863879289,False
2600,3.162277660168379e-06,0.008221921916437785,0.9918117727464087,0.008188227253591251,False
2600,3.981071705534969e-06,0.01035078643439092,0.9897025782129131,0.010297421787086924,False
2600,5.011872336272725e-06,0.013030868074309084,0.9870536338722826,0.01294636612771738,False
2600,6.30957344480193e-06,0.016404890956485018,0.9837288855476414,0.016271114452358626,False
2600,7.943282347242822e-06,0.020652534102831337,0.9795591885359993,0.020440811464000674,False
2600,1e-05,0.026000000000000002,0.9743349629444668,0.025665037055533246,False
2600,1.2589254117941661e-05,0.03273206070664832,0.9677976365175903,0.03220236348240968,False
2600,1.584893192461114e-05,0.04120722300398897,0.9596299385129392,0.04037006148706079,False
2600,1.9952623149688786e-05,0.05187682018919085,0.9494453208136588,0.050554679186341156,False
2600,2.5118864315095822e-05,0.06530904721924914,0.9367771416291706,0.06322285837082942,False
2600,3.1622776601683795e-05,0.08221921916437787,0.9210688229469659,0.0789311770530341,False
2600,3.9810717055349695e-05,0.10350786434390921,0.9016670738682795,0.09833292613172051,False
2600,5.011872336272725e-05,0.13030868074309085,0.8778215550154242,0.12217844498457575,False
2600,6.309573444801929e-05,0.16404890956485016,0.8486961187600026,0.15130388123999738,False
2600,7.943282347242822e-05,0.20652534102831338,0.8133989764187214,0.1866010235812786,False
2600,0.0001,0.26,0.7710415615298404,0.22895843847015962,False
2600,0.00012589254117941674,0.3273206070664835,0.7208377422783055,0.27916225772169445,False
2600,0.00015848931924611142,0.4120722300398897,0.6622548098172174,0.3377451901827826,False
2600,0.0001995262314968881,0.5187682018919091,0.5952225184811342,0.40477748151886583,False
2600,0.0002511886431509582,0.6530904721924914,0.520392205485369,0.479607794514631,False
2600,0.00031622776601683794,0.8221921916437787,0.4394100623642368,0.5605899376357633,False
2600,0.00039810717055349735,1.035078643439093,0.35512525020490804,0.644874749795092,False
2600,0.0005011872336272725,1.3030868074309085,0.2716031020924358,0.7283968979075641,False
2600,0.0006309573444801936,1.6404890956485034,0.19378483123886933,0.8062151687611306,False
2600,0.0007943282347242822,2.0652534102831335,0.12668214950669265,0.8733178504933073,False
2600,0.001,2.6,0.07417702096160793,0.9258229790383921,False
2600,0.0012589254117941675,3.2732060706648354,0.037806729516052594,0.9621932704839474,False
2600,0.001584893192461114,4.120722300398897,0.016179808433547136,0.9838201915664528,False
2600,0.0019952623149688807,5.18768201891909,0.005556069714111706,0.9944439302858883,False
2600,0.002511886431509582,6.530904721924913,0.0014457588651532905,0.9985542411348467,False
2600,0.0031622776601683794,8.221921916437786,0.00026522039775224166,0.9997347796022478,False
2600,0.003981071705534973,10.350786434390931,3.131401200634828e-05,0.9999686859879936,False
2600,0.005011872336272725,13.030868074309083,2.1209804143953895e-06,0.9999978790195856,False
2600,0.006309573444801936,16.404890956485033,7.126477856218482e-08,0.9999999287352215,False
2600,0.00794328234724282,20.652534102831336,9.88338837408449e-10,0.9999999990116611,False
2600,0.01,26.0,4.482351946938673e-12,0.9999999999955177,False
2700,1e-06,0.0026999999999999997,0.9973036403752749,0.002696359624725142,False
2700,1.2589254117941661e-06,0.0033990986118442486,0.9966066696515616,0.0033933303484383615,False
2700,1.584893192461114e-06,0.004279211619645008,0.9957299277838755,0.004270072216124521,False
2700,1.9952623149688787e-06,0.005387208250415973,0.994627271387611,0.005372728612389022,False
2700,2.5118864315095823e-06,0.006782093365075872,0.9932408446653462,0.006759155334653766,False
2700,3.162277660168379e-06,0.008538149682454624,0.9914981834148151,0.008501816585184896,False
2700,3.981071705534969e-06,0.010748893604944416,0.9893086481540739,0.010691351845926067,False
2700,5.011872336272725e-06,0.013532055307936358,0.9865590579006392,0.013440942099360753,False
2700,6.30957344480193e-06,0.01703584830096521,0.9831083883989888,0.01689161160101116,False
2700,7.943282347242822e-06,0.02144686233755562,0.9787814028753263,0.021218597124673666,False
2700,1e-05,0.027000000000000003,0.9733611101198216,0.026638889880178374,False
2700,1.2589254117941661e-05,0.033990986118442486,0.966580010426017,0.033419989573982956,False
2700,1.584893192461114e-05,0.04279211619645008,0.9581102201268956,0.04188977987310438,False
2700,1.9952623149688786e-05,0.05387208250415972,0.9475527981319126,0.05244720186808738,False
2700,2.5118864315095822e-05,0.06782093365075872,0.934426987217245,0.06557301278275496,False
2700,3.1622776601683795e-05,0.08538149682454625,0.9181607021691653,0.08183929783083466,False
2700,3.9810717055349695e-05,0.10748893604944418,0.8980845371799661,0.10191546282003394,False
2700,5.011872336272725e-05,0.13532055307936358,0.8734329222905644,0.12656707770943565,False
2700,6.309573444801929e-05,0.1703584830096521,0.8433578985119006,0.15664210148809943,False
2700,7.943282347242822e-05,0.2144686233755562,0.8069632572882703,0.19303674271172966,False
2700,0.0001,0.27,0.7633691880961812,0.23663081190381885,False
2700,0.00012589254117941674,0.33990986118442523,0.7118192522206581,0.2881807477793419,False
2700,0.00015848931924611142,0.4279211619645008,0.6518406974228754,0.3481593025771246,False
2700,0.0001995262314968881,0.5387208250415978,0.5834628034083472,0.4165371965916528,False
2700,0.0002511886431509582,0.6782093365075872,0.5074817496386833,0.4925182503613167,False
2700,0.00031622776601683794,0.8538149682454624,0.42572997435187543,0.5742700256481246,False
2700,0.00039810717055349735,1.074889360494443,0.34126247448670666,0.6587375255132933,False
2700,0.0005011872336272725,1.353205530793636,0.2583229458268874,0.7416770541731126,False
2700,0.0006309573444801936,1.7035848300965228,0.18193196127417977,0.8180680387258202,False
2700,0.0007943282347242822,2.144686233755562,0.1170050155086432,0.8829949844913568,False
2700,0.001,2.7,0.06711478606235183,0.9328852139376482,False
2700,0.0012589254117941675,3.399098611844252,0.03333191224945108,0.9666680877505489,False
2700,0.001584893192461114,4.279211619645008,0.01380663157190844,0.9861933684280916,False
2700,0.0019952623149688807,5.387208250415978,0.004550173763867288,0.9954498262361328,False
2700,0.002511886431509582,6.7820933650758715,0.0011242652360764652,0.9988757347639236,False
2700,0.0031622776601683794,8.538149682454625,0.00019322056251255246,0.9998067794374874,False
2700,0.003981071705534973,10.748893604944428,2.1013475841725167e-05,0.9999789865241583,False
2700,0.005011872336272725,13.532055307936357,1.2832950811668563e-06,0.9999987167049188,False
2700,0.006309573444801936,17.035848300965228,3.784299624298557e-08,0.9999999621570037,False
2700,0.00794328234724282,21.446862337555615,4.4520095475151597e-10,0.999999999554799,False
2700,0.01,27.0,1.6406857775485795e-12,0.9999999999983593,False
2800,1e-06,0.0028,0.9972039149477263,0.002796085052273689,False
2800,1.2589254117941661e-06,0.0035249911530236652,0.9964812121236399,0.0035187878763600633,False
2800,1.584893192461114e-06,0.0044377009388911195,0.9955721276055712,0.004427872394428767,False
2800,1.9952623149688787e-06,0.005586734481912861,0.9944288367555623,0.005571163244437738,False
2800,2.5118864315095823e-06,0.007033282008226831,0.9929913848639901,0.007008615136009921,False
2800,3.162277660168379e-06,0.008854377448471461,0.991184693233354,0.008815306766645992,False
2800,3.981071705534969e-06,0.011147000775497913,0.9889148748907154,0.01108512510928461,False
2800,5.011872336272725e-06,0.01403324254156363,0.9860647297426742,0.013935270257325771,False
2800,6.30957344480193e-06,0.017666805645445403,0.9824882826353177,0.017511717364682267,False
2800,7.943282347242822e-06,0.0222411905722799,0.9780042347889062,0.02199576521109381,False
2800,1e-05,0.028,0.9723882306661014,0.02761176933389864,False
2800,1.2589254117941661e-05,0.03524991153023665,0.9653639162800106,0.034636083719989386,False
2800,1.584893192461114e-05,0.0443770093889112,0.9565929084435614,0.043407091556438626,False
2800,1.9952623149688786e-05,0.055867344819128605,0.9456640478023203,0.05433595219767973,False
2800,2.5118864315095822e-05,0.07033282008226831,0.9320827287922246,0.06791727120777535,False
2800,3.1622776601683795e-05,0.08854377448471462,0.9152617632963947,0.08473823670360525,False
2800,3.9810717055349695e-05,0.11147000775497914,0.8945162347578192,0.10548376524218084,False
2800,5.011872336272725e-05,0.1403324254156363,0.8690662303543348,0.13093376964566517,False
2800,6.309573444801929e-05,0.17666805645445402,0.8380532551764147,0.1619467448235853,False
2800,7.943282347242822e-05,0.222411905722799,0.8005784584096599,0.1994215415903401,False
2800,0.0001,0.28,0.7557731598519937,0.24422684014800633,False
2800,0.00012589254117941674,0.3524991153023669,0.7029135936064126,0.2970864063935874,False
2800,0.00015848931924611142,0.443770093889112,0.6415903493913653,0.3584096506086347,False
2800,0.0001995262314968881,0.5586734481912866,0.5719354231251548,0.4280645768748452,False
2800,0.0002511886431509582,0.703328200822683,0.4948915904229084,0.5051084095770916,False
2800,0.00031622776601683794,0.8854377448471462,0.4124757864816706,0.5875242135183294,False
2800,0.00039810717055349735,1.1147000775497926,0.32794085023690206,0.6720591497630979,False
2800,0.0005011872336272725,1.403324254156363,0.24569212879597468,0.7543078712040253,False
2800,0.0006309573444801936,1.7666805645445423,0.17080407337078818,0.8291959266292118,False
2800,0.0007943282347242822,2.2241190572279903,0.10806710896119252,0.8919328910388075,False
2800,0.001,2.8000000000000003,0.060724931384432544,0.9392750686155674,False
2800,0.0012589254117941675,3.524991153023669,0.029386735864930444,0.9706132641350695,False
2800,0.001584893192461114,4.437700938891119,0.011781540933895234,0.9882184590661047,False
2800,0.0019952623149688807,5.586734481912866,0.003726389758717478,0.9962736102412825,False
2800,0.002511886431509582,7.03328200822683,0.0008742621964943331,0.9991257378035057,False
2800,0.0031622776601683794,8.854377448471462,0.00014076664575604514,0.999859233354244,False
2800,0.003981071705534973,11.147000775497926,1.4101232600321182e-05,0.9999858987673996,False
2800,0.005011872336272725,14.033242541563629,7.764551969314158e-07,0.9999992235448031,False
2800,0.006309573444801936,17.66680564544542,2.009537380933546e-08,0.9999999799046262,False
2800,0.00794328234724282,22.241190572279898,2.0054244820670745e-10,0.9999999997994575,False
2800,0.01,28.0,6.005440564497951e-13,0.9999999999993995,False
2900,1e-06,0.0029,0.9971041994922267,0.002895800507773272,False
2900,1.2589254117941661e-06,0.003650883694203082,0.996355770388901,0.0036442296110990036,False
2900,1.584893192461114e-06,0.004596190258137231,0.9954143524349479,0.004585647565052087,False
2900,1.9952623149688787e-06,0.0057862607134097485,0.9942304417125177,0.005769558287482268,False
2900,2.5118864315095823e-06,0.007284470651377789,0.9927419877163123,0.00725801228368772,False
2900,3.162277660168379e-06,0.0091706052144883,0.9908713021706766,0.009128697829323351,False
2900,3.981071705534969e-06,0.01154510794605141,0.988521258360428,0.011478741639571965,False
2900,5.011872336272725e-06,0.014534429775190903,0.9855706492742172,0.014429350725782775,False
2900,6.30957344480193e-06,0.018297762989925595,0.9818685680097577,0.018131431990242253,False
2900,7.943282347242822e-06,0.023035518807004184,0.977227683786375,0.022772316213624966,False
2900,1e-05,0.029,0.9714163236104169,0.028583676389583146,False
2900,1.2589254117941661e-05,0.03650883694203082,0.9641493521521671,0.03585064784783287,False
2900,1.584893192461114e-05,0.04596190258137231,0.9550779996515605,0.04492200034843952,False
2900,1.9952623149688786e-05,0.05786260713409748,0.9437790623054787,0.0562209376945213,False
2900,2.5118864315095822e-05,0.07284470651377788,0.929744351562459,0.07025564843754095,False
2900,3.1622776601683795e-05,0.091706052144883,0.9123719773383243,0.08762802266167569,False
2900,3.9810717055349695e-05,0.11545107946051411,0.8909621100457304,0.10903788995426955,False
2900,5.011872336272725e-05,0.14534429775190902,0.864721369514666,0.13527863048533395,False
2900,6.309573444801929e-05,0.18297762989925595,0.832781977557864,0.16721802244213602,False
2900,7.943282347242822e-05,0.23035518807004185,0.7942441768951947,0.20575582310480534,False
2900,0.0001,0.29000000000000004,0.7482527171121548,0.2517472828878452,False
2900,0.00012589254117941674,0.36508836942030853,0.6941193547874397,0.3058806452125603,False
2900,0.00015848931924611142,0.4596190258137231,0.6315011904896264,0.3684988095103736,False
2900,0.0001995262314968881,0.5786260713409754,0.5606357874306783,0.4393642125693217,False
2900,0.0002511886431509582,0.7284470651377789,0.48261378157084894,0.5173862184291511,False
2900,0.00031622776601683794,0.91706052144883,0.3996342392679433,0.6003657607320567,False
2900,0.00039810717055349735,1.1545107946051423,0.31513925290456,0.68486074709544,False
2900,0.0005011872336272725,1.4534429775190902,0.23367890126473928,0.7663210987352607,False
2900,0.0006309573444801936,1.8297762989925614,0.16035682392324127,0.8396431760767588,False
2900,0.0007943282347242822,2.3035518807004185,0.09981196095279832,0.9001880390472017,False
2900,0.001,2.9,0.05494344105065337,0.9450565589493466,False
2900,0.0012589254117941675,3.6508836942030856,0.02590851188891543,0.9740914881110846,False
2900,0.001584893192461114,4.596190258137231,0.0100534808982277,0.9899465191017723,False
2900,0.0019952623149688807,5.786260713409754,0.0030517473297706583,0.9969482526702294,False
2900,0.002511886431509582,7.284470651377788,0.0006798523726363009,0.9993201476273637,False
2900,0.0031622776601683794,9.170605214488301,0.00010255248354388065,0.9998974475164562,False
2900,0.003981071705534973,11.545107946051424,9.462725840602107e-06,0.9999905372741594,False
2900,0.005011872336272725,14.534429775190901,4.697927091667984e-07,0.9999995302072908,False
2900,0.006309573444801936,18.297762989925616,1.0671037936426e-08,0.9999999893289621,False
2900,0.00794328234724282,23.03551880700418,9.033510171869863e-11,0.9999999999096649,False
2900,0.01,29.0,2.198185470200408e-13,0.9999999999997802,False
3000,1e-06,0.003,0.9970044940077792,0.0029955059922207594,False
3000,1.2589254117941661e-06,0.003776776235382498,0.9962303444453569,0.0037696555546431476,False
3000,1.584893192461114e-06,0.004754679577383342,0.9952566022680424,0.004743397731957644,False
3000,1.9952623149688787e-06,0.005985786944906636,0.994032086250579,0.005967913749420961,False
3000,2.5118864315095823e-06,0.007535659294528747,0.9924926532065771,0.007507346793422909,False
3000,3.162277660168379e-06,0.009486832980505138,0.9905580101954437,0.00944198980455635,False
3000,3.981071705534969e-06,0.011943215116604908,0.9881277985008279,0.01187220149917212,False
3000,5.011872336272725e-06,0.015035617008818175,0.9850768163711604,0.014923183628839598,False
3000,6.30957344480193e-06,0.018928720334405787,0.9812492442755945,0.018750755724405543,False
3000,7.943282347242822e-06,0.023829847041728466,0.9764517493777585,0.02354825062224153,False
3000,1e-05,0.030000000000000002,0.9704453879808511,0.029554612019148885,False
3000,1.2589254117941661e-05,0.03776776235382499,0.9629363161175079,0.03706368388249215,False
3000,1.584893192461114e-05,0.047546795773833424,0.953565489945553,0.04643451005444699,False
3000,1.9952623149688786e-05,0.05985786944906636,0.9418978341369733,0.058102165863026745,False
3000,2.5118864315095822e-05,0.07535659294528746,0.9274118407734071,0.0725881592265929,False
3000,3.1622776601683795e-05,0.09486832980505139,0.9094913153961566,0.09050868460384343,False
3000,3.9810717055349695e-05,0.11943215116604908,0.8874221067123024,0.11257789328769763,False
3000,5.011872336272725e-05,0.15035617008818175,0.8603982306278897,0.13960176937211033,False
3000,6.309573444801929e-05,0.18928720334405788,0.8275438557889685,0.1724561442110315,False
3000,7.943282347242822e-05,0.23829847041728466,0.7879600130448797,0.21203998695512027,False
3000,0.0001,0.3,0.7408071077509111,0.2591928922490889,False
3000,0.00012589254117941674,0.37767762353825024,0.6854351417769141,0.3145648582230859,False
3000,0.00015848931924611142,0.4754679577383343,0.6215706859807427,0.3784293140192573,False
3000,0.0001995262314968881,0.5985786944906643,0.5495593968118963,0.45044060318810375,False
3000,0.0002511886431509582,0.7535659294528747,0.47064057395494885,0.5293594260450512,False
3000,0.00031622776601683794,0.9486832980505138,0.3871924860306066,0.6128075139693934,False
3000,0.00039810717055349735,1.1943215116604922,0.30283738256304893,0.6971626174369511,False
3000,0.0005011872336272725,1.5035617008818176,0.22225306591584387,0.7777469340841561,False
3000,0.0006309573444801936,1.8928720334405809,0.15054858160746418,0.8494514183925358,False
3000,0.0007943282347242822,2.3829847041728467,0.09218741618062992,0.90781258381937,False
3000,0.001,3.0,0.04971239399803616,0.9502876060019638,False
3000,0.0012589254117941675,3.7767762353825023,0.022841971676722694,0.9771580283232773,False
3000,0.001584893192461114,4.754679577383342,0.008578884437794207,0.9914211155622058,False
3000,0.0019952623149688807,5.985786944906642,0.002499245212601615,0.9975007547873984,False
3000,0.002511886431509582,7.535659294528746,0.0005286734922687507,0.9994713265077313,False
3000,0.0031622776601683794,9.486832980505138,7.471238534193933e-05,0.999925287614658,False
3000,0.003981071705534973,11.94321511660492,6.35002505613299e-06,0.9999936499749439,False
3000,0.005011872336272725,15.035617008818173,2.8424716642829666e-07,0.9999997157528335,False
3000,0.006309573444801936,18.92872033440581,5.6665306015727454e-09,0.9999999943334694,False
3000,0.00794328234724282,23.829847041728463,4.069178707799723e-11,0.9999999999593082,False
3000,0.01,30.0,8.046069742102495e-14,0.9999999999999195,False
3100,1e-06,0.0031,0.9969047984933866,0.0030952015066133542,False
3100,1.2589254117941661e-06,0.003902668776561915,0.9961049342910194,0.003895065708980572,False
3100,1.584893192461114e-06,0.004913168896629454,0.9950988771008921,0.004901122899107935,False
3100,1.9952623149688787e-06,0.006185313176403524,0.9938337703618496,0.006166229638150389,False
3100,2.5118864315095823e-06,0.007786847937679705,0.9922433813190524,0.007756618680947569,False
3100,3.162277660168379e-06,0.009803060746521975,0.9902448172763256,0.009755182723674372,False
3100,3.981071705534969e-06,0.012341322287158405,0.9877344952495554,0.012265504750444634,False
3100,5.011872336272725e-06,0.015536804242445447,0.9845832309094578,0.015416769090542237,False
3100,6.30957344480193e-06,0.019559677678885983,0.9806303111862693,0.01936968881373069,False
3100,7.943282347242822e-06,0.024624175276452748,0.9756764310734709,0.024323568926529093,False
3100,1e-05,0.031000000000000003,0.9694754228064587,0.03052457719354129,False
3100,1.2589254117941661e-05,0.03902668776561915,0.9617248062534756,0.03827519374652444,False
3100,1.584893192461114e-05,0.04913168896629454,0.9520553755262254,0.047944624473774566,False
3100,1.9952623149688786e-05,0.06185313176403524,0.9400203558073479,0.059979644192652115,False
3100,2.5118864315095822e-05,0.07786847937679704,0.9250851817075433,0.07491481829245672,False
3100,3.1622776601683795e-05,0.09803060746521977,0.9066197486623371,0.09338025133766292,False
3100,3.9810717055349695e-05,0.12341322287158406,0.8838961686499552,0.11610383135004476,False
3100,5.011872336272725e-05,0.15536804242445448,0.8560967050959964,0.14390329490400355,False
3100,6.309573444801929e-05,0.1955967767888598,0.8223386813224947,0.17766131867750534,False
3100,7.943282347242822e-05,0.24624175276452748,0.7817255703211986,0.2182744296788014,False
3100,0.0001,0.31,0.7334355871266574,0.26656441287334265,False
3100,0.00012589254117941674,0.3902668776561919,0.6768595780283518,0.32314042197164816,False
3100,0.00015848931924611142,0.4913168896629454,0.6117963409871318,0.38820365901286824,False
3100,0.0001995262314968881,0.6185313176403531,0.5387018406519383,0.46129815934806173,False
3100,0.0002511886431509582,0.7786847937679705,0.45896441069643706,0.541035589303563,False
3100,0.00031622776601683794,0.9803060746521977,0.37513808004335125,0.6248619199566487,False
3100,0.00039810717055349735,1.2341322287158418,0.2910157317197582,0.7089842682802419,False
3100,0.0005011872336272725,1.5536804242445448,0.21138590194341206,0.7886140980565879,False
3100,0.0006309573444801936,1.9559677678886003,0.14134026148377943,0.8586597385162206,False
3100,0.0007943282347242822,2.462417527645275,0.08514530343792834,0.9148546965620716,False
3100,0.001,3.1,0.0449793837036458,0.9550206162963542,False
3100,0.0012589254117941675,3.902668776561919,0.02013838819910869,0.9798616118008913,False
3100,0.001584893192461114,4.913168896629454,0.007320574728500442,0.9926794252714995,False
3100,0.0019952623149688807,6.18531317640353,0.0020467705736246194,0.9979532294263754,False
3100,0.002511886431509582,7.786847937679704,0.00041111228360330804,0.9995888877163966,False
3100,0.0031622776601683794,9.803060746521977,5.4430086240612625e-05,0.9999455699137594,False
3100,0.003981071705534973,12.341322287158418,4.261226510494682e-06,0.9999957387734895,False
3100,0.005011872336272725,15.536804242445447,1.7198319609048946e-07,0.9999998280168039,False
3100,0.006309573444801936,19.559677678886004,3.0090389753889944e-09,0.999999996990961,False
3100,0.00794328234724282,24.624175276452743,1.832976887276058e-11,0.9999999999816702,False
3100,0.01,31.0,2.9451217457494636e-14,0.9999999999999706,False
3200,1e-06,0.0031999999999999997,0.996805112948052,0.0031948870519480366,False
3200,1.2589254117941661e-06,0.0040285613177413315,0.9959795399239012,0.004020460076098797,False
3200,1.584893192461114e-06,0.005071658215875565,0.994941176929535,0.005058823070465013,False
3200,1.9952623149688787e-06,0.006384839407900412,0.9936354940384343,0.006364505961565681,False
3200,2.5118864315095823e-06,0.008038036580830663,0.9919941720380102,0.008005827961989787,False
3200,3.162277660168379e-06,0.010119288512538814,0.9899317233820034,0.010068276617996585,False
3200,3.981071705534969e-06,0.012739429457711901,0.9873413485442758,0.012658651455724201,False
3200,5.011872336272725e-06,0.01603799147607272,0.9840898927651256,0.015910107234874404,False
3200,6.30957344480193e-06,0.020190635023366175,0.9800117684953789,0.019988231504621146,False
3200,7.943282347242822e-06,0.02541850351117703,0.9749017283843158,0.02509827161568423,False
3200,1e-05,0.032,0.9685064271172649,0.03149357288273513,False
3200,1.2589254117941661e-05,0.04028561317741332,0.9605148206399322,0.03948517936006779,False
3200,1.584893192461114e-05,0.05071658215875565,0.9505476526002808,0.049452347399719154,False
3200,1.9952623149688786e-05,0.06384839407900411,0.938146619842075,0.061853380157924964,False
3200,2.5118864315095822e-05,0.08038036580830663,0.9227643596842647,0.07723564031573527,False
3200,3.1622776601683795e-05,0.10119288512538814,0.9037572484202666,0.09624275157973339,False
3200,3.9810717055349695e-05,0.127394294577119,0.8803842399740383,0.11961576002596175,False
3200,5.011872336272725e-05,0.16037991476072722,0.8518166848639084,0.14818331513609162,False
3200,6.309573444801929e-05,0.20190635023366174,0.8171662469229513,0.18283375307704874,False
3200,7.943282347242822e-05,0.2541850351117703,0.7755404553240917,0.22445954467590834,False
3200,0.0001,0.32,0.7261374180074652,0.27386258199253477,False
3200,0.00012589254117941674,0.4028561317741336,0.6683913042174124,0.33160869578258756,False
3200,0.00015848931924611142,0.5071658215875565,0.6021756998637466,0.39782430013625336,False
3200,0.0001995262314968881,0.6384839407900419,0.5280587954737788,0.47194120452622124,False
3200,0.0002511886431509582,0.8038036580830663,0.4475779223958104,0.5524220776041896,False
3200,0.00031622776601683794,1.0119288512538813,0.36345896208194384,0.6365410379180562,False
3200,0.00039810717055349735,1.2739429457711915,0.27965555438240614,0.7203444456175938,False
3200,0.0005011872336272725,1.6037991476072722,0.2010500928583339,0.7989499071416661,False
3200,0.0006309573444801936,2.0190635023366195,0.1326951692470325,0.8673048307529675,False
3200,0.0007943282347242822,2.541850351117703,0.0786411312725367,0.9213588687274633,False
3200,0.001,3.2,0.04069699315707305,0.9593030068429269,False
3200,0.0012589254117941675,4.028561317741336,0.01775480177445821,0.9822451982255418,False
3200,0.001584893192461114,5.071658215875565,0.006246827864875463,0.9937531721351245,False
3200,0.0019952623149688807,6.384839407900418,0.0016762139864998642,0.9983237860135001,False
3200,0.002511886431509582,8.038036580830662,0.0003196931796300636,0.9996803068203699,False
3200,0.0031622776601683794,10.119288512538814,3.9653857584673734e-05,0.9999603461424154,False
3200,0.003981071705534973,12.739429457711914,2.8595243661606114e-06,0.9999971404756338,False
3200,0.005011872336272725,16.03799147607272,1.0405809883406899e-07,0.9999998959419012,False
3200,0.006309573444801936,20.190635023366195,1.5978587590962669e-09,0.9999999984021413,False
3200,0.00794328234724282,25.418503511177025,8.256713480900256e-12,0.9999999999917433,False
3200,0.01,32.0,1.0780098079313761e-14,0.9999999999999892,False
3300,1e-06,0.0033,0.9967054373707784,0.0032945626292215646,False
3300,1.2589254117941661e-06,0.0041544538589207486,0.9958541613420148,0.004145838657985235,False
3300,1.584893192461114e-06,0.005230147535121676,0.9947835017500101,0.0052164982499899315,False
3300,1.9952623149688787e-06,0.0065843656393973,0.9934372572724395,0.006562742727560522,False
3300,2.5118864315095823e-06,0.008289225223981622,0.9917450253477263,0.00825497465227365,False
3300,3.162277660168379e-06,0.010435516278555651,0.9896187284811674,0.010381271518832613,False
3300,3.981071705534969e-06,0.013137536628265398,0.9869483583226796,0.013051641677320425,False
3300,5.011872336272725e-06,0.01653917870969999,0.9835968018142425,0.016403198185757528,False
3300,6.30957344480193e-06,0.020821592367846368,0.9793936159566753,0.02060638404332471,False
3300,7.943282347242822e-06,0.026212831745901312,0.9741276408214846,0.02587235917851538,False
3300,1e-05,0.033,0.9675383999442638,0.03246160005573617,False
3300,1.2589254117941661e-05,0.04154453858920748,0.9593063573591555,0.04069364264084452,False
3300,1.584893192461114e-05,0.052301475351216764,0.9490423173804297,0.050957682619570344,False
3300,1.9952623149688786e-05,0.065843656393973,0.9362766187815262,0.06372338121847376,False
3300,2.5118864315095822e-05,0.08289225223981621,0.9204493600597992,0.07955063994020084,False
3300,3.1622776601683795e-05,0.10435516278555652,0.9009037860440137,0.09909621395598633,False
3300,3.9810717055349695e-05,0.131375366282654,0.8768862650219432,0.12311373497805678,False
3300,5.011872336272725e-05,0.16539178709699992,0.8475580624167646,0.15244193758323543,False
3300,6.309573444801929e-05,0.20821592367846367,0.8120263466583394,0.1879736533416606,False
3300,7.943282347242822e-05,0.2621283174590131,0.769404277766132,0.23059572223386804,False
3300,0.0001,0.33,0.7189118704973513,0.2810881295026487,False
3300,0.00012589254117941674,0.41544538589207525,0.6600289780264297,0.3399710219735703,False
3300,0.00015848931924611142,0.5230147535121676,0.5927063455811353,0.40729365441886467,False
3300,0.0001995262314968881,0.6584365639397307,0.5176260232186284,0.4823739767813716,False
3300,0.0002511886431509582,0.8289225223981621,0.43647392248164396,0.563526077518356,False
3300,0.00031622776601683794,1.0435516278555652,0.3521434483601825,0.6478565516398175,False
3300,0.00039810717055349735,1.3137536628265412,0.26873883633288514,0.7312611636671149,False
3300,0.0005011872336272725,1.6539178709699993,0.1912196578235639,0.8087803421764361,False
3300,0.0006309573444801936,2.082159236784639,0.12457885500317505,0.875421144996825,False
3300,0.0007943282347242822,2.6212831745901313,0.07263380689379832,0.9273661931062017,False
3300,0.001,3.3000000000000003,0.03682231981966005,0.96317768018034,False
3300,0.0012589254117941675,4.1544538589207525,0.015653337443572387,0.9843466625564277,False
3300,0.001584893192461114,5.230147535121676,0.005330573052066642,0.9946694269479334,False
3300,0.0019952623149688807,6.584365639397306,0.0013727446372077208,0.9986272553627923,False
3300,0.002511886431509582,8.28922522398162,0.00024860295636556297,0.9997513970436345,False
3300,0.0031622776601683794,10.435516278555651,2.8888957007977885e-05,0.999971111042992,False
3300,0.003981071705534973,13.137536628265412,1.9189028277487646e-06,0.9999980810971723,False
3300,0.005011872336272725,16.539178709699993,6.29601506374125e-08,0.9999999370398494,False
3300,0.006309573444801936,20.82159236784639,8.484943647799053e-10,0.9999999991515056,False
3300,0.00794328234724282,26.21283174590131,3.7192677102977944e-12,0.9999999999962808,False
3300,0.01,33.0,3.945864539126257e-15,0.999999999999996,False
3400,1e-06,0.0034,0.9966057717605692,0.0033942282394308076,False
3400,1.2589254117941661e-06,0.004280346400100165,0.9957287985433732,0.00427120145662685,False
3400,1.584893192461114e-06,0.005388636854367788,0.9946258515583566,0.0053741484416434115,False
3400,1.9952623149688787e-06,0.006783891870894188,0.9932390600559733,0.0067609399440267115,False
3400,2.5118864315095823e-06,0.00854041386713258,0.9914959412324809,0.00850405876751914,False
3400,3.162277660168379e-06,0.010751744044572489,0.989305832542518,0.010694167457481973,False
3400,3.981071705534969e-06,0.013535643798818895,0.9865555245224815,0.01344447547751848,False
3400,5.011872336272725e-06,0.017040365943327265,0.9831039579329488,0.016896042067051198,False
3400,6.30957344480193e-06,0.02145254971232656,0.9787758533240661,0.021224146675933864,False
3400,7.943282347242822e-06,0.027007159980625594,0.9733541678965576,0.0266458321034424,False
3400,1e-05,0.034,0.9665713403194189,0.03342865968058106,False
3400,1.2589254117941661e-05,0.04280346400100165,0.9580994144958357,0.04190058550416431,False
3400,1.584893192461114e-05,0.05388636854367788,0.94753936608538,0.05246063391461997,False
3400,1.9952623149688786e-05,0.06783891870894188,0.9344103451809421,0.06558965481905787,False
3400,2.5118864315095822e-05,0.08540413867132579,0.9181401682271115,0.08185983177288847,False
3400,3.1622776601683795e-05,0.10751744044572491,0.8980593329980282,0.1019406670019718,False
3400,3.9810717055349695e-05,0.13535643798818897,0.873402188352223,0.12659781164777695,False
3400,5.011872336272725e-05,0.17040365943327265,0.8433207307772201,0.15667926922277986,False
3400,6.309573444801929e-05,0.2145254971232656,0.8069187758919534,0.19308122410804662,False
3400,7.943282347242822e-05,0.27007159980625595,0.7633166504478978,0.23668334955210224,False
3400,0.0001,0.34,0.7117582219632798,0.28824177803672024,False
3400,0.00012589254117941674,0.42803464001001695,0.6517712739316399,0.3482287260683601,False
3400,0.00015848931924611142,0.5388636854367789,0.5833858991182018,0.4166141008817982,False
3400,0.0001995262314968881,0.6783891870894195,0.5073993695583406,0.49260063044165936,False
3400,0.0002511886431509582,0.854041386713258,0.42564540267479334,0.5743545973252067,False
3400,0.00031622776601683794,1.075174404457249,0.3411802188414408,0.6588197811585592,False
3400,0.00039810717055349735,1.353564379881891,0.2582482665615056,0.7417517334384944,False
3400,0.0005011872336272725,1.7040365943327267,0.1818698863468104,0.8181301136531896,False
3400,0.0006309573444801936,2.1452549712326583,0.11695897598961905,0.883041024010381,False
3400,0.0007943282347242822,2.7007159980625595,0.06708537655190078,0.9329146234480992,False
3400,0.001,3.4,0.033316545811337896,0.9666834541886621,False
3400,0.0012589254117941675,4.28034640010017,0.013800603140207255,0.9861993968597927,False
3400,0.001584893192461114,5.388636854367788,0.004548710109844777,0.9954512898901552,False
3400,0.0019952623149688807,6.783891870894195,0.0011242167492692674,0.9988757832507308,False
3400,0.002511886431509582,8.540413867132578,0.00019332107736929043,0.9998066789226308,False
3400,0.0031622776601683794,10.75174404457249,2.104642241241512e-05,0.9999789535775876,False
3400,0.003981071705534973,13.53564379881891,1.287692493869586e-06,0.9999987123075061,False
3400,0.005011872336272725,17.040365943327263,3.809391688586043e-08,0.9999999619060831,False
3400,0.006309573444801936,21.452549712326583,4.505671624383418e-10,0.9999999995494329,False
3400,0.00794328234724282,27.00715998062559,1.675358159498051e-12,0.9999999999983247,False
3400,0.01,34.0,1.4443140356033952e-15,0.9999999999999986,False
3500,1e-06,0.0034999999999999996,0.9965061161164277,0.003493883883572302,False
3500,1.2589254117941661e-06,0.004406238941279581,0.9956034515259893,0.00439654847401072,False
3500,1.584893192461114e-06,0.0055471261736139,0.9944682263506146,0.005531773649385396,False
3500,1.9952623149688787e-06,0.006983418102391076,0.9930409023811454,0.006959097618854604,False
3500,2.5118864315095823e-06,0.008791602510283538,0.9912469196765574,0.008753080323442575,False
3500,3.162277660168379e-06,0.011067971810589328,0.9889930355347655,0.011006964465234526,False
3500,3.981071705534969e-06,0.013933750969372391,0.9861628470814214,0.013837152918578566,False
3500,5.011872336272725e-06,0.017541553176954536,0.9826113609974473,0.01738863900255272,False
3500,6.30957344480193e-06,0.022083507056806752,0.9781584803516141,0.021841519648385876,False
3500,7.943282347242822e-06,0.027801488215349876,0.9725813091215022,0.027418690878497798,False
3500,1e-05,0.035,0.9656052472756607,0.03439475272433934,False
3500,1.2589254117941661e-05,0.04406238941279581,0.9568939901370731,0.0431060098629269,False
3500,1.584893192461114e-05,0.05547126173613899,0.9460387949398283,0.05396120506017166,False
3500,1.9952623149688786e-05,0.06983418102391076,0.9325477916104029,0.06745220838959709,False
3500,2.5118864315095822e-05,0.08791602510283537,0.915836769615813,0.08416323038418705,False
3500,3.1622776601683795e-05,0.11067971810589328,0.8952238608368565,0.10477613916314354,False
3500,3.9810717055349695e-05,0.13933750969372394,0.8699319547437124,0.13006804525628757,False
3500,5.011872336272725e-05,0.17541553176954539,0.8391045835027588,0.16089541649724115,False
3500,6.309573444801929e-05,0.22083507056806753,0.8018433312742336,0.19815666872576643,False
3500,7.943282347242822e-05,0.2780148821534988,0.7572771892335398,0.24272281076646018,False
3500,0.0001,0.35000000000000003,0.7046757569628919,0.29532424303710814,False
3500,0.00012589254117941674,0.4406238941279586,0.643616882993071,0.35638311700692904,False
3500,0.00015848931924611142,0.55471261736139,0.5742120188645151,0.4257879811354849,False
3500,0.0001995262314968881,0.6983418102391084,0.4973747622411581,0.5026252377588418,False
3500,0.0002511886431509582,0.8791602510283538,0.4150855285651259,0.5849144714348741,False
3500,0.00031622776601683794,1.1067971810589328,0.3305583059141061,0.6694416940858938,False
3500,0.00039810717055349735,1.3933750969372407,0.24816720981634105,0.751832790183659,False
3500,0.0005011872336272725,1.7541553176954539,0.17297727616645547,0.8270227238335446,False
3500,0.0006309573444801936,2.2083507056806777,0.10980516769231542,0.8901948323076846,False
3500,0.0007943282347242822,2.7801488215349877,0.06196078574940535,0.9380392142505947,False
3500,0.001,3.5,0.030144549019052662,0.9698554509809474,False
3500,0.0012589254117941675,4.406238941279586,0.01216715909435046,0.9878328409056495,False
3500,0.001584893192461114,5.5471261736139,0.003881527081855177,0.9961184729181448,False
3500,0.0019952623149688807,6.983418102391083,0.0009206834724252606,0.9990793165275748,False
3500,0.002511886431509582,8.791602510283537,0.0001503322386088896,0.9998496677613911,False
3500,0.0031622776601683794,11.067971810589327,1.5332914104150082e-05,0.9999846670858958,False
3500,0.003981071705534973,13.933750969372406,8.641146048616746e-07,0.9999991358853951,False
3500,0.005011872336272725,17.541553176954537,2.3048650440244257e-08,0.9999999769513496,False
3500,0.006309573444801936,22.083507056806777,2.3926000724872103e-10,0.9999999997607399,False
3500,0.00794328234724282,27.801488215349874,7.546713980349534e-13,0.9999999999992454,False
3500,0.01,35.0,5.286656479856968e-16,0.9999999999999994,False
3600,1e-06,0.0036,0.9964064704373574,0.0035935295626425834,False
3600,1.2589254117941661e-06,0.004532131482458998,0.9954781202878765,0.004521879712123478,False
3600,1.584893192461114e-06,0.0057056154928600104,0.9943106261228247,0.005689373877175274,False
3600,1.9952623149688787e-06,0.007182944333887963,0.9928427842400669,0.007157215759933111,False
3600,2.5118864315095823e-06,0.009042791153434496,0.9909979606642438,0.009002039335756162,False
3600,3.162277660168379e-06,0.011384199576606165,0.9886803374266301,0.011319662573369915,False
3600,3.981071705534969e-06,0.014331858139925888,0.985770325937264,0.014229674062736009,False
3600,5.011872336272725e-06,0.01804274041058181,0.9821190108840024,0.01788098911599756,False
3600,6.30957344480193e-06,0.02271446440128695,0.977541496793537,0.022458503206463032,False
3600,7.943282347242822e-06,0.028595816450074158,0.9718090640086737,0.02819093599132627,False
3600,1e-05,0.036000000000000004,0.9646401198468862,0.035359880153113754,False
3600,1.2589254117941661e-05,0.04532131482458998,0.9556900823723744,0.044309917627625595,False
3600,1.584893192461114e-05,0.05705615492860011,0.94454060017445,0.05545939982555004,False
3600,1.9952623149688786e-05,0.07182944333887963,0.9306889506547988,0.06931104934520116,False
3600,2.5118864315095822e-05,0.09042791153434496,0.913539149692068,0.08646085030793205,False
3600,3.1622776601683795e-05,0.11384199576606166,0.8923973412048568,0.10760265879514319,False
3600,3.9810717055349695e-05,0.1433185813992589,0.8664755091946529,0.13352449080534712,False
3600,5.011872336272725e-05,0.18042740410581812,0.8349095146830198,0.16509048531698023,False
3600,6.309573444801929e-05,0.22714464401286946,0.7967998107346704,0.20320018926532957,False
3600,7.943282347242822e-05,0.2859581645007416,0.751285513026542,0.248714486973458,False
3600,0.0001,0.36000000000000004,0.697663767172953,0.302336232827047,False
3600,0.00012589254117941674,0.45321314824590025,0.6355645126470604,0.3644354873529396,False
3600,0.00015848931924611142,0.5705615492860011,0.5651824000320184,0.43481759996798164,False
3600,0.0001995262314968881,0.7182944333887972,0.48754820947014343,0.5124517905298566,False
3600,0.0002511886431509582,0.9042791153434496,0.4047876352979891,0.5952123647020109,False
3600,0.00031622776601683794,1.1384199576606167,0.3202670834195844,0.6797329165804156,False
3600,0.00039810717055349735,1.4331858139925904,0.23847968022414587,0.7615203197758541,False
3600,0.0005011872336272725,1.804274041058181,0.1645194741745708,0.8354805258254292,False
3600,0.0006309573444801936,2.271446440128697,0.10308892284597014,0.8969110771540298,False
3600,0.0007943282347242822,2.859581645007416,0.057227657769999295,0.9427723422300007,False
3600,0.001,3.6,0.027274551230723105,0.9727254487692769,False
3600,0.0012589254117941675,4.532131482459003,0.010727050037105253,0.9892729499628947,False
3600,0.001584893192461114,5.7056154928600105,0.003312203267156389,0.9966877967328436,False
3600,0.0019952623149688807,7.182944333887971,0.000753998779103769,0.9992460012208962,False
3600,0.002511886431509582,9.042791153434495,0.00011690283476948051,0.9998830971652305,False
3600,0.0031622776601683794,11.384199576606166,1.1170461673645868e-05,0.9999888295383264,False
3600,0.003981071705534973,14.331858139925904,5.798698477238084e-07,0.9999994201301523,False
3600,0.005011872336272725,18.042740410581807,1.3945541192529764e-08,0.9999999860544588,False
3600,0.006309573444801936,22.71446440128697,1.2705176018345948e-10,0.9999999998729482,False
3600,0.00794328234724282,28.595816450074153,3.399445759005143e-13,0.99999999999966,False
3600,0.01,36.0,1.9350872488293343e-16,0.9999999999999998,False
3700,1e-06,0.0036999999999999997,0.9963068347223617,0.0036931652776382995,False
3700,1.2589254117941661e-06,0.004658024023638414,0.9953528048270488,0.004647195172951202,False
3700,1.584893192461114e-06,0.005864104812106122,0.9941530508710281,0.005846949128971879,False
3700,1.9952623149688787e-06,0.007382470565384851,0.9926447056248504,0.00735529437514959,False
3700,2.5118864315095823e-06,0.009293979796585455,0.9907490641798318,0.009250935820168227,False
3700,3.162277660168379e-06,0.011700427342623002,0.988367738186842,0.011632261813158018,False
3700,3.981071705534969e-06,0.014729965310479386,0.9853779610277985,0.01462203897220149,False
3700,5.011872336272725e-06,0.018543927644209084,0.981626907468941,0.01837309253105901,False
3700,6.30957344480193e-06,0.02334542174576714,0.9769249024042076,0.023075097595792404,False
3700,7.943282347242822e-06,0.02939014468479844,0.9710374320708144,0.028962567929185612,False
3700,1e-05,0.037000000000000005,0.9636759570679586,0.03632404293204139,False
3700,1.2589254117941661e-05,0.04658024023638414,0.9544876892936501,0.04551231070634987,False
3700,1.584893192461114e-05,0.058641048121061225,0.9430447780258892,0.05695522197411085,False
3700,1.9952623149688786e-05,0.07382470565384851,0.9288338149138008,0.07116618508619921,False
3700,2.5118864315095822e-05,0.09293979796585454,0.9112472939585029,0.0887527060414971,False
3700,3.1622776601683795e-05,0.11700427342623004,0.8895797458359153,0.11042025416408474,False
3700,3.9810717055349695e-05,0.14729965310479387,0.8630327969218207,0.13696720307817933,False
3700,5.011872336272725e-05,0.18543927644209082,0.8307354189371362,0.1692645810628638,False
3700,6.309573444801929e-05,0.2334542174576714,0.7917880134737588,0.20821198652624118,False
3700,7.943282347242822e-05,0.2939014468479844,0.7453412437456736,0.25465875625432643,False
3700,0.0001,0.37,0.6907215513185134,0.3092784486814866,False
3700,0.00012589254117941674,0.46580240236384196,0.6276128865013694,0.37238711349863063,False
3700,0.00015848931924611142,0.5864104812106122,0.5562947740759882,0.44370522592401185,False
3700,0.0001995262314968881,0.738247056538486,0.4779157983136458,0.5220842016863543,False
3700,0.0002511886431509582,0.9293979796585454,0.39474522336769374,0.6052547766323062,False
3700,0.00031622776601683794,1.1700427342623003,0.3102962560218939,0.6897037439781061,False
3700,0.00039810717055349735,1.4729965310479403,0.22917031594101434,0.7708296840589857,False
3700,0.0005011872336272725,1.8543927644209084,0.15647522022852942,0.8435247797714706,False
3700,0.0006309573444801936,2.3345421745767165,0.09678347783522509,0.9032165221647749,False
3700,0.0007943282347242822,2.939014468479844,0.05285608912523501,0.947143910874765,False
3700,0.001,3.7,0.02467779976960881,0.9753222002303912,False
3700,0.0012589254117941675,4.658024023638419,0.009457392773962308,0.9905426072260377,False
3700,0.001584893192461114,5.864104812106122,0.0028263851447142326,0.9971736148552858,False
3700,0.0019952623149688807,7.382470565384859,0.0006174914353489985,0.999382508564651,False
3700,0.002511886431509582,9.293979796585454,9.090713278537138e-05,0.9999090928672146,False
3700,0.0031622776601683794,11.700427342623003,8.13799732750201e-06,0.9999918620026725,False
3700,0.003981071705534973,14.729965310479402,3.8912551461048245e-07,0.9999996108744854,False
3700,0.005011872336272725,18.54392764420908,8.437722618803511e-09,0.9999999915622774,False
3700,0.006309573444801936,23.345421745767165,6.746697850315972e-11,0.999999999932533,False
3700,0.00794328234724282,29.390144684798436,1.5312931560025565e-13,0.9999999999998469,False
3700,0.01,37.0,7.08304516256973e-17,0.9999999999999999,False
3800,1e-06,0.0038,0.9962072089704443,0.0037927910295556533,False
3800,1.2589254117941661e-06,0.004783916564817831,0.9952275051415197,0.004772494858480303,False
3800,1.584893192461114e-06,0.006022594131352234,0.9939955005912668,0.006004499408733155,False
3800,1.9952623149688787e-06,0.007581996796881739,0.9924466665276106,0.007553333472389401,False
3800,2.5118864315095823e-06,0.009545168439736412,0.9905002302076169,0.009499769792383095,False
3800,3.162277660168379e-06,0.012016655108639841,0.9880552377841411,0.01194476221585894,False
3800,3.981071705534969e-06,0.015128072481032883,0.9849857522908391,0.015014247709160933,False
3800,5.011872336272725e-06,0.019045114877836354,0.9811350506286514,0.018864949371348638,False
3800,6.30957344480193e-06,0.023976379090247333,0.9763086969381539,0.02369130306184608,False
3800,7.943282347242822e-06,0.030184472919522722,0.9702664128210535,0.029733587178946475,False
3800,1e-05,0.038000000000000006,0.9627127579747052,0.037287242025294765,False
3800,1.2589254117941661e-05,0.04783916564817831,0.9532868089952115,0.046713191004788546,False
3800,1.584893192461114e-05,0.06022594131352234,0.9415513247367503,0.058448675263249705,False
3800,1.9952623149688786e-05,0.07581996796881739,0.9269823770018304,0.0730176229981696,False
3800,2.5118864315095822e-05,0.09545168439736412,0.9089611879541151,0.09103881204588493,False
3800,3.1622776601683795e-05,0.12016655108639843,0.8867710465531637,0.11322895344683626,False
3800,3.9810717055349695e-05,0.15128072481032884,0.8596037633596593,0.14039623664034073,False
3800,5.011872336272725e-05,0.19045114877836355,0.8265821914110889,0.1734178085889111,False
3800,6.309573444801929e-05,0.23976379090247332,0.7868077399550044,0.21319226004499559,False
3800,7.943282347242822e-05,0.30184472919522726,0.7394440063011322,0.26055599369886784,False
3800,0.0001,0.38,0.6838484151027727,0.3161515848972273,False
3800,0.00012589254117941674,0.4783916564817836,0.6197607441328602,0.3802392558671398,False
3800,0.00015848931924611142,0.6022594131352234,0.5475469081250993,0.4524530918749007,False
3800,0.0001995262314968881,0.7581996796881747,0.4684736931471725,0.5315263068528275,False
3800,0.0002511886431509582,0.9545168439736412,0.38495195451535696,0.615048045484643,False
3800,0.00031622776601683794,1.2016655108639842,0.30063584890821465,0.6993641510917854,False
3800,0.00039810717055349735,1.51280724810329,0.22022435479258423,0.7797756452074158,False
3800,0.0005011872336272725,1.9045114877836355,0.14882429370997385,0.8511757062900261,False
3800,0.0006309573444801936,2.397637909024736,0.09086370604412299,0.909136293955877,False
3800,0.0007943282347242822,3.0184472919522722,0.04881846062690644,0.9511815393730936,False
3800,0.001,3.8000000000000003,0.02232827943958655,0.9776717205604134,False
3800,0.0012589254117941675,4.783916564817837,0.008338012573038291,0.9916619874269617,False
3800,0.001584893192461114,6.022594131352234,0.0024118244992613587,0.9975881755007386,False
3800,0.0019952623149688807,7.5819967968817465,0.000505697997525392,0.9994943020024746,False
3800,0.002511886431509582,9.545168439736411,7.069209919120483e-05,0.9999293079008088,False
3800,0.0031622776601683794,12.016655108639842,5.928761266750256e-06,0.9999940712387333,False
3800,0.003981071705534973,15.128072481032898,2.611252623588619e-07,0.9999997388747376,False
3800,0.005011872336272725,19.045114877836355,5.105227685965005e-09,0.9999999948947723,False
3800,0.006309573444801936,23.97637909024736,3.582628986621786e-11,0.9999999999641737,False
3800,0.00794328234724282,30.18447291952272,6.897767741722989e-14,0.999999999999931,False
3800,0.01,38.0,2.5926236041994185e-17,1.0,False
3900,1e-06,0.0039,0.996107593180609,0.003892406819390959,False
3900,1.2589254117941661e-06,0.004909809105997248,0.9951022212293035,0.004897778770696526,False
3900,1.584893192461114e-06,0.006181083450598345,0.9938379752795832,0.0061620247204168255,False
3900,1.9952623149688787e-06,0.007781523028378627,0.992248666940463,0.007751333059537013,False
3900,2.5118864315095823e-06,0.009796357082887371,0.9902514587318989,0.009748541268101096,False
3900,3.162277660168379e-06,0.012332882874656679,0.9877428361872771,0.012257163812722904,False
3900,3.981071705534969e-06,0.01552617965158638,0.9845936996642245,0.015406300335775502,False
3900,5.011872336272725e-06,0.019546302111463628,0.9806434402395843,0.019356559760415726,False
3900,6.30957344480193e-06,0.024607336434727525,0.9756928801500583,0.024307119849941716,False
3900,7.943282347242822e-06,0.030978801154247004,0.9694960057729071,0.030503994227092934,False
3900,1e-05,0.039,0.9617505216039172,0.03824947839608284,False
3900,1.2589254117941661e-05,0.04909809105997248,0.9520874395737672,0.04791256042623282,False
3900,1.584893192461114e-05,0.06181083450598345,0.940060236555588,0.059939763444411986,False
3900,1.9952623149688786e-05,0.07781523028378627,0.9251346295480313,0.07486537045196873,False
3900,2.5118864315095822e-05,0.0979635708288737,0.9066808172541808,0.09331918274581918,False
3900,3.1622776601683795e-05,0.1233288287465668,0.8839712152686977,0.11602878473130229,False
3900,3.9810717055349695e-05,0.1552617965158638,0.8561883541594135,0.14381164584058648,False
3900,5.011872336272725e-05,0.1954630211146363,0.822449727775072,0.17755027222492803,False
3900,6.309573444801929e-05,0.24607336434727525,0.7818587918969788,0.21814120810302118,False
3900,7.943282347242822e-05,0.30978801154247004,0.7335934285708747,0.26640657142912527,False
3900,0.0001,0.39,0.6770436711376429,0.32295632886235714,False
3900,0.00012589254117941674,0.4909809105997253,0.6120068408877046,0.38799315911229537,False
3900,0.00015848931924611142,0.6181083450598346,0.5389366044204527,0.46106339557954734,False
3900,0.0001995262314968881,0.7781523028378635,0.45921813412604395,0.540781865873956,False
3900,0.0002511886431509582,0.979635708288737,0.37540164772851636,0.6245983522714836,False
3900,0.00031622776601683794,1.2332882874656679,0.2912761978100879,0.708723802189912,False
3900,0.00039810717055349735,1.5526179651586396,0.21162761086515675,0.7883723891348433,False
3900,0.0005011872336272725,1.954630211146363,0.14154746269680785,0.8584525373031922,False
3900,0.0006309573444801936,2.4607336434727554,0.08530601772886365,0.9146939822711364,False
3900,0.0007943282347242822,3.0978801154247004,0.04508926289143451,0.9549107371085654,False
3900,0.001,3.9,0.020202451895498397,0.9797975481045016,False
3900,0.0012589254117941675,4.909809105997253,0.007351122590525254,0.9926488774094747,False
3900,0.001584893192461114,6.1810834505983445,0.002058069625123731,0.9979419303748762,False
3900,0.0019952623149688807,7.7815230283786345,0.0004141441485041095,0.9995858558514958,False
3900,0.002511886431509582,9.79635708288737,5.49722858365555e-05,0.9999450277141635,False
3900,0.0031622776601683794,12.33288287465668,4.319270299994998e-06,0.9999956807297,False
3900,0.003981071705534973,15.526179651586396,1.7522984251042896e-07,0.9999998247701575,False
3900,0.005011872336272725,19.546302111463625,3.0889080979577685e-09,0.9999999969110919,False
3900,0.006309573444801936,24.60733643472755,1.9024463138187708e-11,0.9999999999809756,False
3900,0.00794328234724282,30.978801154247,3.107125479680184e-14,0.9999999999999689,False
3900,0.01,39.0,9.489840878853511e-18,1.0,False
4000,1e-06,0.004,0.9960079873518596,0.0039920126481404195,False
4000,1.2589254117941661e-06,0.005035701647176665,0.9949769530884145,0.005023046911585505,False
4000,1.584893192461114e-06,0.006339572769844456,0.9936804749320204,0.0063195250679796144,False
4000,1.9952623149688787e-06,0.007981049259875516,0.9920507068555254,0.007949293144474567,False
4000,2.5118864315095823e-06,0.01004754572603833,0.9900027497369812,0.009997250263018786,False
4000,3.162277660168379e-06,0.012649110640673518,0.9874305333650101,0.012569466634989923,False
4000,3.981071705534969e-06,0.015924286822139876,0.9842018030858184,0.015798196914181606,False
4000,5.011872336272725e-06,0.0200474893450909,0.9801520761782521,0.019847923821747937,False
4000,6.30957344480193e-06,0.025238293779207718,0.9750774517947584,0.024922548205241646,False
4000,7.943282347242822e-06,0.03177312938897129,0.9687262104402771,0.03127378955972293,False
4000,1e-05,0.04,0.9607892469933484,0.039210753006651555,False
4000,1.2589254117941661e-05,0.050357016471766644,0.9508895791284208,0.04911042087157924,False
4000,1.584893192461114e-05,0.06339572769844457,0.9385715097368982,0.06142849026310182,False
4000,1.9952623149688786e-05,0.07981049259875514,0.9232905651962389,0.07670943480376113,False
4000,2.5118864315095822e-05,0.10047545726038329,0.9044061674701647,0.09559383252983533,False
4000,3.1622776601683795e-05,0.1264911064067352,0.8811802239832957,0.11881977601670435,False
4000,3.9810717055349695e-05,0.15924286822139877,0.8527865151882691,0.1472134848117309,False
4000,5.011872336272725e-05,0.200474893450909,0.818337924220872,0.18166207577912796,False
4000,6.309573444801929e-05,0.25238293779207716,0.7769409722654256,0.22305902773457442,False
4000,7.943282347242822e-05,0.3177312938897129,0.7277891413771368,0.2722108586228632,False
4000,0.0001,0.4,0.670306638875002,0.32969336112499803,False
4000,0.00012589254117941674,0.503570164717667,0.6043499476840923,0.39565005231590766,False
4000,0.00015848931924611142,0.6339572769844457,0.5304616997634239,0.46953830023657606,False
4000,0.0001995262314968881,0.7981049259875523,0.4501454356882239,0.549854564311776,False
4000,0.0002511886431509582,1.004754572603833,0.36608827533998944,0.6339117246600106,False
4000,0.00031622776601683794,1.2649110640673518,0.28220793933528543,0.7177920606647146,False
4000,0.00039810717055349735,1.5924286822139895,0.20336645201061265,0.7966335479893873,False
4000,0.0005011872336272725,2.0047489345090903,0.13462643562044646,0.8653735643795535,False
4000,0.0006309573444801936,2.5238293779207743,0.08008826601485378,0.9199117339851463,False
4000,0.0007943282347242822,3.1773129388971286,0.04164493517381365,0.9583550648261864,False
4000,0.001,4.0,0.018279019827489414,0.9817209801725106,False
4000,0.0012589254117941675,5.03570164717667,0.0064810412394520345,0.993518958760548,False
4000,0.001584893192461114,6.339572769844456,0.00175620182279189,0.9982437981772081,False
4000,0.0019952623149688807,7.9810492598755225,0.0003391656217337143,0.9996608343782662,False
4000,0.002511886431509582,10.047545726038328,4.274808988091187e-05,0.9999572519101191,False
4000,0.0031622776601683794,12.649110640673518,3.14671060024734e-06,0.9999968532893998,False
4000,0.003981071705534973,15.924286822139894,1.1758915023714355e-07,0.9999998824108498,False
4000,0.005011872336272725,20.0474893450909,1.868937846564535e-09,0.9999999981310621,False
4000,0.006309573444801936,25.238293779207744,1.0102363349589887e-11,0.9999999999898976,False
4000,0.00794328234724282,31.773129388971284,1.3996163843096129e-14,0.999999999999986,False
4000,0.01,40.0,3.473588675197149e-18,1.0,False
4100,1e-06,0.0040999999999999995,0.9959083914832001,0.004091608516799905,False
4100,1.2589254117941661e-06,0.005161594188356081,0.9948517007168673,0.005148299283132651,False
4100,1.584893192461114e-06,0.006498062089090568,0.9935229995446223,0.0064770004553776905,False
4100,1.9952623149688787e-06,0.008180575491372404,0.9918527862649167,0.008147213735083314,False
4100,2.5118864315095823e-06,0.010298734369189287,0.9897541032071714,0.010245896792828613,False
4100,3.162277660168379e-06,0.012965338406690355,0.9871183292861093,0.01288167071389068,False
4100,3.981071705534969e-06,0.016322393992693373,0.9838100624935092,0.01618993750649078,False
4100,5.011872336272725e-06,0.020548676578718172,0.979660958321229,0.020339041678770986,False
4100,6.30957344480193e-06,0.02586925112368791,0.974462411627246,0.025537588372753994,False
4100,7.943282347242822e-06,0.03256745762369557,0.9679570263374516,0.03204297366254838,False
4100,1e-05,0.041,0.9598289331817148,0.040171066818285195,False
4100,1.2589254117941661e-05,0.05161594188356081,0.949693225760667,0.05030677423933305,False
4100,1.584893192461114e-05,0.06498062089090569,0.9370851405411078,0.06291485945889219,False
4100,1.9952623149688786e-05,0.08180575491372402,0.921450176604952,0.07854982339504801,False
4100,2.5118864315095822e-05,0.10298734369189287,0.9021372242496287,0.09786277575037128,False
4100,3.1622776601683795e-05,0.12965338406690355,0.8783980447861388,0.12160195521386119,False
4100,3.9810717055349695e-05,0.16322393992693374,0.849398192528494,0.15060180747150598,False
4100,5.011872336272725e-05,0.20548676578718172,0.8142466774592606,0.1857533225407394,False
4100,6.309573444801929e-05,0.2586925112368791,0.7720540852654154,0.2279459147345846,False
4100,7.943282347242822e-05,0.3256745762369557,0.7220307784631366,0.27796922153686343,False
4100,0.0001,0.41000000000000003,0.663636644538632,0.336363355461368,False
4100,0.00012589254117941674,0.5161594188356087,0.5967888508174074,0.4032111491825926,False
4100,0.00015848931924611142,0.6498062089090568,0.5221200649721951,0.4778799350278049,False
4100,0.0001995262314968881,0.8180575491372412,0.4412519850867296,0.5587480149132704,False
4100,0.0002511886431509582,1.0298734369189286,0.3570059592235173,0.6429940407764827,False
4100,0.00031622776601683794,1.2965338406690357,0.27342200160067415,0.7265779983993259,False
4100,0.00039810717055349735,1.6322393992693391,0.19542777822945293,0.8045722217705471,False
4100,0.0005011872336272725,2.0548676578718172,0.12804381528680664,0.8719561847131934,False
4100,0.0006309573444801936,2.5869251123687937,0.07518965864345739,0.9248103413565426,False
4100,0.0007943282347242822,3.256745762369557,0.03846371651288632,0.9615362834871137,False
4100,0.001,4.1,0.016538713596848206,0.9834612864031518,False
4100,0.0012589254117941675,5.161594188356086,0.005713943010774452,0.9942860569892256,False
4100,0.001584893192461114,6.498062089090568,0.0014986105449139662,0.998501389455086,False
4100,0.0019952623149688807,8.18057549137241,0.00027776154602574454,0.9997222384539742,False
4100,0.002511886431509582,10.298734369189287,3.324219032659061e-05,0.9999667578096734,False
4100,0.0031622776601683794,12.965338406690355,2.292467688748362e-06,0.9999977075323112,False
4100,0.003981071705534973,16.322393992693392,7.890898065876295e-08,0.9999999210910193,False
4100,0.005011872336272725,20.548676578718172,1.1307972149222022e-09,0.9999999988692028,False
4100,0.006309573444801936,25.86925112368794,5.364553233687683e-12,0.9999999999946354,False
4100,0.00794328234724282,32.56745762369557,6.3046247602126e-15,0.9999999999999937,False
4100,0.01,41.0,1.2714457954025869e-18,1.0,False
4200,1e-06,0.0042,0.9958088055736344,0.004191194426365619,False
4200,1.2589254117941661e-06,0.005287486729535498,0.994726464112677,0.005273535887323044,False
4200,1.584893192461114e-06,0.006656551408336679,0.9933655491134332,0.006634450886566778,False
4200,1.9952623149688787e-06,0.008380101722869291,0.9916549051607575,0.008345094839242506,False
4200,2.5118864315095823e-06,0.010549923012340246,0.9895055191267808,0.010494480873219247,False
4200,3.162277660168379e-06,0.013281566172707192,0.9868062239193546,0.013193776080645425,False
4200,3.981071705534969e-06,0.01672050116324687,0.9834184778252099,0.016581522174790142,False
4200,5.011872336272725e-06,0.021049863812345446,0.9791700865451514,0.020829913454848636,False
4200,6.30957344480193e-06,0.026500208468168106,0.9738477594026678,0.026152240597332232,False
4200,7.943282347242822e-06,0.033361785858419854,0.9671884529791045,0.032811547020895504,False
4200,1e-05,0.042,0.9588695792086926,0.041130420791307354,False
4200,1.2589254117941661e-05,0.052874867295354976,0.9484983775743896,0.051501622425610405,False
4200,1.584893192461114e-05,0.06656551408336679,0.9356011252345665,0.06439887476543349,False
4200,1.9952623149688786e-05,0.0838010172286929,0.9196134564473031,0.08038654355269692,False
4200,2.5118864315095822e-05,0.10549923012340245,0.8998739732761418,0.10012602672385817,False
4200,3.1622776601683795e-05,0.13281566172707193,0.8756246498545323,0.12437535014546774,False
4200,3.9810717055349695e-05,0.16720501163246873,0.8460233324765841,0.15397666752341588,False
4200,5.011872336272725e-05,0.21049863812345446,0.8101758847173993,0.18982411528260068,False
4200,6.309573444801929e-05,0.265002084681681,0.7671979363335512,0.23280206366644884,False
4200,7.943282347242822e-05,0.3336178585841985,0.7163179764699636,0.28368202353003635,False
4200,0.0001,0.42000000000000004,0.6570330210568337,0.3429669789431663,False
4200,0.00012589254117941674,0.5287486729535503,0.5893223517678422,0.4106776482321578,False
4200,0.00015848931924611142,0.665655140833668,0.513909604346832,0.48609039565316803,False
4200,0.0001995262314968881,0.83801017228693,0.43253424095103626,0.5674657590489638,False
4200,0.0002511886431509582,1.0549923012340245,0.3481489670837907,0.6518510329162093,False
4200,0.00031622776601683794,1.3281566172707193,0.2649095951567072,0.7350904048432928,False
4200,0.00039810717055349735,1.6720501163246888,0.1877990008976859,0.8122009991023141,False
4200,0.0005011872336272725,2.1049863812345446,0.12178305514546225,0.8782169448545377,False
4200,0.0006309573444801936,2.650020846816813,0.07059067511676566,0.9294093248832344,False
4200,0.0007943282347242822,3.336178585841985,0.03552550824749433,0.9644744917525057,False
4200,0.001,4.2,0.01496409818579098,0.985035901814209,False
4200,0.0012589254117941675,5.2874867295355035,0.005037638787365386,0.9949623612126346,False
4200,0.001584893192461114,6.6565514083366795,0.001278801522798252,0.9987211984772018,False
4200,0.0019952623149688807,8.380101722869298,0.00022747434146254647,0.9997725256585375,False
4200,0.002511886431509582,10.549923012340244,2.5850119169949274e-05,0.99997414988083,False
4200,0.0031622776601683794,13.281566172707194,1.67012756226841e-06,0.9999983298724378,False
4200,0.003981071705534973,16.720501163246887,5.295239582944265e-08,0.9999999470476042,False
4200,0.005011872336272725,21.049863812345443,6.841866590835582e-10,0.9999999993158133,False
4200,0.006309573444801936,26.500208468168132,2.8486830656548556e-12,0.9999999999971513,False
4200,0.00794328234724282,33.36178585841985,2.8399419878677955e-15,0.9999999999999971,False
4200,0.01,42.0,4.65390281293212e-19,1.0,False
4300,1e-06,0.0043,0.9957092296221667,0.0042907703778333195,False
4300,1.2589254117941661e-06,0.005413379270714914,0.9946012432738585,0.00539875672614154,False
4300,1.584893192461114e-06,0.0068150407275827905,0.9932081236344982,0.0067918763655018255,False
4300,1.9952623149688787e-06,0.00857962795436618,0.9914570635351702,0.008542936464829842,False
4300,2.5118864315095823e-06,0.010801111655491203,0.9892569974801249,0.010743002519875144,False
4300,3.162277660168379e-06,0.013597793938724031,0.986494217233535,0.013505782766464969,False
4300,3.981071705534969e-06,0.017118608333800366,0.9830270490188581,0.016972950981141932,False
4300,5.011872336272725e-06,0.021551051045972717,0.978679460726717,0.021320539273283035,False
4300,6.30957344480193e-06,0.027131165812648298,0.9732334948763246,0.0267665051236754,False
4300,7.943282347242822e-06,0.03415611409314413,0.9664204898802948,0.03357951011970517,False
4300,1e-05,0.043000000000000003,0.9579111841149184,0.04208881588508162,False
4300,1.2589254117941661e-05,0.054133792707149145,0.9473050326758576,0.05269496732414236,False
4300,1.584893192461114e-05,0.06815040727582791,0.9341194600895364,0.06588053991046361,False
4300,1.9952623149688786e-05,0.08579627954366179,0.917780397411029,0.08221960258897099,False
4300,2.5118864315095822e-05,0.10801111655491204,0.8976164002691898,0.10238359973081024,False
4300,3.1622776601683795e-05,0.13597793938724032,0.8728600114536265,0.12713998854637354,False
4300,3.9810717055349695e-05,0.1711860833380037,0.8426618815424122,0.15733811845758783,False
4300,5.011872336272725e-05,0.2155105104597272,0.8061254437362587,0.19387455626374128,False
4300,6.309573444801929e-05,0.27131165812648295,0.7623723321302216,0.2376276678697784,False
4300,7.943282347242822e-05,0.34156114093144135,0.7106503749136512,0.28934962508634876,False
4300,0.0001,0.43,0.6504951079957124,0.3495048920042876,False
4300,0.00012589254117941674,0.541337927071492,0.5819492670104188,0.4180507329895812,False
4300,0.00015848931924611142,0.6815040727582791,0.5058282551427744,0.4941717448572256,False
4300,0.0001995262314968881,0.8579627954366188,0.4239887318769041,0.5760112681230959,False
4300,0.0002511886431509582,1.0801111655491205,0.3395117088385173,0.6604882911614827,False
4300,0.00031622776601683794,1.3597793938724032,0.2566622041944612,0.7433377958055388,False
4300,0.00039810717055349735,1.7118608333800387,0.18046802280461943,0.8195319771953806,False
4300,0.0005011872336272725,2.155105104597272,0.11582841769703864,0.8841715823029613,False
4300,0.0006309573444801936,2.7131165812648326,0.06627298891021573,0.9337270110897843,False
4300,0.0007943282347242822,3.415611409314413,0.03281174703489625,0.9671882529651038,False
4300,0.001,4.3,0.013539398527142176,0.9864606014728579,False
4300,0.0012589254117941675,5.413379270714921,0.004441382160115133,0.9955586178398849,False
4300,0.001584893192461114,6.81504072758279,0.0010912330360020328,0.998908766963998,False
4300,0.0019952623149688807,8.579627954366186,0.00018629135949230064,0.9998137086405077,False
4300,0.002511886431509582,10.801111655491203,2.010182405357505e-05,0.9999798981759465,False
4300,0.0031622776601683794,13.597793938724031,1.216735174911684e-06,0.999998783264825,False
4300,0.003981071705534973,17.118608333800385,3.5534057095522646e-08,0.9999999644659429,False
4300,0.005011872336272725,21.551051045972716,4.1396580951088285e-10,0.9999999995860341,False
4300,0.006309573444801936,27.131165812648327,1.5127066234685054e-12,0.9999999999984873,False
4300,0.00794328234724282,34.156114093144126,1.2792625733022238e-15,0.9999999999999987,False
4300,0.01,43.0,1.703478942675611e-19,1.0,False
4400,1e-06,0.004399999999999999,0.9956096636278013,0.0043903363721986555,False
4400,1.2589254117941661e-06,0.0055392718118943305,0.9944760381984272,0.005523961801572774,False
4400,1.584893192461114e-06,0.006973530046828902,0.9930507231038629,0.006949276896137113,False
4400,1.9952623149688787e-06,0.008779154185863067,0.9912592613802782,0.0087407386197218,False
4400,2.5118864315095823e-06,0.011052300298642162,0.9890085382515228,0.010991461748477205,False
4400,3.162277660168379e-06,0.013914021704740868,0.98618230919745,0.01381769080255002,False
4400,3.981071705534969e-06,0.017516715504353863,0.9826357760124165,0.017364223987583527,False
4400,5.011872336272725e-06,0.02205223827959999,0.9781890807426856,0.021810919257314376,False
4400,6.30957344480193e-06,0.02776212315712849,0.9726196178036719,0.0273803821963281,False
4400,7.943282347242822e-06,0.03495044232786842,0.9656531365564667,0.034346863443533326,False
4400,1e-05,0.044000000000000004,0.9569537469419873,0.043046253058012685,False
4400,1.2589254117941661e-05,0.05539271811894331,0.9461131891737229,0.05388681082627711,False
4400,1.584893192461114e-05,0.06973530046828902,0.9326401413841833,0.06735985861581673,False
4400,1.9952623149688786e-05,0.08779154185863065,0.9159509921984424,0.08404900780155755,False
4400,2.5118864315095822e-05,0.11052300298642162,0.8953644909840842,0.10463550901591578,False
4400,3.1622776601683795e-05,0.1391402170474087,0.8701041019361401,0.12989589806385993,False
4400,3.9810717055349695e-05,0.17516715504353866,0.8393137864483797,0.16068621355162027,False
4400,5.011872336272725e-05,0.2205223827959999,0.8020952527680488,0.19790474723195117,False
4400,6.309573444801929e-05,0.2776212315712849,0.7575770805319034,0.24242291946809658,False
4400,7.943282347242822e-05,0.3495044232786842,0.7050276161624285,0.2949723838375715,False
4400,0.0001,0.44,0.6440222514931276,0.35597774850687236,False
4400,0.00012589254117941674,0.5539271811894336,0.5746684278273861,0.42533157217261386,False
4400,0.00015848931924611142,0.6973530046828903,0.4978739870526043,0.5021260129473957,False
4400,0.0001995262314968881,0.8779154185863076,0.41561205504406573,0.5843879449559343,False
4400,0.0002511886431509582,1.1052300298642161,0.3310887330902464,0.6689112669097537,False
4400,0.00031622776601683794,1.3914021704740869,0.24867157802642312,0.7513284219735769,False
4400,0.00039810717055349735,1.7516715504353884,0.17342321896990434,0.8265767810300957,False
4400,0.0005011872336272725,2.205223827959999,0.1101649349342962,0.8898350650657038,False
4400,0.0006309573444801936,2.776212315712852,0.062219394443083144,0.9377806055569169,False
4400,0.0007943282347242822,3.4950442327868414,0.03030528756919214,0.9696947124308078,False
4400,0.001,4.4,0.01225034146400116,0.9877496585359988,False
4400,0.0012589254117941675,5.539271811894337,0.0039156986685234966,0.9960843013314765,False
4400,0.001584893192461114,6.973530046828902,0.0009311761971134881,0.9990688238028865,False
4400,0.0019952623149688807,8.779154185863074,0.00015256433054540203,0.9998474356694546,False
4400,0.002511886431509582,11.05230029864216,1.563177823762742e-05,0.9999843682217624,False
4400,0.0031622776601683794,13.91402170474087,8.864259948243646e-07,0.9999991135740052,False
4400,0.003981071705534973,17.516715504353883,2.3845365141453956e-08,0.9999999761546349,False
4400,0.005011872336272725,22.052238279599987,2.5046920919729857e-10,0.9999999997495308,False
4400,0.006309573444801936,27.76212315712852,8.03276909345988e-13,0.9999999999991968,False
4400,0.00794328234724282,34.95044232786841,5.762486481917567e-16,0.9999999999999994,False
4400,0.01,44.0,6.235283856971989e-20,1.0,False
4500,1e-06,0.0045,0.9955101075895425,0.004489892410457497,False
4500,1.2589254117941661e-06,0.005665164353073748,0.994350848884399,0.005649151115601048,False
4500,1.584893192461114e-06,0.007132019366075013,0.9928933475175734,0.00710665248242659,False
4500,1.9952623149688787e-06,0.008978680417359955,0.9910614986882071,0.008938501311792857,False
4500,2.5118864315095823e-06,0.01130348894179312,0.988760141425298,0.011239858574702,False
4500,3.162277660168379e-06,0.014230249470757706,0.9858704997799086,0.014129500220091407,False
4500,3.981071705534969e-06,0.01791482267490736,0.982244658743872,0.017755341256127988,False
4500,5.011872336272725e-06,0.02255342551322726,0.9776989464698789,0.02230105353012113,False
4500,6.30957344480193e-06,0.028393080501608683,0.9720061279403193,0.027993872059680736,False
4500,7.943282347242822e-06,0.0357447705625927,0.9648863925234492,0.03511360747655079,False
4500,1e-05,0.045000000000000005,0.9559972667324524,0.044002733267547556,False
4500,1.2589254117941661e-05,0.056651643530737476,0.9449228451790167,0.0550771548209833,False
4500,1.584893192461114e-05,0.07132019366075014,0.9311631654025667,0.06883683459743328,False
4500,1.9952623149688786e-05,0.08978680417359954,0.9141252335264023,0.08587476647359771,False
4500,2.5118864315095822e-05,0.1130348894179312,0.8931182312118742,0.10688176878812583,False
4500,3.1622776601683795e-05,0.14230249470757708,0.8673568937420835,0.13264310625791653,False
4500,3.9810717055349695e-05,0.17914822674907363,0.8359789941285729,0.1640210058714271,False
4500,5.011872336272725e-05,0.22553425513227263,0.7980852105736638,0.20191478942633623,False
4500,6.309573444801929e-05,0.2839308050160868,0.752811990623513,0.247188009376487,False
4500,7.943282347242822e-05,0.357447705625927,0.6994493454141542,0.30055065458584584,False
4500,0.0001,0.45,0.6376138041932994,0.3623861958067006,False
4500,0.00012589254117941674,0.5665164353073754,0.5674786801229655,0.43252131987703446,False
4500,0.00015848931924611142,0.7132019366075014,0.4900448016959649,0.5099551983040351,False
4500,0.0001995262314968881,0.8978680417359964,0.40740087486122367,0.5925991251387763,False
4500,0.0002511886431509582,1.130348894179312,0.32287472368572445,0.6771252763142755,False
4500,0.00031622776601683794,1.4230249470757708,0.24092972283250544,0.7590702771674945,False
4500,0.00039810717055349735,1.791482267490738,0.16665341820940893,0.8333465817905911,False
4500,0.0005011872336272725,2.2553425513227263,0.10477837071746514,0.8952216292825349,False
4500,0.0006309573444801936,2.8393080501608714,0.058413738515831856,0.9415862614841681,False
4500,0.0007943282347242822,3.57447705625927,0.027990294258781023,0.9720097057412189,False
4500,0.001,4.5,0.011084012756089705,0.9889159872439103,False
4500,0.0012589254117941675,5.665164353073754,0.0034522352524330433,0.996547764747567,False
4500,0.001584893192461114,7.1320193660750135,0.0007945957292930805,0.9992054042707069,False
4500,0.0019952623149688807,8.978680417359962,0.00012494339521811626,0.9998750566047819,False
4500,0.002511886431509582,11.30348894179312,1.215573722161322e-05,0.9999878442627784,False
4500,0.0031622776601683794,14.230249470757707,6.457864131012714e-07,0.9999993542135869,False
4500,0.003981071705534973,17.91482267490738,1.600159073310298e-08,0.9999999839984093,False
4500,0.005011872336272725,22.55342551322726,1.5154590865860107e-10,0.9999999998484541,False
4500,0.006309573444801936,28.393080501608715,4.265558060484534e-13,0.9999999999995735,False
4500,0.00794328234724282,35.74477056259269,2.59573375687571e-16,0.9999999999999998,False
4500,0.01,45.0,2.2823155486706275e-20,1.0,False
4600,1e-06,0.0046,0.9954105615063947,0.004589438493605269,False
4600,1.2589254117941661e-06,0.005791056894253164,0.9942256753297893,0.005774324670210662,False
4600,1.584893192461114e-06,0.007290508685321125,0.9927359968716769,0.007264003128323093,False
4600,1.9952623149688787e-06,0.009178206648856843,0.990863775451084,0.00913622454891605,False
4600,2.5118864315095823e-06,0.011554677584944079,0.9885118069857775,0.011488193014222547,False
4600,3.162277660168379e-06,0.014546477236774545,0.9855587889497298,0.014441211050270186,False
4600,3.981071705534969e-06,0.01831292984546086,0.9818536971512368,0.018146302848763174,False
4600,5.011872336272725e-06,0.023054612746854535,0.97720905778518,0.02279094221482003,False
4600,6.30957344480193e-06,0.029024037846088875,0.9713930250420304,0.0286069749579696,False
4600,7.943282347242822e-06,0.03653909879731698,0.9641202572974555,0.03587974270254446,False
4600,1e-05,0.046000000000000006,0.9550417425298241,0.0449582574701759,False
4600,1.2589254117941661e-05,0.05791056894253164,0.943733998805147,0.05626600119485303,False
4600,1.584893192461114e-05,0.07290508685321125,0.9296885284346312,0.07031147156536877,False
4600,1.9952623149688786e-05,0.09178206648856842,0.9123031141262848,0.08769688587371516,False
4600,2.5118864315095822e-05,0.11554677584944079,0.8908776067792548,0.10912239322074524,False
4600,3.1622776601683795e-05,0.14546477236774547,0.8646183593984831,0.13538164060151692,False
4600,3.9810717055349695e-05,0.1831292984546086,0.8326574517279212,0.16734254827207884,False
4600,5.011872336272725e-05,0.23054612746854536,0.7940952164201383,0.20590478357986175,False
4600,6.309573444801929e-05,0.29024037846088874,0.7480768726908048,0.2519231273091952,False
4600,7.943282347242822e-05,0.3653909879731698,0.6939152106739279,0.3060847893260721,False
4600,0.0001,0.46,0.6312691251820659,0.3687308748179341,False
4600,0.00012589254117941674,0.579105689425317,0.5603788842404133,0.43962111575958673,False
4600,0.00015848931924611142,0.7290508685321125,0.48233873211749956,0.5176612678825004,False
4600,0.0001995262314968881,0.9178206648856853,0.3993519216378185,0.6006480783621815,False
4600,0.0002511886431509582,1.1554677584944077,0.31486449636061015,0.6851355036393898,False
4600,0.00031622776601683794,1.4546477236774544,0.2334288936630304,0.7665711063369696,False
4600,0.00039810717055349735,1.831292984546088,0.16014788542069391,0.8398521145793061,False
4600,0.0005011872336272725,2.3054612746854537,0.09965518498925525,0.9003448150107447,False
4600,0.0006309573444801936,2.902403784608891,0.05484085594110607,0.9451591440588939,False
4600,0.0007943282347242822,3.6539098797316982,0.02585214117847867,0.9741478588215213,False
4600,0.001,4.6000000000000005,0.010028727700218143,0.9899712722997819,False
4600,0.0012589254117941675,5.79105689425317,0.0030436275227060223,0.996956372477294,False
4600,0.001584893192461114,7.290508685321125,0.0006780482307945551,0.9993219517692055,False
4600,0.0019952623149688807,9.17820664885685,0.00010232307874863792,0.9998976769212513,False
4600,0.002511886431509582,11.554677584944077,9.452663999879025e-06,0.9999905473360001,False
4600,0.0031622776601683794,14.546477236774546,4.7047367042619027e-07,0.9999995295263295,False
4600,0.003981071705534973,18.31292984546088,1.0737973793682686e-08,0.9999999892620262,False
4600,0.005011872336272725,23.054612746854534,9.169255775894694e-11,0.9999999999083075,False
4600,0.006309573444801936,29.024037846088905,2.2650950569684084e-13,0.9999999999997735,False
4600,0.00794328234724282,36.539098797316974,1.169258055134206e-16,0.9999999999999999,False
4600,0.01,46.0,8.354013038042045e-21,1.0,False
4700,1e-06,0.0047,0.9953110253773626,0.0046889746226373985,False
4700,1.2589254117941661e-06,0.005916949435432581,0.9941005175326147,0.005899482467385253,False
4700,1.584893192461114e-06,0.007448998004567236,0.9925786711622208,0.00742132883777924,False
4700,1.9952623149688787e-06,0.00937773288035373,0.9906660916610368,0.009333908338963193,False
4700,2.5118864315095823e-06,0.011805866228095036,0.9882635349172925,0.011736465082707537,False
4700,3.162277660168379e-06,0.014862705002791382,0.9852471766757424,0.014752823324257647,False
4700,3.981071705534969e-06,0.018711037016014356,0.9814628911725471,0.018537108827452853,False
4700,5.011872336272725e-06,0.023555799980481806,0.9767194145655336,0.023280585434466428,False
4700,6.30957344480193e-06,0.02965499519056907,0.9707803088647231,0.029219691135276893,False
4700,7.943282347242822e-06,0.03733342703204126,0.9633547303950832,0.036645269604916764,False
4700,1e-05,0.04700000000000001,0.9540871733785684,0.04591282662143159,False
4700,1.2589254117941661e-05,0.05916949435432581,0.9425466481678952,0.05745335183210476,False
4700,1.584893192461114e-05,0.07448998004567237,0.9282162267761969,0.07178377322380314,False
4700,1.9952623149688786e-05,0.0937773288035373,0.9104846267439551,0.08951537325604486,False
4700,2.5118864315095822e-05,0.11805866228095037,0.8886426035484792,0.11135739645152076,False
4700,3.1622776601683795e-05,0.14862705002791385,0.8618884715191065,0.13811152848089348,False
4700,3.9810717055349695e-05,0.18711037016014356,0.8293491066013599,0.17065089339864015,False
4700,5.011872336272725e-05,0.2355579998048181,0.7901251700781173,0.20987482992188267,False
4700,6.309573444801929e-05,0.29654995190569067,0.7433715382128181,0.2566284617871819,False
4700,7.943282347242822e-05,0.37333427032041266,0.6884248627318791,0.3115751372681209,False
4700,0.0001,0.47000000000000003,0.6249875799227853,0.3750124200772147,False
4700,0.00012589254117941674,0.5916949435432587,0.5533679147813716,0.4466320852186284,False
4700,0.00015848931924611142,0.7448998004567237,0.47475384229268663,0.5252461577073133,False
4700,0.0001995262314968881,0.9377732880353741,0.3914619902820385,0.6085380097179616,False
4700,0.0002511886431509582,1.1805866228095037,0.3070529954674307,0.6929470045325693,False
4700,0.00031622776601683794,1.4862705002791383,0.2261615866906849,0.7738384133093151,False
4700,0.00039810717055349735,1.8711037016014376,0.15389630455999675,0.8461036954400032,False
4700,0.0005011872336272725,2.355579998048181,0.09478249973958887,0.9052175002604111,False
4700,0.0006309573444801936,2.9654995190569102,0.05148650911185939,0.9485134908881406,False
4700,0.0007943282347242822,3.7333427032041264,0.023877319664202003,0.976122680335798,False
4700,0.001,4.7,0.009073914068699103,0.9909260859313009,False
4700,0.0012589254117941675,5.916949435432588,0.002683382741788762,0.9973166172582112,False
4700,0.001584893192461114,7.448998004567236,0.0005785953615590743,0.999421404638441,False
4700,0.0019952623149688807,9.377732880353738,8.379804651796312e-05,0.9999162019534821,False
4700,0.002511886431509582,11.805866228095036,7.350673600918026e-06,0.9999926493263991,False
4700,0.0031622776601683794,14.862705002791383,3.4275337801134626e-07,0.999999657246622,False
4700,0.003981071705534973,18.711037016014377,7.205788669202933e-09,0.9999999927942114,False
4700,0.005011872336272725,23.555799980481805,5.547840402157004e-11,0.9999999999445216,False
4700,0.006309573444801936,29.6549951905691,1.2028099358516095e-13,0.9999999999998798,False
4700,0.00794328234724282,37.33342703204126,5.266966983323356e-17,1.0,False
4700,0.01,47.0,3.0578389513416118e-21,1.0,False
4800,1e-06,0.0048,0.9952114992014506,0.004788500798549422,False
4800,1.2589254117941661e-06,0.006042841976611997,0.9939753754908913,0.006024624509108678,False
4800,1.584893192461114e-06,0.007607487323813347,0.9924213703852531,0.007578629614746868,False
4800,1.9952623149688787e-06,0.009577259111850618,0.9904684473101961,0.00953155268980388,False
4800,2.5118864315095823e-06,0.012057054871245995,0.9880153252041779,0.011984674795822103,False
4800,3.162277660168379e-06,0.01517893276880822,0.9849356629267849,0.015064337073215084,False
4800,3.981071705534969e-06,0.019109144186567853,0.9810722407458643,0.0189277592541357,False
4800,5.011872336272725e-06,0.02405698721410908,0.9762300166879465,0.02376998331205349,False
4800,6.30957344480193e-06,0.030285952535049263,0.9701679791644692,0.029832020835530826,False
4800,7.943282347242822e-06,0.038127755266765546,0.9625898113333137,0.03741018866668633,False
4800,1e-05,0.048,0.9531335583241065,0.04686644167589349,False
4800,1.2589254117941661e-05,0.06042841976611997,0.9413607913854134,0.0586392086145866,False
4800,1.584893192461114e-05,0.07607487323813347,0.9267462567289496,0.07325374327105039,False
4800,1.9952623149688786e-05,0.09577259111850617,0.9086697641397374,0.09133023586026257,False
4800,2.5118864315095822e-05,0.12057054871245995,0.8864132074172689,0.11358679258273108,False
4800,3.1622776601683795e-05,0.1517893276880822,0.859167202804189,0.140832797195811,False
4800,3.9810717055349695e-05,0.19109144186567853,0.8260539063129955,0.17394609368700453,False
4800,5.011872336272725e-05,0.2405698721410908,0.7861749718193387,0.2138250281806613,False
4800,6.309573444801929e-05,0.3028595253504926,0.7386957998543722,0.26130420014562783,False
4800,7.943282347242822e-05,0.38127755266765545,0.6829779551411312,0.31702204485886876,False
4800,0.0001,0.48000000000000004,0.6187685401928745,0.3812314598071255,False
4800,0.00012589254117941674,0.6042841976612003,0.5464446604274811,0.4535553395725189,False
4800,0.00015848931924611142,0.7607487323813348,0.4672882266414446,0.5327117733585554,False
4800,0.0001995262314968881,0.9577259111850629,0.38372793902455277,0.6162720609754473,False
4800,0.0002511886431509582,1.2057054871245996,0.2994352907847146,0.7005647092152854,False
4800,0.00031622776601683794,1.5178932768808222,0.21912053170369358,0.7808794682963064,False
4800,0.00039810717055349735,1.9109144186567872,0.14788876228373155,0.8521112377162685,False
4800,0.0005011872336272725,2.405698721410908,0.09014806663450359,0.9098519333654964,False
4800,0.0006309573444801936,3.0285952535049296,0.04833733126580583,0.9516626687341941,False
4800,0.0007943282347242822,3.8127755266765546,0.02205335296641135,0.9779466470335887,False
4800,0.001,4.8,0.008210006192943552,0.9917899938070565,False
4800,0.0012589254117941675,6.042841976612004,0.0023657766547359673,0.9976342233452641,False
4800,0.001584893192461114,7.607487323813348,0.0004937297631842213,0.9995062702368158,False
4800,0.0019952623149688807,9.577259111850626,6.862686977467618e-05,0.9999313731302253,False
4800,0.002511886431509582,12.057054871245994,5.716103141709541e-06,0.9999942838968583,False
4800,0.0031622776601683794,15.17893276880822,2.497055319413874e-07,0.9999997502944681,False
4800,0.003981071705534973,19.10914418656787,4.8354923696834415e-09,0.9999999951645077,False
4800,0.005011872336272725,24.05698721410908,3.3567100624153286e-11,0.9999999999664329,False
4800,0.006309573444801936,30.285952535049294,6.387156853892384e-14,0.9999999999999362,False
4800,0.00794328234724282,38.12775526676554,2.3725251309245214e-17,1.0,False
4800,0.01,48.0,1.119267950596046e-21,1.0,False
4900,1e-06,0.0049,0.9951119829776636,0.004888017022336433,False
4900,1.2589254117941661e-06,0.006168734517791414,0.9938502492026359,0.0061497507973641286,False
4900,1.584893192461114e-06,0.007765976643059459,0.9922640945368227,0.007735905463177262,False
4900,1.9952623149688787e-06,0.009776785343347506,0.9902708423906933,0.009729157609306704,False
4900,2.5118864315095823e-06,0.012308243514396954,0.987767177830773,0.012232822169227053,False
4900,3.162277660168379e-06,0.015495160534825058,0.9846242476717061,0.015375752328293912,False
4900,3.981071705534969e-06,0.01950725135712135,0.9806817458092741,0.01931825419072586,False
4900,5.011872336272725e-06,0.024558174447736354,0.9757408640294869,0.0242591359705131,False
4900,6.30957344480193e-06,0.030916909879529456,0.9695560356974942,0.030443964302505844,False
4900,7.943282347242822e-06,0.038922083501489825,0.9618254996295116,0.03817450037048842,False
4900,1e-05,0.049,0.9521808964128138,0.04781910358718622,False
4900,1.2589254117941661e-05,0.06168734517791414,0.9401764265782215,0.059823573421778464,False
4900,1.584893192461114e-05,0.07765976643059459,0.9252786146004324,0.07472138539956763,False
4900,1.9952623149688786e-05,0.09776785343347505,0.9068585190883871,0.0931414809116129,False
4900,2.5118864315095822e-05,0.12308243514396952,0.8841894043187244,0.11581059568127561,False
4900,3.1622776601683795e-05,0.1549516053482506,0.8564545260401601,0.14354547395983985,False
4900,3.9810717055349695e-05,0.1950725135712135,0.8227717986352748,0.17722820136472517,False
4900,5.011872336272725e-05,0.24558174447736353,0.7822445224141272,0.21775547758587277,False
4900,6.309573444801929e-05,0.30916909879529453,0.7340494714586068,0.2659505285413932,False
4900,7.943282347242822e-05,0.3892208350148983,0.677574144195941,0.322425855804059,False
4900,0.0001,0.49000000000000005,0.6126113840209809,0.3873886159790191,False
4900,0.00012589254117941674,0.616873451779142,0.5396080237642233,0.46039197623577666,False
4900,0.00015848931924611142,0.7765976643059459,0.45994000954938624,0.5400599904506138,False
4900,0.0001995262314968881,0.9776785343347516,0.3761466881674592,0.6238533118325408,False
4900,0.0002511886431509582,1.2308243514396953,0.2920065744052871,0.7079934255947129,False
4900,0.00031622776601683794,1.5495160534825059,0.2122986848327014,0.7877013151672986,False
4900,0.00039810717055349735,1.9507251357121371,0.14211573222856416,0.8578842677714358,False
4900,0.0005011872336272725,2.4558174447736354,0.0857402362278544,0.9142597637721456,False
4900,0.0006309573444801936,3.0916909879529486,0.04538077322010674,0.9546192267798933,False
4900,0.0007943282347242822,3.892208350148983,0.020368717423098523,0.9796312825769015,False
4900,0.001,4.9,0.007428349131130244,0.9925716508688698,False
4900,0.0012589254117941675,6.168734517791421,0.0020857625313498037,0.9979142374686502,False
4900,0.001584893192461114,7.765976643059459,0.00042131184459738975,0.9995786881554026,False
4900,0.0019952623149688807,9.776785343347516,5.620235137654186e-05,0.9999437976486235,False
4900,0.002511886431509582,12.308243514396953,4.445012375815607e-06,0.9999955549876242,False
4900,0.0031622776601683794,15.49516053482506,1.8191754387338865e-07,0.9999998180824561,False
4900,0.003981071705534973,19.50725135712137,3.2448892870255626e-09,0.9999999967551108,False
4900,0.005011872336272725,24.558174447736352,2.0309709051362593e-11,0.9999999999796902,False
4900,0.006309573444801936,30.916909879529488,3.391705660241355e-14,0.9999999999999661,False
4900,0.00794328234724282,38.92208350148982,1.0687128882126965e-17,1.0,False
4900,0.01,49.0,4.0968826846875975e-22,1.0,False
5000,1e-06,0.005,0.9950124767050064,0.004987523294993634,False
5000,1.2589254117941661e-06,0.0062946270589708305,0.9937251386658653,0.006274861334134685,False
5000,1.584893192461114e-06,0.00792446596230557,0.9921068436129792,0.007893156387020817,False
5000,1.9952623149688787e-06,0.009976311574844394,0.9900732768946615,0.009926723105338486,False
5000,2.5118864315095823e-06,0.012559432157547911,0.9875190927814204,0.01248090721857964,False
5000,3.162277660168379e-06,0.015811388300841896,0.9843129308793641,0.015687069120635888,False
5000,3.981071705534969e-06,0.019905358527674846,0.9802914063008871,0.01970859369911293,False
5000,5.011872336272725e-06,0.025059361681363624,0.9752519564672845,0.024748043532715536,False
5000,6.30957344480193e-06,0.03154786722400965,0.9689444782201774,0.031055521779822626,False
5000,7.943282347242822e-06,0.03971641173621411,0.9610617948014251,0.03893820519857494,False
5000,1e-05,0.05,0.9512291866920187,0.048770813307981276,False
5000,1.2589254117941661e-05,0.06294627058970831,0.9389935518692037,0.061006448130796254,False
5000,1.584893192461114e-05,0.0792446596230557,0.9238132967040357,0.07618670329596433,False
5000,1.9952623149688786e-05,0.09976311574844393,0.9050508843790616,0.09494911562093844,False
5000,2.5118864315095822e-05,0.12559432157547912,0.8819711802212368,0.11802881977876323,False
5000,3.1622776601683795e-05,0.15811388300841897,0.8537504140993719,0.1462495859006281,False
5000,3.9810717055349695e-05,0.19905358527674846,0.8195027315481571,0.18049726845184288,False
5000,5.011872336272725e-05,0.25059361681363623,0.7783337231289027,0.2216662768710973,False
5000,6.309573444801929e-05,0.31547867224009646,0.7294323680395713,0.27056763196042866,False
5000,7.943282347242822e-05,0.3971641173621411,0.6722130889100095,0.3277869110899905,False
5000,0.0001,0.5,0.6065154956247782,0.39348450437522176,False
5000,0.00012589254117941674,0.6294627058970838,0.5328569211069688,0.4671430788930312,False
5000,0.00015848931924611142,0.7924465962305571,0.45270734489660097,0.547292655103399,False
5000,0.0001995262314968881,0.9976311574844404,0.36871521885794933,0.6312847811420507,False
5000,0.0002511886431509582,1.2559432157547912,0.2847621577017641,0.715237842298236,False
5000,0.00031622776601683794,1.5811388300841898,0.2056892215040885,0.7943107784959115,False
5000,0.00039810717055349735,1.9905358527674868,0.1365680599051352,0.8634319400948648,False
5000,0.0005011872336272725,2.5059361681363628,0.0815479286784236,0.9184520713215764,False
5000,0.0006309573444801936,3.154786722400968,0.04260505336403628,0.9573949466359637,False
5000,0.0007943282347242822,3.971641173621411,0.018812769654298504,0.9811872303457015,False
5000,0.001,5.0,0.006721111959865588,0.9932788880401344,False
5000,0.0012589254117941675,6.294627058970837,0.0018388909741220978,0.998161109025878,False
5000,0.001584893192461114,7.92446596230557,0.00035951583970404596,0.9996404841602959,False
5000,0.0019952623149688807,9.976311574844404,4.602722389383788e-05,0.9999539727761062,False
5000,0.002511886431509582,12.55943215754791,3.4565742659508315e-06,0.9999965434257341,False
5000,0.0031622776601683794,15.811388300841896,1.325320769292942e-07,0.999999867467923,False
5000,0.003981071705534973,19.905358527674867,2.177504518685151e-09,0.9999999978224955,False
5000,0.005011872336272725,25.059361681363622,1.2288350023719224e-11,0.9999999999877116,False
5000,0.006309573444801936,31.547867224009682,1.8010622799568198e-14,0.999999999999982,False
5000,0.00794328234724282,39.716411736214106,4.8140574889794895e-18,1.0,False
5000,0.01,50.0,1.499591560997954e-22,1.0,False
