output_cap,log2_output_cap,treatment_log_demand_shift,treatment_median_demand_ratio_exp_shift,control_truncation_fraction,treatment_truncation_fraction,truncation_asymmetry_treatment_minus_control,latent_control_accuracy,latent_treatment_accuracy,latent_effect,complete_case_effect,complete_case_distortion,truncation_as_error_effect,truncation_as_error_distortion
512,9.0,-0.6,0.5488116360940264,0.3291736532971692,0.12720941610608205,-0.20196423719108714,0.7482949549720435,0.7878836726874057,0.03958871771536221,0.012913805568076975,-0.026674912147285235,0.17183910808509195,0.13225039036972974
512,9.0,-0.54,0.5827482523739896,0.3291736532971692,0.14232465326676635,-0.18684900003040283,0.7482949549720435,0.7878836726874057,0.03958871771536221,0.014751423015562426,-0.024837294699799783,0.16120289264991383,0.12161417493455162
512,9.0,-0.4800000000000001,0.6187833918061408,0.3291736532971692,0.15861054843371614,-0.17056310486345305,0.7482949549720435,0.7878836726874057,0.03958871771536221,0.016678947241895115,-0.022909770473467095,0.14963664094724538,0.11004792323188317
512,9.0,-0.42000000000000015,0.6570468198150566,0.3291736532971692,0.17607264459410854,-0.15310100870306065,0.7482949549720435,0.7878836726874057,0.03958871771536221,0.018693732151517595,-0.020894985563844615,0.13712250024768724,0.09753378253232503
512,9.0,-0.3600000000000002,0.6976763260710309,0.3291736532971692,0.19470506127653264,-0.13446859202063655,0.7482949549720435,0.7878836726874057,0.03958871771536221,0.020792665828910706,-0.018796051886451504,0.12365108135481817,0.08406236363945596
512,9.0,-0.30000000000000027,0.7408182206817177,0.3291736532971692,0.21448978875493174,-0.11468386454223745,0.7482949549720435,0.7878836726874057,0.03958871771536221,0.02297221538274996,-0.01661650233261225,0.1092222682842664,0.06963355056890419
512,9.0,-0.24000000000000032,0.7866278610665531,0.3291736532971692,0.23539617788235212,-0.09377747541481707,0.7482949549720435,0.7878836726874057,0.03958871771536221,0.0252284751932903,-0.014360242522071909,0.09384589574727875,0.05425717803191654
512,9.0,-0.18000000000000038,0.8352702114112717,0.3291736532971692,0.2573806508749428,-0.07179300242222642,0.7482949549720435,0.7878836726874057,0.03958871771536221,0.027557217292612513,-0.012031500422749697,0.07754226729490221,0.03795354957954
512,9.0,-0.12000000000000044,0.8869204367171571,0.3291736532971692,0.28038665331993284,-0.048786999977236345,0.7482949549720435,0.7878836726874057,0.03958871771536221,0.029953942686111623,-0.009634775029250586,0.06034249005598613,0.02075377234062392
512,9.0,-0.0600000000000005,0.9417645335842483,0.3291736532971692,0.3043448616303013,-0.02482879166686791,0.7482949549720435,0.7878836726874057,0.03958871771536221,0.03241393253358871,-0.007174785181773502,0.04228860615397445,0.0026998884386122413
512,9.0,-5.551115123125783e-16,0.9999999999999994,0.3291736532971692,0.32917365329716897,-2.220446049250313e-16,0.7482949549720435,0.7878836726874057,0.03958871771536221,0.03493229824018551,-0.0046564194751766985,0.02343350601039751,-0.0161552117049647
512,9.0,0.05999999999999939,1.061836546545359,0.3291736532971692,0.354779839828659,0.025606186531489827,0.7482949549720435,0.7878836726874057,0.03958871771536221,0.03750402965222044,-0.002084688063141771,0.0038406146823473097,-0.0357481030330149
512,9.0,0.11999999999999933,1.1274968515793748,0.3291736532971692,0.38105965447869683,0.05188600118152764,0.7482949549720435,0.7878836726874057,0.03958871771536221,0.04012404070269182,0.0005353229873296117,-0.016416651063896115,-0.056005368779258324
512,9.0,0.17999999999999927,1.1972173631218093,0.3291736532971692,0.40789997905460607,0.07872632575743688,0.7482949549720435,0.7878836726874057,0.03958871771536221,0.042787211999033015,0.0031984942836708052,-0.03725565030971478,-0.07684436802507699
512,9.0,0.23999999999999921,1.2712491503214036,0.3291736532971692,0.4351797865546896,0.1060061332575204,0.7482949549720435,0.7878836726874057,0.03958871771536221,0.045488429986131895,0.005899712270769686,-0.05858549849764072,-0.09817421621300293
512,9.0,0.29999999999999916,1.349858807576002,0.3291736532971692,0.462771769430698,0.1335981161335288,0.7482949549720435,0.7878836726874057,0.03958871771536221,0.04822262244665143,0.008633904731289221,-0.0803082423603636,-0.11989696007572581
512,9.0,0.3599999999999991,1.433329414560339,0.3291736532971692,0.49054411718265956,0.16137046388549037,0.7482949549720435,0.7878836726874057,0.03958871771536221,0.050984790215537035,0.011396072500174825,-0.10232020431410971,-0.14190892202947192
512,9.0,0.41999999999999915,1.5219615556186326,0.3291736532971692,0.518362402031176,0.18918874873400682,0.7482949549720435,0.7878836726874057,0.03958871771536221,0.05377003508475964,0.014181317369397428,-0.12451346568382327,-0.16410218339918548
512,9.0,0.479999999999999,1.6160744021928917,0.3291736532971692,0.5460915277865853,0.21691787448941613,0.7482949549720435,0.7878836726874057,0.03958871771536221,0.05657358395724921,0.016984866241886998,-0.14677745341938941,-0.18636617113475162
512,9.0,0.5399999999999988,1.7160068621848563,0.3291736532971692,0.5735976949015198,0.2444240416043506,0.7482949549720435,0.7878836726874057,0.03958871771536221,0.0593908093759381,0.019802091660575893,-0.16900059143220847,-0.20858930914757068
512,9.0,0.5999999999999989,1.8221188003905069,0.3291736532971692,0.600750334145704,0.2715766808485348,0.7482949549720435,0.7878836726874057,0.03958871771536221,0.062217246605673404,0.022628528890311195,-0.19107197548431265,-0.23066069319967486
575,9.167418145831737,-0.6,0.5488116360940264,0.2819372499597035,0.10122861510079861,-0.18070863485890487,0.7482949549720435,0.7878836726874057,0.03958871771536221,0.015082747590539403,-0.024505970124822807,0.15623836197316365,0.11664964425780144
575,9.167418145831737,-0.54,0.5827482523739896,0.2819372499597035,0.11413380797944117,-0.1678034419802623,0.7482949549720435,0.7878836726874057,0.03958871771536221,0.016740881494370474,-0.022847836220991735,0.14732302617904725,0.10773430846368504
575,9.167418145831737,-0.4800000000000001,0.6187833918061408,0.2819372499597035,0.12816988786138084,-0.15376736209832265,0.7482949549720435,0.7878836726874057,0.03958871771536221,0.018492574129005845,-0.021096143586356364,0.13753273707192992,0.09794401935656771
575,9.167418145831737,-0.42000000000000015,0.6570468198150566,0.2819372499597035,0.1433618976939115,-0.13857535226579198,0.7482949549720435,0.7878836726874057,0.03958871771536221,0.020336188916987963,-0.019252528798374247,0.12683592768343788,0.08724720996807567
575,9.167418145831737,-0.3600000000000002,0.6976763260710309,0.2819372499597035,0.15972526598965497,-0.12221198397004851,0.7482949549720435,0.7878836726874057,0.03958871771536221,0.02226955124504648,-0.017319166470315728,0.11520766248935754,0.07561894477399533
575,9.167418145831737,-0.30000000000000027,0.7408182206817177,0.2819372499597035,0.1772648080115804,-0.10467244194812308,0.7482949549720435,0.7878836726874057,0.03958871771536221,0.02428998302168761,-0.015298734693674598,0.1026306194616241,0.0630419017462619
575,9.167418145831737,-0.24000000000000032,0.7866278610665531,0.2819372499597035,0.19597386358634794,-0.08596338637335554,0.7482949549720435,0.7878836726874057,0.03958871771536221,0.02639434316044975,-0.013194374554912458,0.08909599696961501,0.0495072792542528
575,9.167418145831737,-0.18000000000000038,0.8352702114112717,0.2819372499597035,0.21583360333880308,-0.0661036466209004,0.7482949549720435,0.7878836726874057,0.03958871771536221,0.028579072688473706,-0.011009645026888504,0.07460431562655545,0.03501559791119324
575,9.167418145831737,-0.12000000000000044,0.8869204367171571,0.2819372499597035,0.236812532358482,-0.0451247176012215,0.7482949549720435,0.7878836726874057,0.03958871771536221,0.03084024317289824,-0.008748474542463969,0.0591660860788753,0.019577368363513092
575,9.167418145831737,-0.0600000000000005,0.9417645335842483,0.2819372499597035,0.2588662163197588,-0.02307103363994467,0.7482949549720435,0.7878836726874057,0.03958871771536221,0.033173607198771715,-0.006415110516590494,0.042802315763087684,0.0032135980477254744
575,9.167418145831737,-5.551115123125783e-16,0.9999999999999994,0.2819372499597035,0.28193724995970326,-2.220446049250313e-16,0.7482949549720435,0.7878836726874057,0.03958871771536221,0.03557464971323243,-0.004014068002129778,0.025544830804804075,-0.014043886910558134
575,9.167418145831737,0.05999999999999939,1.061836546545359,0.2819372499597035,0.30595548170643727,0.024018231746733787,0.7482949549720435,0.7878836726874057,0.03958871771536221,0.03803863916245165,-0.001550078552910561,0.007436393454043233,-0.032152324261318976
575,9.167418145831737,0.11999999999999933,1.1274968515793748,0.2819372499597035,0.3308385013326096,0.04890125137290613,0.7482949549720435,0.7878836726874057,0.03958871771536221,0.0405606774808136,0.0009719597654513912,-0.011469399366959898,-0.05105811708232211
575,9.167418145831737,0.17999999999999927,1.1972173631218093,0.2819372499597035,0.3564923900164485,0.07455514005674502,0.7482949549720435,0.7878836726874057,0.03958871771536221,0.04313574813718901,0.0035470304218268023,-0.03110844484064179,-0.070697162556004
575,9.167418145831737,0.23999999999999921,1.2712491503214036,0.2819372499597035,0.3828127243963966,0.10087547443669309,0.7482949549720435,0.7878836726874057,0.03958871771536221,0.045758761592938124,0.006170043877575915,-0.051406692205480886,-0.0909954099208431
575,9.167418145831737,0.29999999999999916,1.349858807576002,0.2819372499597035,0.40968581839947726,0.12774856843977378,0.7482949549720435,0.7878836726874057,0.03958871771536221,0.04842459767375895,0.008835879958396742,-0.07228092478476766,-0.11186964250012987
575,9.167418145831737,0.3599999999999991,1.433329414560339,0.2819372499597035,0.43699017911493754,0.15505292915523405,0.7482949549720435,0.7878836726874057,0.03958871771536221,0.05112814449729097,0.011539426781928763,-0.09363975395785573,-0.13322847167321794
575,9.167418145831737,0.41999999999999915,1.5219615556186326,0.2819372499597035,0.46459814607709826,0.18266089611739478,0.7482949549720435,0.7878836726874057,0.03958871771536221,0.05386433372653132,0.014275616011169112,-0.11538480609315072,-0.15497352380851293
575,9.167418145831737,0.479999999999999,1.6160744021928917,0.2819372499597035,0.4923776773006141,0.21044042734091062,0.7482949549720435,0.7878836726874057,0.03958871771536221,0.0566281720329892,0.01703945431762699,-0.13741207709194997,-0.17700079480731218
575,9.167418145831737,0.5399999999999988,1.7160068621848563,0.2819372499597035,0.5201942405311034,0.23825699057139993,0.7482949549720435,0.7878836726874057,0.03958871771536221,0.059414768751579694,0.019826051036217485,-0.159613423567816,-0.1992021412831782
575,9.167418145831737,0.5999999999999989,1.8221188003905069,0.2819372499597035,0.5479127646426637,0.2659755146829602,0.7482949549720435,0.7878836726874057,0.03958871771536221,0.062219359791125584,0.022630642075763374,-0.18187815504981264,-0.22146687276517485
645,9.333155350310616,-0.6,0.5488116360940264,0.23865312724296994,0.07954664250771204,-0.1591064847352579,0.7482949549720435,0.7878836726874057,0.03958871771536221,0.017295838219698823,-0.022292879495663387,0.14073082035714468,0.10114210264178247
645,9.333155350310616,-0.54,0.5827482523739896,0.23865312724296994,0.09038645532838152,-0.14826667191458842,0.7482949549720435,0.7878836726874057,0.03958871771536221,0.018772346142741703,-0.020816371572620507,0.13338311581095907,0.09379439809559686
645,9.333155350310616,-0.4800000000000001,0.6187833918061408,0.23865312724296994,0.1022864500231746,-0.13636667721979534,0.7482949549720435,0.7878836726874057,0.03958871771536221,0.020343952151271716,-0.019244765564090494,0.12523564665190223,0.08564692893654002
645,9.333155350310616,-0.42000000000000015,0.6570468198150566,0.23865312724296994,0.11528694300901243,-0.12336618423395751,0.7482949549720435,0.7878836726874057,0.03958871771536221,0.022010119240026604,-0.017578598475335605,0.11624703068502829,0.07665831296966608
645,9.333155350310616,-0.3600000000000002,0.6976763260710309,0.23865312724296994,0.12942080818956314,-0.1092323190534068,0.7482949549720435,0.7878836726874057,0.03958871771536221,0.0237697271440358,-0.015818990571326408,0.10638053444920537,0.06679181673384316
645,9.333155350310616,-0.30000000000000027,0.7408182206817177,0.23865312724296994,0.14471230990291473,-0.09394081734005522,0.7482949549720435,0.7878836726874057,0.03958871771536221,0.025621092197806616,-0.013967625517555593,0.09560511717646136,0.05601639946109915
645,9.333155350310616,-0.24000000000000032,0.7866278610665531,0.23865312724296994,0.16117600831789725,-0.0774771189250727,0.7482949549720435,0.7878836726874057,0.03958871771536221,0.027561995386058302,-0.012026722329303907,0.08389645552725311,0.0443077378118909
645,9.333155350310616,-0.18000000000000038,0.8352702114112717,0.23865312724296994,0.17881577098983614,-0.0598373562531338,0.7482949549720435,0.7878836726874057,0.03958871771536221,0.029589717456530606,-0.009999000258831603,0.07123792039953325,0.03164920268417104
645,9.333155350310616,-0.12000000000000044,0.8869204367171571,0.23865312724296994,0.19762392383533034,-0.0410292034076396,0.7482949549720435,0.7878836726874057,0.03958871771536221,0.03170107984911208,-0.00788763786625013,0.05762147602756151,0.018032758312199304
645,9.333155350310616,-0.0600000000000005,0.9417645335842483,0.23865312724296994,0.21758057312956003,-0.021072554113409914,0.7482949549720435,0.7878836726874057,0.03958871771536221,0.03389249013826212,-0.005696227577100088,0.043048471500222174,0.0034597537848599647
645,9.333155350310616,-5.551115123125783e-16,0.9999999999999994,0.23865312724296994,0.23865312724296972,-2.220446049250313e-16,0.7482949549720435,0.7878836726874057,0.03958871771536221,0.03615999068297837,-0.003428727032383838,0.027530295825409112,-0.012058421889953097
645,9.333155350310616,0.05999999999999939,1.061836546545359,0.23865312724296994,0.2607960427447754,0.02214291550180547,0.7482949549720435,0.7878836726874057,0.03958871771536221,0.038499309223478106,-0.001089408491884103,0.011088869790403688,-0.02849984792495852
645,9.333155350310616,0.11999999999999933,1.1274968515793748,0.23865312724296994,0.2839508142923901,0.045297687049420166,0.7482949549720435,0.7878836726874057,0.03958871771536221,0.04090591024783197,0.0013171925324697575,-0.006243048887675906,-0.045831766603038115
645,9.333155350310616,0.17999999999999927,1.1972173631218093,0.23865312724296994,0.30804622153771644,0.0693930942947465,0.7482949549720435,0.7878836726874057,0.03958871771536221,0.04337504606567577,0.0037863283503135614,-0.024421766320685823,-0.06401048403604803
645,9.333155350310616,0.23999999999999921,1.2712491503214036,0.23865312724296994,0.33299883930444374,0.0943457120614738,0.7482949549720435,0.7878836726874057,0.03958871771536221,0.045901806660532896,0.006313088945170686,-0.043392773059295786,-0.082981490774658
645,9.333155350310616,0.29999999999999916,1.349858807576002,0.23865312724296994,0.35871380976139344,0.1200606825184235,0.7482949549720435,0.7878836726874057,0.03958871771536221,0.048481167538300785,0.008892449822938575,-0.06309109244923383,-0.10267981016459604
645,9.333155350310616,0.3599999999999991,1.433329414560339,0.23865312724296994,0.3850858675079307,0.14643274026496078,0.7482949549720435,0.7878836726874057,0.03958871771536221,0.05110803493930893,0.011519317223946723,-0.08344185800133519,-0.1230305757166974
645,9.333155350310616,0.41999999999999915,1.5219615556186326,0.23865312724296994,0.41200060069494127,0.17334747345197132,0.7482949549720435,0.7878836726874057,0.03958871771536221,0.053777287928350015,0.014188570212987806,-0.10436111407740156,-0.14394983179276377
645,9.333155350310616,0.479999999999999,1.6160744021928917,0.23865312724296994,0.43933592383584763,0.2006827965928777,0.7482949549720435,0.7878836726874057,0.03958871771536221,0.056483817016033666,0.016895099300671457,-0.12575682716127046,-0.16534554487663267
645,9.333155350310616,0.5399999999999988,1.7160068621848563,0.23865312724296994,0.4669637311194095,0.22831060387643953,0.7482949549720435,0.7878836726874057,0.03958871771536221,0.059222559091820615,0.019633841376458405,-0.14753008816828894,-0.18711880588365115
645,9.333155350310616,0.5999999999999989,1.8221188003905069,0.23865312724296994,0.49475169310329736,0.2560985658603274,0.7482949549720435,0.7878836726874057,0.03958871771536221,0.06198852856165882,0.02239981084629661,-0.1695764799296331,-0.2091651976449953
724,9.499845887083206,-0.6,0.5488116360940264,0.1990678315470411,0.06148318582454193,-0.13758464572249918,0.7482949549720435,0.7878836726874057,0.03958871771536221,0.019554433139043814,-0.020034284576318395,0.1256150205584402,0.086026302843078
724,9.499845887083206,-0.54,0.5827482523739896,0.1990678315470411,0.07041694390334441,-0.1286508876436967,0.7482949549720435,0.7878836726874057,0.03958871771536221,0.02084848976931386,-0.01874022794604835,0.11967838010777021,0.080089662392408
724,9.499845887083206,-0.4800000000000001,0.6187833918061408,0.1990678315470411,0.08031673632809366,-0.11875109521894744,0.7482949549720435,0.7878836726874057,0.03958871771536221,0.02223700447230692,-0.01735171324305529,0.11303096564639104,0.07344224793102883
724,9.499845887083206,-0.42000000000000015,0.6570468198150566,0.1990678315470411,0.09123380535711134,-0.10783402618992977,0.7482949549720435,0.7878836726874057,0.03958871771536221,0.023720585035003627,-0.015868132680358582,0.10562533548101027,0.06603661776564806
724,9.499845887083206,-0.3600000000000002,0.6976763260710309,0.1990678315470411,0.10321428187112325,-0.09585354967591786,0.7482949549720435,0.7878836726874057,0.03958871771536221,0.025299244131012366,-0.014289473584349843,0.09741672848383998,0.05782801076847777
724,9.499845887083206,-0.30000000000000027,0.7408182206817177,0.1990678315470411,0.11629797039735457,-0.08276986114968654,0.7482949549720435,0.7878836726874057,0.03958871771536221,0.026972400923800044,-0.012616316791562165,0.08836407204015817,0.04877535432479596
724,9.499845887083206,-0.24000000000000032,0.7866278610665531,0.1990678315470411,0.13051714446484786,-0.06855068708219325,0.7482949549720435,0.7878836726874057,0.03958871771536221,0.028738892488918255,-0.010849825226443954,0.0784310199077104,0.03884230219234819
724,9.499845887083206,-0.18000000000000038,0.8352702114112717,0.1990678315470411,0.1458953837853163,-0.053172447761724806,0.7482949549720435,0.7878836726874057,0.03958871771536221,0.03059699431725227,-0.008991723398109941,0.06758699569618498,0.027998277980822772
724,9.499845887083206,-0.12000000000000044,0.8869204367171571,0.1990678315470411,0.16244648637783632,-0.03662134516920479,0.7482949549720435,0.7878836726874057,0.03958871771536221,0.03254444893121555,-0.007044268784146657,0.0558082150469138,0.01621949733155159
724,9.499845887083206,-0.0600000000000005,0.9417645335842483,0.1990678315470411,0.18017348935470423,-0.018894342192336877,0.7482949549720435,0.7878836726874057,0.03958871771536221,0.0345785014736989,-0.005010216241663312,0.043078657698561784,0.0034899399831995748
724,9.499845887083206,-5.551115123125783e-16,0.9999999999999994,0.1990678315470411,0.19906783154704089,-2.220446049250313e-16,0.7482949549720435,0.7878836726874057,0.03958871771536221,0.036695941017766964,-0.002892776697595245,0.029390959612782153,-0.010197758102580057
724,9.499845887083206,0.05999999999999939,1.061836546545359,0.1990678315470411,0.21910868940143624,0.020040857854395133,0.7482949549720435,0.7878836726874057,0.03958871771536221,0.038893146292073966,-0.0006955714232882437,0.014747195325617635,-0.024841522389744575
724,9.499845887083206,0.11999999999999933,1.1274968515793748,0.1990678315470411,0.2402625146012457,0.041194683054204595,0.7482949549720435,0.7878836726874057,0.03958871771536221,0.04116613451804252,0.0015774168026803093,-0.0008404782299753499,-0.04042919594533756
724,9.499845887083206,0.17999999999999927,1.1972173631218093,0.1990678315470411,0.26248279769002625,0.06341496614298514,0.7482949549720435,0.7878836726874057,0.03958871771536221,0.043510612102993784,0.003921894387631575,-0.017349342977614035,-0.056938060692976245
724,9.499845887083206,0.23999999999999921,1.2712491503214036,0.1990678315470411,0.28571007668796944,0.08664224514092833,0.7482949549720435,0.7878836726874057,0.03958871771536221,0.04592202602001272,0.006333308304650509,-0.03474582924834535,-0.07433454696370756
724,9.499845887083206,0.29999999999999916,1.349858807576002,0.1990678315470411,0.3098722034382636,0.1108043718912225,0.7482949549720435,0.7878836726874057,0.03958871771536221,0.04839561482107846,0.00880689710571625,-0.05298543246848719,-0.0925741501838494
724,9.499845887083206,0.3599999999999991,1.433329414560339,0.1990678315470411,0.33488487339382333,0.13581704184678223,0.7482949549720435,0.7878836726874057,0.03958871771536221,0.05092645836554244,0.011337740650180228,-0.07201285050171713,-0.11160156821707934
724,9.499845887083206,0.41999999999999915,1.5219615556186326,0.1990678315470411,0.36065241699518535,0.16158458544814425,0.7482949549720435,0.7878836726874057,0.03958871771536221,0.05350952549260579,0.013920807777243582,-0.0917623490654107,-0.1313510667807729
724,9.499845887083206,0.479999999999999,1.6160744021928917,0.1990678315470411,0.38706884297216393,0.18800101142512282,0.7482949549720435,0.7878836726874057,0.03958871771536221,0.056139719016292555,0.016551001300930346,-0.11215835597940116,-0.15174707369476337
724,9.499845887083206,0.5399999999999988,1.7160068621848563,0.1990678315470411,0.41401911612278397,0.21495128457574286,0.7482949549720435,0.7878836726874057,0.03958871771536221,0.05881191756798809,0.019223199852625883,-0.13311627802539572,-0.17270499574075793
724,9.499845887083206,0.5999999999999989,1.8221188003905069,0.1990678315470411,0.44138064469025684,0.24231281314321573,0.7482949549720435,0.7878836726874057,0.03958871771536221,0.061521013949769054,0.021932296234406845,-0.15454352716893321,-0.19413224488429542
813,9.667111542075027,-0.6,0.5488116360940264,0.16360903372895097,0.046749876745019514,-0.11685915698393146,0.7482949549720435,0.7878836726874057,0.03958871771536221,0.02181658030851985,-0.01777213740684236,0.1113757750608495,0.07178705734548729
813,9.667111542075027,-0.54,0.5827482523739896,0.16360903372895097,0.053975655139921086,-0.10963337858902988,0.7482949549720435,0.7878836726874057,0.03958871771536221,0.02293199622814268,-0.016656721487219528,0.10667254508510182,0.06708382736973961
813,9.667111542075027,-0.4800000000000001,0.6187833918061408,0.16360903372895097,0.06205837430438432,-0.10155065942456665,0.7482949549720435,0.7878836726874057,0.03958871771536221,0.024139050969439135,-0.015449666745923074,0.10135431385971716,0.06176559614435495
813,9.667111542075027,-0.42000000000000015,0.6570468198150566,0.16360903372895097,0.07105580285037205,-0.09255323087857892,0.7482949549720435,0.7878836726874057,0.03958871771536221,0.025439468538517973,-0.014149249176844236,0.09537111095665884,0.055782393241296635
813,9.667111542075027,-0.3600000000000002,0.6976763260710309,0.16360903372895097,0.08102287012499243,-0.08258616360395854,0.7482949549720435,0.7878836726874057,0.03958871771536221,0.026834403963858833,-0.012754313751503377,0.08867385881748513,0.04908514110212292
813,9.667111542075027,-0.30000000000000027,0.7408182206817177,0.16360903372895097,0.09201051058872411,-0.07159852314022686,0.7482949549720435,0.7878836726874057,0.03958871771536221,0.02832442491702314,-0.01126429279833907,0.08121526628289655,0.04162654856753434
813,9.667111542075027,-0.24000000000000032,0.7866278610665531,0.16360903372895097,0.10406446538454894,-0.05954456834440203,0.7482949549720435,0.7878836726874057,0.03958871771536221,0.029909503743997035,-0.009679213971365175,0.07295078957726331,0.0333620718619011
813,9.667111542075027,-0.18000000000000038,0.8352702114112717,0.16360903372895097,0.11722406711426903,-0.046384966614681944,0.7482949549720435,0.7878836726874057,0.03958871771536221,0.0315890197506995,-0.007999697964662711,0.06383964298427824,0.024250925268916035
813,9.667111542075027,-0.12000000000000044,0.8869204367171571,0.16360903372895097,0.13152103700733753,-0.03208799672161344,0.7482949549720435,0.7878836726874057,0.03958871771536221,0.03336177126589146,-0.006226946449470749,0.053845837885948766,0.014257120170586557
813,9.667111542075027,-0.0600000000000005,0.9417645335842483,0.16360903372895097,0.14697832611593786,-0.016630707613013107,0.7482949549720435,0.7878836726874057,0.03958871771536221,0.0352259967262365,-0.004362720989125712,0.042939225675507675,0.0033505079601454657
813,9.667111542075027,-5.551115123125783e-16,0.9999999999999994,0.16360903372895097,0.16360903372895086,-1.1102230246251565e-16,0.7482949549720435,0.7878836726874057,0.03958871771536221,0.037179403801902655,-0.0024093139134595543,0.03109651747125497,-0.00849220024410724
813,9.667111542075027,0.05999999999999939,1.061836546545359,0.16360903372895097,0.1814154367226074,0.017806402993656434,0.7482949549720435,0.7878836726874057,0.03958871771536221,0.03921920541304391,-0.0003695123023182978,0.01830225171925437,-0.02128646599610784
813,9.667111542075027,0.11999999999999933,1.1274968515793748,0.16360903372895097,0.20038816294682205,0.036779129217871076,0.7482949549720435,0.7878836726874057,0.03958871771536221,0.041342161379751774,0.0017534436643895646,0.004549679825483266,-0.03503903788987894
813,9.667111542075027,0.17999999999999927,1.1972173631218093,0.16360903372895097,0.2205055399157465,0.05689650618679554,0.7482949549720435,0.7878836726874057,0.03958871771536221,0.043544624398879184,0.003955906683516974,-0.01015845997874465,-0.04974717769410686
813,9.667111542075027,0.23999999999999921,1.2712491503214036,0.16360903372895097,0.24173314701067605,0.07812411328172508,0.7482949549720435,0.7878836726874057,0.03958871771536221,0.04582258904564607,0.006233871330283858,-0.025809309179075424,-0.06539802689443763
813,9.667111542075027,0.29999999999999916,1.349858807576002,0.16360903372895097,0.2640235951487646,0.10041456141981364,0.7482949549720435,0.7878836726874057,0.03958871771536221,0.04817174254896239,0.008583024833600184,-0.0423794222850723,-0.08196814000043451
813,9.667111542075027,0.3599999999999991,1.433329414560339,0.16360903372895097,0.2873165525137866,0.12370751878483566,0.7482949549720435,0.7878836726874057,0.03958871771536221,0.05058751617827473,0.010998798462912518,-0.05983448985897433,-0.09942320757433654
813,9.667111542075027,0.41999999999999915,1.5219615556186326,0.16360903372895097,0.31153902863229355,0.14792999490334258,0.7482949549720435,0.7878836726874057,0.03958871771536221,0.05306513619711506,0.01347641848175285,-0.0781292697737761,-0.11771798748913831
813,9.667111542075027,0.479999999999999,1.6160744021928917,0.16360903372895097,0.3366059220079334,0.1729968882789824,0.7482949549720435,0.7878836726874057,0.03958871771536221,0.05559967347509742,0.016010955759735213,-0.09720773982759223,-0.13679645754295444
813,9.667111542075027,0.5399999999999988,1.7160068621848563,0.16360903372895097,0.3624208289405769,0.19881179521162595,0.7482949549720435,0.7878836726874057,0.03958871771536221,0.05818609099713401,0.0185973732817718,-0.11700347869871164,-0.15659219641407385
813,9.667111542075027,0.5999999999999989,1.8221188003905069,0.16360903372895097,0.3888771033317555,0.22526806960280454,0.7482949549720435,0.7878836726874057,0.03958871771536221,0.06081928865845687,0.021230570943094662,-0.1374402755342593,-0.1770289932496215
912,9.832890014164741,-0.6,0.5488116360940264,0.13278731510318775,0.03508611263100869,-0.09770120247217906,0.7482949549720435,0.7878836726874057,0.03958871771536221,0.024015768159661888,-0.015572949555700322,0.09850324953533729,0.05891453181997508
912,9.832890014164741,-0.54,0.5827482523739896,0.13278731510318775,0.040837511949019634,-0.09194980315416812,0.7482949549720435,0.7878836726874057,0.03958871771536221,0.024962431519009343,-0.014626286196352867,0.09483865472137631,0.055249937006014105
912,9.832890014164741,-0.4800000000000001,0.6187833918061408,0.13278731510318775,0.047331194299625845,-0.08545612080356191,0.7482949549720435,0.7878836726874057,0.03958871771536221,0.025995955945492533,-0.013592761769869677,0.09065436956104711,0.0510656518456849
912,9.832890014164741,-0.42000000000000015,0.6570468198150566,0.13278731510318775,0.054627392527129004,-0.07815992257605875,0.7482949549720435,0.7878836726874057,0.03958871771536221,0.02711906704029765,-0.012469650675064559,0.0859009027728933,0.0463121850575311
912,9.832890014164741,-0.3600000000000002,0.6976763260710309,0.13278731510318775,0.06278551599936466,-0.07000179910382309,0.7482949549720435,0.7878836726874057,0.03958871771536221,0.02833398469148074,-0.011254733023881469,0.08052818069908718,0.04093946298372497
912,9.832890014164741,-0.30000000000000027,0.7408182206817177,0.13278731510318775,0.07186313579964476,-0.06092417930354299,0.7482949549720435,0.7878836726874057,0.03958871771536221,0.029642385595844867,-0.009946332119517343,0.07448627592058954,0.03489755820522733
912,9.832890014164741,-0.24000000000000032,0.7866278610665531,0.13278731510318775,0.08191488793123725,-0.05087242717195051,0.7482949549720435,0.7878836726874057,0.03958871771536221,0.031045375511180695,-0.008543342204181514,0.06772622671443107,0.02813750899906886
912,9.832890014164741,-0.18000000000000038,0.8352702114112717,0.13278731510318775,0.0929913131420349,-0.03979600196115285,0.7482949549720435,0.7878836726874057,0.03958871771536221,0.03254347175791328,-0.007045245957448931,0.060200936903550994,0.020612219188188785
912,9.832890014164741,-0.12000000000000044,0.8869204367171571,0.13278731510318775,0.10513765601004477,-0.027649659093142986,0.7482949549720435,0.7878836726874057,0.03958871771536221,0.034136596131335684,-0.005452121584026526,0.051866141799462806,0.012277424084100597
912,9.832890014164741,-0.0600000000000005,0.9417645335842483,0.13278731510318775,0.1183926495983606,-0.014394665504827153,0.7482949549720435,0.7878836726874057,0.03958871771536221,0.03582407803948173,-0.0037646396758804768,0.042681422160259164,0.0030927044448969543
912,9.832890014164741,-5.551115123125783e-16,0.9999999999999994,0.13278731510318775,0.13278731510318753,-2.220446049250313e-16,0.7482949549720435,0.7878836726874057,0.03958871771536221,0.03760466736446155,-0.001984050350900657,0.03261124454978648,-0.006977473165575732
912,9.832890014164741,0.05999999999999939,1.061836546545359,0.13278731510318775,0.14834380829767246,0.01555649319448471,0.7482949549720435,0.7878836726874057,0.03958871771536221,0.03947655627064994,-0.00011216144471226652,0.021626003364475954,-0.017962714350886255
912,9.832890014164741,0.11999999999999933,1.1274968515793748,0.13278731510318775,0.16507434605068683,0.032287030947499074,0.7482949549720435,0.7878836726874057,0.03958871771536221,0.04143740896154946,0.0018486912461872507,0.009703037267667414,-0.029885680447694796
912,9.832890014164741,0.17999999999999927,1.1972173631218093,0.13278731510318775,0.1829802466315238,0.05019293152833604,0.7482949549720435,0.7878836726874057,0.03958871771536221,0.043484398224177045,0.003895680508814836,-0.003172408997548448,-0.04276112671291066
912,9.832890014164741,0.23999999999999921,1.2712491503214036,0.13278731510318775,0.20205111679183319,0.06926380168864543,0.7482949549720435,0.7878836726874057,0.03958871771536221,0.04561424749717036,0.006025529781808148,-0.01700630731164887,-0.05659502502701108
912,9.832890014164741,0.29999999999999916,1.349858807576002,0.13278731510318775,0.22226421668128116,0.0894769015780934,0.7482949549720435,0.7878836726874057,0.03958871771536221,0.0478232771543976,0.008234559439035394,-0.03179508313956114,-0.07138380085492335
912,9.832890014164741,0.3599999999999991,1.433329414560339,0.13278731510318775,0.24358403048950905,0.1107967153863213,0.7482949549720435,0.7878836726874057,0.03958871771536221,0.050107453704623106,0.010518735989260897,-0.0475249952402812,-0.08711371295564341
912,9.832890014164741,0.41999999999999915,1.5219615556186326,0.13278731510318775,0.2659620663543819,0.13317475125119416,0.7482949549720435,0.7878836726874057,0.03958871771536221,0.05246244066235961,0.012873722946997401,-0.06417168423644626,-0.10376040195180847
912,9.832890014164741,0.479999999999999,1.6160744021928917,0.13278731510318775,0.28933690363175923,0.15654958852857148,0.7482949549720435,0.7878836726874057,0.03958871771536221,0.05488364993669925,0.015294932221337043,-0.08169991266288568,-0.12128863037824789
912,9.832890014164741,0.5399999999999988,1.7160068621848563,0.13278731510318775,0.31363449923647657,0.18084718413328882,0.7482949549720435,0.7878836726874057,0.03958871771536221,0.05736629270427851,0.0177775749889163,-0.1000635145792157,-0.1396522322945779
912,9.832890014164741,0.5999999999999989,1.8221188003905069,0.13278731510318775,0.33876875763993863,0.20598144253675088,0.7482949549720435,0.7878836726874057,0.03958871771536221,0.05990542887029815,0.02031671115493594,-0.1192055673791047,-0.1587942850944669
1024,10.0,-0.6,0.5488116360940264,0.10602224029528873,0.02586048023139509,-0.08016176006389364,0.7482949549720435,0.7878836726874057,0.03958871771536221,0.02615081262124197,-0.01343790509412024,0.08698235959502831,0.047393641879666104
1024,10.0,-0.54,0.5827482523739896,0.10602224029528873,0.030348209459444497,-0.07567403083584423,0.7482949549720435,0.7878836726874057,0.03958871771536221,0.026939154097672557,-0.012649563617689652,0.08418600065265225,0.04459728293729004
1024,10.0,-0.4800000000000001,0.6187833918061408,0.10602224029528873,0.03546292302705023,-0.0705593172682385,0.7482949549720435,0.7878836726874057,0.03958871771536221,0.027807842623557733,-0.011780875091804477,0.08096159624132548,0.041372878525963275
1024,10.0,-0.42000000000000015,0.6570468198150566,0.10602224029528873,0.04126393892436386,-0.06475830137092486,0.7482949549720435,0.7878836726874057,0.03958871771536221,0.02876044226335528,-0.01082827545200693,0.07726247626658633,0.037673758551224124
1024,10.0,-0.3600000000000002,0.6976763260710309,0.10602224029528873,0.047811429154080654,-0.058210811141208074,0.7482949549720435,0.7878836726874057,0.03958871771536221,0.029800107744582083,-0.009788609970780127,0.07304026030514366,0.03345154258978145
1024,10.0,-0.30000000000000027,0.7408182206817177,0.10602224029528873,0.05516560021578676,-0.05085664007950197,0.7482949549720435,0.7878836726874057,0.03958871771536221,0.030929530938260563,-0.008659186777101646,0.06824539507098737,0.02865667735562516
1024,10.0,-0.24000000000000032,0.7866278610665531,0.10602224029528873,0.0633857676071683,-0.04263647268812043,0.7482949549720435,0.7878836726874057,0.03958871771536221,0.032150895100384935,-0.007437822614977274,0.06282779242290548,0.023239074707543272
1024,10.0,-0.18000000000000038,0.8352702114112717,0.10602224029528873,0.07252933480608581,-0.03349290548920292,0.7482949549720435,0.7878836726874057,0.03958871771536221,0.033465838045594554,-0.006122879669767656,0.05673756454887169,0.01714884683350948
1024,10.0,-0.12000000000000044,0.8869204367171571,0.10602224029528873,0.08265069142275316,-0.023371548872535564,0.7482949549720435,0.7878836726874057,0.03958871771536221,0.034875425098790824,-0.004713292616571385,0.049925849390171084,0.010337131674808875
1024,10.0,-0.0600000000000005,0.9417645335842483,0.10602224029528873,0.09380004941775089,-0.012222190877537842,0.7482949549720435,0.7878836726874057,0.03958871771536221,0.03638013231888826,-0.003208585396473951,0.04234571558918865,0.002756997873826439
1024,10.0,-5.551115123125783e-16,0.9999999999999994,0.10602224029528873,0.10602224029528862,-1.1102230246251565e-16,0.7482949549720435,0.7878836726874057,0.03958871771536221,0.03797984013125211,-0.0016088775841101022,0.033953132394479946,-0.005635585320882264
1024,10.0,0.05999999999999939,1.061836546545359,0.10602224029528873,0.11935549981680516,0.013333259521516427,0.7482949549720435,0.7878836726874057,0.03958871771536221,0.039673837160717595,8.511944535538607e-05,0.024707986190140474,-0.014880731525221735
1024,10.0,0.11999999999999933,1.1274968515793748,0.10602224029528873,0.13383026984956836,0.027808029554279634,0.7482949549720435,0.7878836726874057,0.03958871771536221,0.04146083374242426,0.001872116027062054,0.014575121803069857,-0.025013595912292352
1024,10.0,0.17999999999999927,1.1972173631218093,0.10602224029528873,0.1494680492865762,0.04344580899128747,0.7482949549720435,0.7878836726874057,0.03958871771536221,0.04333898431667582,0.003750266601313612,0.0035253836579544062,-0.0360633340574078
1024,10.0,0.23999999999999921,1.2712491503214036,0.10602224029528873,0.16628032738210563,0.0602580870868169,0.7482949549720435,0.7878836726874057,0.03958871771536221,0.04530591769637582,0.00571719998101361,-0.008463370629378741,-0.04805208834474095
1024,10.0,0.29999999999999916,1.349858807576002,0.10602224029528873,0.18426763320209094,0.07824539290680221,0.7482949549720435,0.7878836726874057,0.03958871771536221,0.04735877403682265,0.007770056321460439,-0.021405313340055576,-0.060994031055417786
1024,10.0,0.3599999999999991,1.433329414560339,0.10602224029528873,0.2034187340859701,0.09739649379068138,0.7482949549720435,0.7878836726874057,0.03958871771536221,0.049494247239128764,0.009905529523766554,-0.03530577633979792,-0.07489449405516013
1024,10.0,0.41999999999999915,1.5219615556186326,0.10602224029528873,0.2237100139962589,0.11768777370097017,0.7482949549720435,0.7878836726874057,0.03958871771536221,0.05170863147801574,0.012119913762653534,-0.05016049705675796,-0.08974921477212017
1024,10.0,0.479999999999999,1.6160744021928917,0.10602224029528873,0.24510505938367477,0.13908281908838604,0.7482949549720435,0.7878836726874057,0.03958871771536221,0.05399787055694316,0.014409152841580952,-0.0659550091119856,-0.1055437268273478
1024,10.0,0.5399999999999988,1.7160068621848563,0.10602224029528873,0.2675544757634096,0.1615322354681209,0.7482949549720435,0.7878836726874057,0.03958871771536221,0.056357608850973184,0.016768891135610975,-0.08266420350658232,-0.12225292122194453
1024,10.0,0.5999999999999989,1.8221188003905069,0.10602224029528873,0.2909959526825354,0.1849737123872467,0.7482949549720435,0.7878836726874057,0.03958871771536221,0.05878324269167723,0.01919452497631502,-0.10025208270213115,-0.13984080041749336
1149,10.166163082646113,-0.6,0.5488116360940264,0.0835085564727136,0.018793164983427535,-0.06471539148928607,0.7482949549720435,0.7878836726874057,0.03958871771536221,0.028156603464910446,-0.011432114250451764,0.0770692191877258,0.03748050147236359
1149,10.166163082646113,-0.54,0.5827482523739896,0.0835085564727136,0.022237346355280185,-0.06127121011743342,0.7482949549720435,0.7878836726874057,0.03958871771536221,0.0288019240996803,-0.010786793615681911,0.07497190072037896,0.03538318300501675
1149,10.166163082646113,-0.4800000000000001,0.6187833918061408,0.0835085564727136,0.0261995311890445,-0.0573090252836691,0.7482949549720435,0.7878836726874057,0.03958871771536221,0.029519826163661778,-0.010068891551700432,0.07252981479746545,0.03294109708210324
1149,10.166163082646113,-0.42000000000000015,0.6570468198150566,0.0835085564727136,0.030735515232976685,-0.05277304123973692,0.7482949549720435,0.7878836726874057,0.03958871771536221,0.03031448781025936,-0.009274229905102849,0.06970071432880398,0.03011199661344177
1149,10.166163082646113,-0.3600000000000002,0.6976763260710309,0.0835085564727136,0.03590320426916871,-0.04760535220354489,0.7482949549720435,0.7878836726874057,0.03958871771536221,0.03118979684124079,-0.008398920874121418,0.06643988990862537,0.026851172193263162
1149,10.166163082646113,-0.30000000000000027,0.7408182206817177,0.0835085564727136,0.04176201262470869,-0.04174654384800491,0.7482949549720435,0.7878836726874057,0.03958871771536221,0.03214928654492155,-0.007439431170440658,0.06270051643758534,0.02311179872222313
1149,10.166163082646113,-0.24000000000000032,0.7866278610665531,0.0835085564727136,0.04837214683743407,-0.03513640963527953,0.7482949549720435,0.7878836726874057,0.03958871771536221,0.0331960763150535,-0.006392641400308707,0.058434097965362586,0.018845380250000376
1149,10.166163082646113,-0.18000000000000038,0.8352702114112717,0.0835085564727136,0.05579377732954316,-0.027714779143170443,0.7482949549720435,0.7878836726874057,0.03958871771536221,0.03433281870503946,-0.005255899010322751,0.053591013286183875,0.014002295570821666
1149,10.166163082646113,-0.12000000000000044,0.8869204367171571,0.0835085564727136,0.06408610478558552,-0.019422451687128084,0.7482949549720435,0.7878836726874057,0.03958871771536221,0.035561654348419625,-0.004027063366942585,0.04812116193041249,0.008532444215050283
1149,10.166163082646113,-0.0600000000000005,0.9417645335842483,0.0835085564727136,0.07330633203544668,-0.010202224437266927,0.7482949549720435,0.7878836726874057,0.03958871771536221,0.03688417589207715,-0.002704541823285056,0.041974706910807735,0.002385989195445526
1149,10.166163082646113,-5.551115123125783e-16,0.9999999999999994,0.0835085564727136,0.08350855647271338,-2.220446049250313e-16,0.7482949549720435,0.7878836726874057,0.03958871771536221,0.03830140176032881,-0.0012873159550333968,0.03510290698844254,-0.00448581072691967
1149,10.166163082646113,0.05999999999999939,1.061836546545359,0.0835085564727136,0.0947426022364315,0.011234045763717893,0.7482949549720435,0.7878836726874057,0.03958871771536221,0.039813760215299476,0.00022504249993726688,0.02745902743329376,-0.01212969028206845
1149,10.166163082646113,0.11999999999999933,1.1274968515793748,0.0835085564727136,0.10705281537449285,0.023544258901779247,0.7482949549720435,0.7878836726874057,0.03958871771536221,0.04142108382169074,0.0018323661063285313,0.01899931440497915,-0.02058940331038306
1149,10.166163082646113,0.17999999999999927,1.1972173631218093,0.0835085564727136,0.12047684880398046,0.03696829233126686,0.7482949549720435,0.7878836726874057,0.03958871771536221,0.04312261408122853,0.003533896365866318,0.009684014326461599,-0.02990470338890061
1149,10.166163082646113,0.23999999999999921,1.2712491503214036,0.0835085564727136,0.1350444668998012,0.051535910427087606,0.7482949549720435,0.7878836726874057,0.03958871771536221,0.04491701569046025,0.00532829797509804,-0.0005215838618930491,-0.04011030157725526
1149,10.166163082646113,0.29999999999999916,1.349858807576002,0.0835085564727136,0.1507764017969515,0.06726784532423791,0.7482949549720435,0.7878836726874057,0.03958871771536221,0.046802399608529055,0.007213681893166846,-0.011646108722064397,-0.051234826437426606
1149,10.166163082646113,0.3599999999999991,1.433329414560339,0.0835085564727136,0.16768329481987732,0.08417473834716371,0.7482949549720435,0.7878836726874057,0.03958871771536221,0.04877635390850166,0.009187636193139448,-0.02371109618929923,-0.06329981390466144
1149,10.166163082646113,0.41999999999999915,1.5219615556186326,0.0835085564727136,0.18576475671746695,0.10225620024475335,0.7482949549720435,0.7878836726874057,0.03958871771536221,0.05083598123187871,0.011247263516516504,-0.03673003851367207,-0.07631875622903428
1149,10.166163082646113,0.479999999999999,1.6160744021928917,0.0835085564727136,0.20500857948335827,0.12150002301064466,0.7482949549720435,0.7878836726874057,0.03958871771536221,0.05297794157221325,0.01338922385685104,-0.05070752221128061,-0.09029623992664282
1149,10.166163082646113,0.5399999999999988,1.7160068621848563,0.0835085564727136,0.22539013042178957,0.14188157394907597,0.7482949549720435,0.7878836726874057,0.03958871771536221,0.055198499077705354,0.015609781362343145,-0.06563848465031996,-0.10522720236568217
1149,10.166163082646113,0.5999999999999989,1.8221188003905069,0.0835085564727136,0.24687195577320753,0.16336339930049393,0.7482949549720435,0.7878836726874057,0.03958871771536221,0.05749357157878243,0.017904853863420223,-0.08150761747863522,-0.12109633519399743
1290,10.333155350310616,-0.6,0.5488116360940264,0.0647079809408817,0.013418027266241306,-0.0512899536746404,0.7482949549720435,0.7878836726874057,0.03958871771536221,0.0300236572371283,-0.009565060478233911,0.06865575845330518,0.029067040737942973
1290,10.333155350310616,-0.54,0.5827482523739896,0.0647079809408817,0.016010602464885393,-0.04869737847599631,0.7482949549720435,0.7878836726874057,0.03958871771536221,0.03054152837099733,-0.009047189344364881,0.06711438279787307,0.027525665082510864
1290,10.333155350310616,-0.4800000000000001,0.6187833918061408,0.0647079809408817,0.0190212113956435,-0.045686769545238204,0.7482949549720435,0.7878836726874057,0.03958871771536221,0.031123349616221985,-0.008465368099140225,0.06530192112385735,0.025713203408495144
1290,10.333155350310616,-0.42000000000000015,0.6570468198150566,0.0647079809408817,0.02250029931942521,-0.042207681621456494,0.7482949549720435,0.7878836726874057,0.03958871771536221,0.031773668572472547,-0.007815049142889663,0.06318151676408135,0.023592799048719137
1290,10.333155350310616,-0.3600000000000002,0.6976763260710309,0.0647079809408817,0.02650126231720973,-0.038206718623671976,0.7482949549720435,0.7878836726874057,0.03958871771536221,0.03249687303959281,-0.007091844675769399,0.06071343949574537,0.02112472178038316
1290,10.333155350310616,-0.30000000000000027,0.7408182206817177,0.0647079809408817,0.031080062951919674,-0.03362791798896203,0.7482949549720435,0.7878836726874057,0.03958871771536221,0.03329712279033725,-0.006291594925024957,0.05785525842604511,0.0182665407106829
1290,10.333155350310616,-0.24000000000000032,0.7866278610665531,0.0647079809408817,0.036294735001336176,-0.02841324593954553,0.7482949549720435,0.7878836726874057,0.03958871771536221,0.03417828258154465,-0.005410435133817559,0.05456210175853693,0.01497338404317472
1290,10.333155350310616,-0.18000000000000038,0.8352702114112717,0.0647079809408817,0.04220477381680343,-0.022503207124078273,0.7482949549720435,0.7878836726874057,0.03958871771536221,0.03514385827287281,-0.004444859442489402,0.050787010234517704,0.011198292519155495
1290,10.333155350310616,-0.12000000000000044,0.8869204367171571,0.0647079809408817,0.04887041191945274,-0.015837569021428965,0.7482949549720435,0.7878836726874057,0.03958871771536221,0.03619693784928535,-0.0033917798660768606,0.0464813890600595,0.006892671344697288
1290,10.333155350310616,-0.0600000000000005,0.9417645335842483,0.0647079809408817,0.056351782948384166,-0.008356197992497538,0.7482949549720435,0.7878836726874057,0.03958871771536221,0.0373401389883764,-0.002248578726985806,0.04159556066080805,0.0020068429454458414
1290,10.333155350310616,-5.551115123125783e-16,0.9999999999999994,0.0647079809408817,0.0647079809408816,-1.1102230246251565e-16,0.7482949549720435,0.7878836726874057,0.03958871771536221,0.038575564585152544,-0.0010131531302096652,0.036079417687192805,-0.0035093000281694042
1290,10.333155350310616,0.05999999999999939,1.061836546545359,0.0647079809408817,0.07399602604246702,0.009288045101585318,0.7482949549720435,0.7878836726874057,0.03958871771536221,0.0399047673586862,0.0003160496433239901,0.029883172383112555,-0.009705545332249654
1290,10.333155350310616,0.11999999999999933,1.1274968515793748,0.0647079809408817,0.0842697519775305,0.0195617710366488,0.7482949549720435,0.7878836726874057,0.03958871771536221,0.04132872433438817,0.0017400066190259578,0.022958194819620914,-0.016630522895741295
1290,10.333155350310616,0.17999999999999927,1.1972173631218093,0.0647079809408817,0.09557863480014017,0.030870653859258468,0.7482949549720435,0.7878836726874057,0.03958871771536221,0.042847821641918804,0.0032591039265565946,0.015257928696193801,-0.02433078901916841
1290,10.333155350310616,0.23999999999999921,1.2712491503214036,0.0647079809408817,0.10796658641320023,0.04325860547231852,0.7482949549720435,0.7878836726874057,0.03958871771536221,0.04446184971186706,0.004873131996504854,0.006738869564120953,-0.03284984815124126
1290,10.333155350310616,0.29999999999999916,1.349858807576002,0.0647079809408817,0.12147073990621837,0.05676275896533667,0.7482949549720435,0.7878836726874057,0.03958871771536221,0.04617000861321019,0.00658129089784798,-0.0026384134128787373,-0.04222713112824095
1290,10.333155350310616,0.3599999999999991,1.433329414560339,0.0647079809408817,0.13612025672978212,0.07141227578890041,0.7482949549720435,0.7878836726874057,0.03958871771536221,0.04797092296470862,0.008382205249346408,-0.012908234505554561,-0.05249695222091677
1290,10.333155350310616,0.41999999999999915,1.5219615556186326,0.0647079809408817,0.15193518791841465,0.08722720697753295,0.7482949549720435,0.7878836726874057,0.03958871771536221,0.04986266558991426,0.010273947874552047,-0.02409875262167449,-0.0636874703370367
1290,10.333155350310616,0.479999999999999,1.6160744021928917,0.0647079809408817,0.16892542283043488,0.10421744188955318,0.7482949549720435,0.7878836726874057,0.03958871771536221,0.051842788876480195,0.012254071161117985,-0.036230964385415954,-0.07581968210077816
1290,10.333155350310616,0.5399999999999988,1.7160068621848563,0.0647079809408817,0.18708975905893266,0.12238177811805095,0.7482949549720435,0.7878836726874057,0.03958871771536221,0.05390836265079513,0.014319644935432918,-0.04931775839588104,-0.08890647611124325
1290,10.333155350310616,0.5999999999999989,1.8221188003905069,0.0647079809408817,0.2064151261839542,0.14170714524307249,0.7482949549720435,0.7878836726874057,0.03958871771536221,0.05605601728946785,0.016467299574105643,-0.06336306061658847,-0.10295177833195068
1448,10.499845887083206,-0.6,0.5488116360940264,0.049397598351091476,0.009432001516647692,-0.039965596834443784,0.7482949549720435,0.7878836726874057,0.03958871771536221,0.03171442323563478,-0.007874294479727428,0.06173077373006042,0.022142056014698208
1448,10.499845887083206,-0.54,0.5827482523739896,0.049397598351091476,0.011349614479555181,-0.038047983871536295,0.7482949549720435,0.7878836726874057,0.03958871771536221,0.03212224123028962,-0.007466476485072593,0.06061856211762118,0.021029844402258968
1448,10.499845887083206,-0.4800000000000001,0.6187833918061408,0.049397598351091476,0.013597379077932903,-0.03580021927315857,0.7482949549720435,0.7878836726874057,0.03958871771536221,0.032585049152103696,-0.007003668563258514,0.059297855754166795,0.019709138038804586
1448,10.499845887083206,-0.42000000000000015,0.6570468198150566,0.049397598351091476,0.016219355502228083,-0.03317824284886339,0.7482949549720435,0.7878836726874057,0.03958871771536221,0.03310751391371303,-0.006481203801649182,0.05773753674498194,0.018148819029619734
1448,10.499845887083206,-0.3600000000000002,0.6976763260710309,0.049397598351091476,0.01926300625590871,-0.030134592095182766,0.7482949549720435,0.7878836726874057,0.03958871771536221,0.0336942707372494,-0.005894446978112811,0.055903494055227654,0.016314776339865444
1448,10.499845887083206,-0.30000000000000027,0.7408182206817177,0.049397598351091476,0.022779006751157516,-0.02661859159993396,0.7482949549720435,0.7878836726874057,0.03958871771536221,0.03434985769068566,-0.00523886002467655,0.053758653310152615,0.014169935594790406
1448,10.499845887083206,-0.24000000000000032,0.7866278610665531,0.049397598351091476,0.026820958354358604,-0.022576639996732872,0.7482949549720435,0.7878836726874057,0.03958871771536221,0.035078647970594234,-0.004510069744767975,0.05126307661483287,0.01167435889947066
1448,10.499845887083206,-0.18000000000000038,0.8352702114112717,0.049397598351091476,0.03144499598228723,-0.01795260236880425,0.7482949549720435,0.7878836726874057,0.03958871771536221,0.035884781702399504,-0.0037039360129627052,0.04837414162687326,0.008785423911511048
1448,10.499845887083206,-0.12000000000000044,0.8869204367171571,0.049397598351091476,0.03670928441897403,-0.012688313932117445,0.7482949549720435,0.7878836726874057,0.03958871771536221,0.03677209911859325,-0.0028166185967689605,0.0450468080720704,0.0054580903567081895
1448,10.499845887083206,-0.0600000000000005,0.9417645335842483,0.049397598351091476,0.04267340011847387,-0.006724198232617606,0.7482949549720435,0.7878836726874057,0.03958871771536221,0.0377440769815498,-0.0018446407338124082,0.04123397836690801,0.001645260651545799
1448,10.499845887083206,-5.551115123125783e-16,0.9999999999999994,0.049397598351091476,0.049397598351091365,-1.1102230246251565e-16,0.7482949549720435,0.7878836726874057,0.03958871771536221,0.03880377003835478,-0.0007849476770074304,0.036886956991492026,-0.0027017607238701835
1448,10.499845887083206,0.05999999999999939,1.061836546545359,0.049397598351091476,0.056941969083500577,0.0075443707324091,0.7482949549720435,0.7878836726874057,0.03958871771536221,0.03995375913413801,0.0003650414187758022,0.031956010752994146,-0.007632706962368063
1448,10.499845887083206,0.11999999999999933,1.1274968515793748,0.049397598351091476,0.06536548887170723,0.015967890520615757,0.7482949549720435,0.7878836726874057,0.03958871771536221,0.04119610737696944,0.001607389661607228,0.026391029128794652,-0.013197688586567558
1448,10.499845887083206,0.17999999999999927,1.1972173631218093,0.049397598351091476,0.07472498017711349,0.02532738182602201,0.7482949549720435,0.7878836726874057,0.03958871771536221,0.04253232545538943,0.002943607740027221,0.02014228054312206,-0.01944643717224015
1448,10.499845887083206,0.23999999999999921,1.2712491503214036,0.049397598351091476,0.08507399375131952,0.035676395400228045,0.7482949549720435,0.7878836726874057,0.03958871771536221,0.043963346876585985,0.004374629161223775,0.013161256801270227,-0.026427460914091983
1448,10.499845887083206,0.29999999999999916,1.349858807576002,0.049397598351091476,0.09646163391402074,0.04706403556292926,0.7482949549720435,0.7878836726874057,0.03958871771536221,0.04548951353857156,0.005900795823209348,0.005401594097851348,-0.03418712361751086
1448,10.499845887083206,0.3599999999999991,1.433329414560339,0.049397598351091476,0.10893135049319591,0.059533752142104435,0.7482949549720435,0.7878836726874057,0.03958871771536221,0.04711057169338584,0.007521853978023629,-0.0031799448300486866,-0.042768662545410896
1448,10.499845887083206,0.41999999999999915,1.5219615556186326,0.049397598351091476,0.12251972472113026,0.07312212637003879,0.7482949549720435,0.7878836726874057,0.03958871771536221,0.04882567801908588,0.009236960303723674,-0.012622446558611888,-0.0522111642739741
1448,10.499845887083206,0.479999999999999,1.6160744021928917,0.049397598351091476,0.1372552792961501,0.08785768094505864,0.7482949549720435,0.7878836726874057,0.03958871771536221,0.05063341521240061,0.011044697497038403,-0.02295980342774695,-0.06254852114310916
1448,10.499845887083206,0.5399999999999988,1.7160068621848563,0.049397598351091476,0.15315734494921363,0.10375974659812215,0.7482949549720435,0.7878836726874057,0.03958871771536221,0.05253181625423664,0.012943098538874431,-0.034219676134527366,-0.07380839384988958
1448,10.499845887083206,0.5999999999999989,1.8221188003905069,0.049397598351091476,0.17023501703607302,0.12083741868498155,0.7482949549720435,0.7878836726874057,0.03958871771536221,0.054518396295531124,0.014929678580168915,-0.04642249033740997,-0.08601120805277218
1625,10.66622400280318,-0.6,0.5488116360940264,0.03714811819788644,0.00652743273783174,-0.030620685460054697,0.7482949549720435,0.7878836726874057,0.03958871771536221,0.03321370067334528,-0.006375017042016928,0.05615819608335815,0.016569478367995938
1625,10.66622400280318,-0.54,0.5827482523739896,0.03714811819788644,0.007921316385748667,-0.02922680181213777,0.7482949549720435,0.7878836726874057,0.03958871771536221,0.03352877201413662,-0.006059945701225589,0.05537015070764584,0.01578143299228363
1625,10.66622400280318,-0.4800000000000001,0.6187833918061408,0.03714811819788644,0.009570525141558095,-0.027577593056328342,0.7482949549720435,0.7878836726874057,0.03958871771536221,0.03388999588281505,-0.00569872183254716,0.05442517030732219,0.014836452591959981
1625,10.66622400280318,-0.42000000000000015,0.6570468198150566,0.03714811819788644,0.011512362447133828,-0.02563575575075261,0.7482949549720435,0.7878836726874057,0.03958871771536221,0.03430193160699868,-0.005286786108363528,0.05329776118640983,0.013709043471047622
1625,10.66622400280318,-0.3600000000000002,0.6976763260710309,0.03714811819788644,0.013787659689288745,-0.023360458508597692,0.7482949549720435,0.7878836726874057,0.03958871771536221,0.03476922061709442,-0.004819497098267789,0.05195953963343136,0.012370821918069153
1625,10.66622400280318,-0.30000000000000027,0.7408182206817177,0.03714811819788644,0.016440746896031255,-0.020707371301855182,0.7482949549720435,0.7878836726874057,0.03958871771536221,0.035296529628489726,-0.004292188086872484,0.05037915489133593,0.010790437175973722
1625,10.66622400280318,-0.24000000000000032,0.7866278610665531,0.03714811819788644,0.01951934494414931,-0.01762877325373713,0.7482949549720435,0.7878836726874057,0.03958871771536221,0.03588848868404004,-0.0037002290313221664,0.04852226309359442,0.00893354537823221
1625,10.66622400280318,-0.18000000000000038,0.8352702114112717,0.03714811819788644,0.02307436887579417,-0.014073749322092266,0.7482949549720435,0.7878836726874057,0.03958871771536221,0.03654962545454177,-0.003039092260820442,0.046351562172673444,0.0067628444573112345
1625,10.66622400280318,-0.12000000000000044,0.8869204367171571,0.03714811819788644,0.027159632987251214,-0.009988485210635223,0.7482949549720435,0.7878836726874057,0.03958871771536221,0.03728429741861594,-0.002304420296746268,0.04382689753437652,0.004238179819014309
1625,10.66622400280318,-0.0600000000000005,0.9417645335842483,0.03714811819788644,0.0318314499329021,-0.005316668264984337,0.7482949549720435,0.7878836726874057,0.03958871771536221,0.03809662370288924,-0.0014920940124729665,0.04090544766692006,0.001316729951557849
1625,10.66622400280318,-5.551115123125783e-16,0.9999999999999994,0.03714811819788644,0.03714811819788644,0.0,0.7482949549720435,0.7878836726874057,0.03958871771536221,0.03899041844647855,-0.0005982992688836619,0.03754199777344369,-0.002046719941918518
1625,10.66622400280318,0.05999999999999939,1.061836546545359,0.03714811819788644,0.04316929492836452,0.006021176730478084,0.7482949549720435,0.7878836726874057,0.03958871771536221,0.03996912755329474,0.00038040983793252714,0.03368930795214797,-0.005899409763214236
1625,10.66622400280318,0.11999999999999933,1.1274968515793748,0.03714811819788644,0.04995525423732183,0.012807136039435396,0.7482949549720435,0.7878836726874057,0.03958871771536221,0.04103577060989527,0.001447052894533063,0.029298580389645945,-0.010290137325716264
1625,10.66622400280318,0.17999999999999927,1.1972173631218093,0.03714811819788644,0.05756603466786969,0.020417916469983255,0.7482949549720435,0.7878836726874057,0.03958871771536221,0.042192889579630966,0.002604171864268756,0.024320027493079488,-0.015268690222282721
1625,10.66622400280318,0.23999999999999921,1.2712491503214036,0.03714811819788644,0.06606048340784598,0.028912365209959545,0.7482949549720435,0.7878836726874057,0.03958871771536221,0.043442505645294394,0.0038537879299321842,0.018703539903098143,-0.020885177812264066
1625,10.66622400280318,0.29999999999999916,1.349858807576002,0.03714811819788644,0.07549520899421602,0.038347090796329586,0.7482949549720435,0.7878836726874057,0.03958871771536221,0.04478608527661676,0.005197367561254551,0.012399449967887,-0.02718926774747521
1625,10.66622400280318,0.3599999999999991,1.433329414560339,0.03714811819788644,0.08592345848278038,0.04877534028489394,0.7482949549720435,0.7878836726874057,0.03958871771536221,0.04622451626350699,0.006635798548144778,0.0053593826103330855,-0.034229335105029124
1625,10.66622400280318,0.41999999999999915,1.5219615556186326,0.03714811819788644,0.0973939392257166,0.06024582102783016,0.7482949549720435,0.7878836726874057,0.03958871771536221,0.047758094100429416,0.008169376385067206,-0.002462818295455471,-0.04205153601081768
1625,10.66622400280318,0.479999999999999,1.6160744021928917,0.03714811819788644,0.10994960931832964,0.0728014911204432,0.7482949549720435,0.7878836726874057,0.03958871771536221,0.04938651875166267,0.009797801036300458,-0.011110103764157442,-0.05069882147951965
1625,10.66622400280318,0.5399999999999988,1.7160068621848563,0.03714811819788644,0.12362646426004364,0.08647834606215721,0.7482949549720435,0.7878836726874057,0.03958871771536221,0.0511089014899796,0.011520183774617387,-0.02062119318979927,-0.06020991090516148
1625,10.66622400280318,0.5999999999999989,1.8221188003905069,0.03714811819788644,0.13845235023592006,0.10130423203803363,0.7482949549720435,0.7878836726874057,0.03958871771536221,0.05292378119858887,0.013335063483226661,-0.03102953032268574,-0.07061824803804795
1825,10.833680748654741,-0.6,0.5488116360940264,0.027446901629857745,0.004432726500552819,-0.023014175129304926,0.7482949549720435,0.7878836726874057,0.03958871771536221,0.034525243579187626,-0.005063474136174584,0.05173840880885705,0.012149691093494841
1825,10.833680748654741,-0.54,0.5827482523739896,0.027446901629857745,0.0054256500764868765,-0.02202125155337087,0.7482949549720435,0.7878836726874057,0.03958871771536221,0.03476344103319251,-0.004825276682169699,0.051191785355437225,0.011603067640075015
1825,10.833680748654741,-0.4800000000000001,0.6187833918061408,0.027446901629857745,0.006611556578908884,-0.02083534505094886,0.7482949549720435,0.7878836726874057,0.03958871771536221,0.03503938591246547,-0.004549331802896739,0.05052980953414643,0.010941091818784221
1825,10.833680748654741,-0.42000000000000015,0.6570468198150566,0.027446901629857745,0.008021082923686418,-0.019425818706171327,0.7482949549720435,0.7878836726874057,0.03958871771536221,0.035357341479951065,-0.004231376235411144,0.049732215019778536,0.010143497304416327
1825,10.833680748654741,-0.3600000000000002,0.6976763260710309,0.027446901629857745,0.009688268918256249,-0.017758632711601496,0.7482949549720435,0.7878836726874057,0.03958871771536221,0.03572174450188503,-0.003866973213477176,0.0487761028254452,0.00918738511008299
1825,10.833680748654741,-0.30000000000000027,0.7408182206817177,0.027446901629857745,0.011650648463494617,-0.015796253166363128,0.7482949549720435,0.7878836726874057,0.03958871771536221,0.03613716130007405,-0.0034515564152881595,0.04763579328155232,0.00804707556619011
1825,10.833680748654741,-0.24000000000000032,0.7866278610665531,0.027446901629857745,0.013949283672728852,-0.013497617957128893,0.7482949549720435,0.7878836726874057,0.03958871771536221,0.036608236760567014,-0.002980480954795195,0.04628271029757336,0.00669399258221115
1825,10.833680748654741,-0.18000000000000038,0.8352702114112717,0.027446901629857745,0.016628730761963695,-0.01081817086789405,0.7482949549720435,0.7878836726874057,0.03958871771536221,0.0371396371417978,-0.0024490805735644106,0.044685307363496074,0.005096589648133865
1825,10.833680748654741,-0.12000000000000044,0.8869204367171571,0.027446901629857745,0.019736926747557226,-0.007709974882300519,0.7482949549720435,0.7878836726874057,0.03958871771536221,0.03773598782662646,-0.001852729888735749,0.04280904517162343,0.0032203274562612183
1825,10.833680748654741,-0.0600000000000005,0.9417645335842483,0.027446901629857745,0.023324986603637243,-0.004121915026220502,0.7482949549720435,0.7878836726874057,0.03958871771536221,0.03840180743229382,-0.0011869102830683875,0.040616430862593145,0.0010277131472309353
1825,10.833680748654741,-5.551115123125783e-16,0.9999999999999994,0.027446901629857745,0.027446901629857745,0.0,0.7482949549720435,0.7878836726874057,0.03958871771536221,0.03914143991226604,-0.0004472778030961688,0.0380671286613431,-0.0015215890540191124
1825,10.833680748654741,0.05999999999999939,1.061836546545359,0.027446901629857745,0.03215913139435633,0.004712229764498588,0.7482949549720435,0.7878836726874057,0.03958871771536221,0.03995898643873819,0.00037026872337597716,0.03511815101551963,-0.004470566699842582
1825,10.833680748654741,0.11999999999999933,1.1274968515793748,0.027446901629857745,0.03752008376210081,0.010073182132243064,0.7482949549720435,0.7878836726874057,0.03958871771536221,0.040858238932383384,0.0012695212170211745,0.03172413823763598,-0.00786457947772623
1825,10.833680748654741,0.17999999999999927,1.1972173631218093,0.027446901629857745,0.04358948018774034,0.016142578557882592,0.7482949549720435,0.7878836726874057,0.03958871771536221,0.04184261709983539,0.002253899384473179,0.027837733055514957,-0.011750984659847252
1825,10.833680748654741,0.23999999999999921,1.2712491503214036,0.027446901629857745,0.05042760661172063,0.022980704981862887,0.7482949549720435,0.7878836726874057,0.03958871771536221,0.04291511074811449,0.003326393032752284,0.023410054384769396,-0.016178663330592813
1825,10.833680748654741,0.29999999999999916,1.349858807576002,0.027446901629857745,0.058094453888159814,0.03064755225830207,0.7482949549720435,0.7878836726874057,0.03958871771536221,0.0440782289731807,0.00448951125781849,0.018391272066566988,-0.02119744564879522
1825,10.833680748654741,0.3599999999999991,1.433329414560339,0.027446901629857745,0.06664875560389294,0.039201853974035195,0.7482949549720435,0.7878836726874057,0.03958871771536221,0.045333957577027184,0.005745239861664975,0.012731281303411057,-0.026857436411951152
1825,10.833680748654741,0.41999999999999915,1.5219615556186326,0.027446901629857745,0.07614693530339867,0.04870003367354092,0.7482949549720435,0.7878836726874057,0.03958871771536221,0.046683725768711604,0.007095008053349394,0.006380472141904958,-0.03320824557345725
1825,10.833680748654741,0.479999999999999,1.6160744021928917,0.027446901629857745,0.08664197937190232,0.05919507774204458,0.7482949549720435,0.7878836726874057,0.03958871771536221,0.04812838286733512,0.008539665151972908,-0.000709414311503842,-0.04029813202686605
1825,10.833680748654741,0.5399999999999988,1.7160068621848563,0.027446901629857745,0.0981822559853247,0.07073535435546696,0.7482949549720435,0.7878836726874057,0.03958871771536221,0.049668185368881956,0.010079467653519747,-0.00858435507795563,-0.04817307279331784
1825,10.833680748654741,0.5999999999999989,1.8221188003905069,0.027446901629857745,0.11081030443186879,0.08336340280201104,0.7482949549720435,0.7878836726874057,0.03958871771536221,0.05130279438382723,0.011714076668465023,-0.017287055871339052,-0.05687577358670126
2048,11.0,-0.6,0.5488116360940264,0.020000901793177372,0.002968751650383572,-0.0170321501427938,0.7482949549720435,0.7878836726874057,0.03958871771536221,0.035632792274471914,-0.0039559254408902955,0.048354148470078795,0.008765430754716586
2048,11.0,-0.54,0.5827482523739896,0.020000901793177372,0.0036650295302809166,-0.016335872262896456,0.7482949549720435,0.7878836726874057,0.03958871771536221,0.03580963296777262,-0.0037790847475895895,0.047981154485826405,0.008392436770464196
2048,11.0,-0.4800000000000001,0.6187833918061408,0.020000901793177372,0.004504441093908906,-0.015496460699268466,0.7482949549720435,0.7878836726874057,0.03958871771536221,0.036016643484775956,-0.003572074230586253,0.04752500138973981,0.007936283674377598
2048,11.0,-0.42000000000000015,0.6570468198150566,0.020000901793177372,0.005511501314447331,-0.014489400478730041,0.7482949549720435,0.7878836726874057,0.03958871771536221,0.03625765834565409,-0.0033310593697081226,0.0469699863856089,0.007381268670246688
2048,11.0,-0.3600000000000002,0.6976763260710309,0.020000901793177372,0.006713832372768791,-0.013287069420408582,0.7482949549720435,0.7878836726874057,0.03958871771536221,0.036536748568879784,-0.003051969146482425,0.046298117461293864,0.0067093997459316546
2048,11.0,-0.30000000000000027,0.7408182206817177,0.020000901793177372,0.008142334228291581,-0.011858567564885791,0.7482949549720435,0.7878836726874057,0.03958871771536221,0.03685819247357636,-0.0027305252417858528,0.045488927309253246,0.005900209593891037
2048,11.0,-0.24000000000000032,0.7866278610665531,0.020000901793177372,0.009831318711579606,-0.010169583081597766,0.7482949549720435,0.7878836726874057,0.03958871771536221,0.03722643869696274,-0.0023622790183994713,0.04451930336491794,0.00493058564955573
2048,11.0,-0.18000000000000038,0.8352702114112717,0.020000901793177372,0.011818596640497225,-0.008182305152680147,0.7482949549720435,0.7878836726874057,0.03958871771536221,0.037646061669724284,-0.001942656045637925,0.04336334199486458,0.00377462427950237
2048,11.0,-0.12000000000000044,0.8869204367171571,0.020000901793177372,0.014145506979883704,-0.005855394813293668,0.7482949549720435,0.7878836726874057,0.03958871771536221,0.03812171010270404,-0.0014670076126581666,0.04199223568988997,0.002403517974527758
2048,11.0,-0.0600000000000005,0.9417645335842483,0.020000901793177372,0.016856876898742046,-0.0031440248944353266,0.7482949549720435,0.7878836726874057,0.03958871771536221,0.03865804935241657,-0.0009306683629456414,0.04037420276260406,0.0007854850472418518
2048,11.0,-5.551115123125783e-16,0.9999999999999994,0.020000901793177372,0.020000901793177372,0.0,0.7482949549720435,0.7878836726874057,0.03958871771536221,0.039259698832378565,-0.0003290188829836449,0.03847446945160249,-0.0011142482637597206
2048,11.0,0.05999999999999939,1.061836546545359,0.020000901793177372,0.023628934995709283,0.0036280332025319106,0.7482949549720435,0.7878836726874057,0.03958871771536221,0.039931165903586696,0.00034244818822448675,0.03625531443120311,-0.0033334032841590977
2048,11.0,0.11999999999999933,1.1274968515793748,0.020000901793177372,0.027795178029434098,0.007794276236256725,0.7482949549720435,0.7878836726874057,0.03958871771536221,0.040676777892823535,0.0010880601774613252,0.03367618545679729,-0.005912532258564918
2048,11.0,0.17999999999999927,1.1972173631218093,0.020000901793177372,0.03255626392124833,0.012555362128070957,0.7482949549720435,0.7878836726874057,0.03958871771536221,0.04150061403659411,0.0019118963212318985,0.03069389718802118,-0.00889482052734103
2048,11.0,0.23999999999999921,1.2712491503214036,0.020000901793177372,0.03797072827541115,0.017969826482233775,0.7482949549720435,0.7878836726874057,0.03958871771536221,0.04240643921988252,0.0028177215045203097,0.02726291808335768,-0.01232579963200453
2048,11.0,0.29999999999999916,1.349858807576002,0.020000901793177372,0.04409836551776947,0.024097463724592094,0.7482949549720435,0.7878836726874057,0.03958871771536221,0.04339764136611535,0.0038089236507531377,0.023335752624218054,-0.016252965091144156
2048,11.0,0.3599999999999991,1.433329414560339,0.020000901793177372,0.050999470916974765,0.030998569123797393,0.7482949549720435,0.7878836726874057,0.03958871771536221,0.04447717423683628,0.004888456521474072,0.01886342299721977,-0.02072529471814244
2048,11.0,0.41999999999999915,1.5219615556186326,0.020000901793177372,0.05873397260917734,0.03873307081599997,0.7482949549720435,0.7878836726874057,0.03958871771536221,0.04564750722159894,0.006058789506236728,0.01379605175650378,-0.02579266595885843
2048,11.0,0.479999999999999,1.6160744021928917,0.020000901793177372,0.0673604618058028,0.047359560012625423,0.7482949549720435,0.7878836726874057,0.03958871771536221,0.04691058345080379,0.0073218657354415795,0.008083543945304972,-0.03150517377005724
2048,11.0,0.5399999999999988,1.7160068621848563,0.020000901793177372,0.07693513353124781,0.05693423173807044,0.7482949549720435,0.7878836726874057,0.03958871771536221,0.048267787261500494,0.008679069546138285,0.0016763637465212478,-0.03791235396884096
2048,11.0,0.5999999999999989,1.8221188003905069,0.020000901793177372,0.08751065447469197,0.0675097526815146,0.7482949549720435,0.7878836726874057,0.03958871771536221,0.049719921706587344,0.010131203991225135,-0.005473602948125156,-0.045062320663487365
2299,11.16679075071818,-0.6,0.5488116360940264,0.014330265056194058,0.0019533041353484437,-0.012376960920845614,0.7482949549720435,0.7878836726874057,0.03958871771536221,0.03655670564645486,-0.0030320120689073526,0.04579179465231065,0.006203076936948437
2299,11.16679075071818,-0.54,0.5827482523739896,0.014330265056194058,0.0024323563238864976,-0.01189790873230756,0.7482949549720435,0.7878836726874057,0.03958871771536221,0.036685262156470055,-0.002903455558892154,0.045542316553184525,0.005953598837822316
2299,11.16679075071818,-0.4800000000000001,0.6187833918061408,0.014330265056194058,0.0030153238284782446,-0.011314941227715813,0.7482949549720435,0.7878836726874057,0.03958871771536221,0.03683733969820979,-0.002751378017152417,0.04523420377601428,0.005645486060652072
2299,11.16679075071818,-0.42000000000000015,0.6570468198150566,0.014330265056194058,0.0037213064986876265,-0.010608958557506432,0.7482949549720435,0.7878836726874057,0.03958871771536221,0.03701626306271366,-0.002572454652648548,0.04485561167644403,0.00526689396108182
2299,11.16679075071818,-0.3600000000000002,0.6976763260710309,0.014330265056194058,0.0045721151395681225,-0.009758149916625936,0.7482949549720435,0.7878836726874057,0.03958871771536221,0.03722562824585429,-0.0023630894695079174,0.044392785077861596,0.004804067362499387
2299,11.16679075071818,-0.30000000000000027,0.7408182206817177,0.014330265056194058,0.0055924856218612096,-0.008737779434332849,0.7482949549720435,0.7878836726874057,0.03958871771536221,0.037469287889677516,-0.0021194298256846933,0.04382986025352831,0.004241142538166098
2299,11.16679075071818,-0.24000000000000032,0.7866278610665531,0.014330265056194058,0.006810274521628745,-0.007519990534565313,0.7482949549720435,0.7878836726874057,0.03958871771536221,0.03775132926297964,-0.0018373884523825712,0.0431486702613626,0.003559952546000389
2299,11.16679075071818,-0.18000000000000038,0.8352702114112717,0.014330265056194058,0.008256627363671498,-0.00607363769252256,0.7482949549720435,0.7878836726874057,0.03958871771536221,0.03807604449239732,-0.0015126732229648887,0.04232855979131278,0.0027398420759505715
2299,11.16679075071818,-0.12000000000000044,0.8869204367171571,0.014330265056194058,0.009966109640820564,-0.004364155415373494,0.7482949549720435,0.7878836726874057,0.03958871771536221,0.03844789301617624,-0.0011408246991859716,0.04134621668735705,0.001757498971994842
2299,11.16679075071818,-0.0600000000000005,0.9417645335842483,0.014330265056194058,0.01197679006640362,-0.0023534749897904383,0.7482949549720435,0.7878836726874057,0.03958871771536221,0.038871456525667925,-0.0007172611896942849,0.04017552824100923,0.0005868105256470191
2299,11.16679075071818,-5.551115123125783e-16,0.9999999999999994,0.014330265056194058,0.014330265056194058,0.0,0.7482949549720435,0.7878836726874057,0.03958871771536221,0.039351386971041125,-0.0002373307443210848,0.03878747116541725,-0.0008012465499449561
2299,11.16679075071818,0.05999999999999939,1.061836546545359,0.014330265056194058,0.017071613295874366,0.002741348239680308,0.7482949549720435,0.7878836726874057,0.03958871771536221,0.03989234852132251,0.0003036308059602977,0.03715004478807615,-0.0024386729272860563
2299,11.16679075071818,0.11999999999999933,1.1274968515793748,0.014330265056194058,0.020249269494473032,0.005919004438278974,0.7482949549720435,0.7878836726874057,0.03958871771536221,0.04049895466660858,0.0009102369512463682,0.03522825738244162,-0.00436046033292059
2299,11.16679075071818,0.17999999999999927,1.1972173631218093,0.014330265056194058,0.023914807110693825,0.009584542054499767,0.7482949549720435,0.7878836726874057,0.03958871771536221,0.041175701913453766,0.0015869841980915567,0.032984175630841106,-0.006604542084521103
2299,11.16679075071818,0.23999999999999921,1.2712491503214036,0.014330265056194058,0.02812262101389995,0.013792355957705893,0.7482949549720435,0.7878836726874057,0.03958871771536221,0.04192690173544522,0.0023381840200830117,0.03037704691320664,-0.00921167080215557
2299,11.16679075071818,0.29999999999999916,1.349858807576002,0.014330265056194058,0.032929502735928984,0.018599237679734926,0.7482949549720435,0.7878836726874057,0.03958871771536221,0.042756612584726406,0.003167894869364196,0.027363503395837818,-0.012225214319524391
2299,11.16679075071818,0.3599999999999991,1.433329414560339,0.014330265056194058,0.038394103195767526,0.024063838139573468,0.7482949549720435,0.7878836726874057,0.03958871771536221,0.043668573835626945,0.004079856120264735,0.023897855710873883,-0.015690862004488326
2299,11.16679075071818,0.41999999999999915,1.5219615556186326,0.014330265056194058,0.04457628052531648,0.030246015469122423,0.7482949549720435,0.7878836726874057,0.03958871771536221,0.04466614351247922,0.005077425797117008,0.019932482345426994,-0.019656235369935215
2299,11.16679075071818,0.479999999999999,1.6160744021928917,0.014330265056194058,0.051536333853972716,0.03720606879777866,0.7482949549720435,0.7878836726874057,0.03958871771536221,0.04575224154972579,0.006163523834363582,0.0154183186942205,-0.02417039902114171
2299,11.16679075071818,0.5399999999999988,1.7160068621848563,0.014330265056194058,0.05933412755771217,0.04500386250151811,0.7482949549720435,0.7878836726874057,0.03958871771536221,0.04692930014890784,0.007340582433545628,0.01030544708908221,-0.02928327062628
2299,11.16679075071818,0.5999999999999989,1.8221188003905069,0.014330265056194058,0.06802811445149315,0.05369784939529909,0.7482949549720435,0.7878836726874057,0.03958871771536221,0.04819922254477249,0.008610504829410282,0.004543786046502296,-0.03504493166885991
2580,11.333155350310616,-0.6,0.5488116360940264,0.0101117482753319,0.0012653122406384165,-0.008846436034693483,0.7482949549720435,0.7878836726874057,0.03958871771536221,0.03730632731063177,-0.002282390404730439,0.04390261336190804,0.004313895646545829
2580,11.333155350310616,-0.54,0.5827482523739896,0.0101117482753319,0.0015893439132019793,-0.00852240436212992,0.7482949549720435,0.7878836726874057,0.03958871771536221,0.037397989165937284,-0.002190728549424925,0.043738700029742894,0.004149982314380685
2580,11.333155350310616,-0.4800000000000001,0.6187833918061408,0.0101117482753319,0.001987366472365082,-0.008124381802966818,0.7482949549720435,0.7878836726874057,0.03958871771536221,0.03750756617380968,-0.0020811515415525284,0.04353426732788568,0.003945549612523469
2580,11.333155350310616,-0.42000000000000015,0.6570468198150566,0.0101117482753319,0.002473903752642448,-0.007637844522689452,0.7482949549720435,0.7878836726874057,0.03958871771536221,0.03763784596345465,-0.001950871751907557,0.04328059656999961,0.003691878854637398
2580,11.333155350310616,-0.3600000000000002,0.6976763260710309,0.0101117482753319,0.0030657552483182027,-0.007045993027013697,0.7482949549720435,0.7878836726874057,0.03958871771536221,0.03779189640958136,-0.001796821305780849,0.04296743050697116,0.003378712791608951
2580,11.333155350310616,-0.30000000000000027,0.7408182206817177,0.0101117482753319,0.0037822244872807165,-0.006329523788051183,0.7482949549720435,0.7878836726874057,0.03958871771536221,0.037973063838949495,-0.0016156538764127149,0.04258278243273628,0.0029940647173740675
2580,11.333155350310616,-0.24000000000000032,0.7866278610665531,0.0101117482753319,0.004645343146769898,-0.005466405128562002,0.7482949549720435,0.7878836726874057,0.03958871771536221,0.038184964904412366,-0.0014037528109498432,0.042112739651721576,0.0025240219363593663
2580,11.333155350310616,-0.18000000000000038,0.8352702114112717,0.0101117482753319,0.005680084019512366,-0.004431664255819534,0.7482949549720435,0.7878836726874057,0.03958871771536221,0.038431471459444366,-0.0011572462559178431,0.04154126552462423,0.0019525478092620174
2580,11.333155350310616,-0.12000000000000044,0.8869204367171571,0.0101117482753319,0.006914554848091337,-0.0031971934272405633,0.7482949549720435,0.7878836726874057,0.03958871771536221,0.03871668794088978,-0.000872029774472427,0.040850005311043436,0.0012612875956812264
2580,11.333155350310616,-0.0600000000000005,0.9417645335842483,0.0101117482753319,0.008380164026180248,-0.001731584249151652,0.7482949549720435,0.7878836726874057,0.03958871771536221,0.039044920990175536,-0.0005437967251866738,0.04001810204840062,0.0004293843330384073
2580,11.333155350310616,-5.551115123125783e-16,0.9999999999999994,0.0101117482753319,0.0101117482753319,0.0,0.7482949549720435,0.7878836726874057,0.03958871771536221,0.03942064130702205,-0.00016807640834015647,0.03902202970527335,-0.000566688010088856
2580,11.333155350310616,0.05999999999999939,1.061836546545359,0.0101117482753319,0.01214765170861909,0.0020359034332871895,0.7482949549720435,0.7878836726874057,0.03958871771536221,0.03984843802455351,0.0002597203091913025,0.03783545177461933,-0.0017532659407428763
2580,11.333155350310616,0.11999999999999933,1.1274968515793748,0.0101117482753319,0.014529745254091786,0.004417996978759886,0.7482949549720435,0.7878836726874057,0.03958871771536221,0.04033296620692339,0.0007442484915611836,0.036429114272479524,-0.003159603442882686
2580,11.333155350310616,0.17999999999999927,1.1972173631218093,0.0101117482753319,0.017303375298517,0.007191627023185099,0.7482949549720435,0.7878836726874057,0.03958871771536221,0.040878888383632295,0.0012901706682700853,0.03477078271974632,-0.004817934995615891
2580,11.333155350310616,0.23999999999999921,1.2712491503214036,0.0101117482753319,0.020517230688880783,0.010405482413548883,0.7482949549720435,0.7878836726874057,0.03958871771536221,0.041490811330411215,0.0019020936150490053,0.03282523304487617,-0.006763484670486042
2580,11.333155350310616,0.29999999999999916,1.349858807576002,0.0101117482753319,0.024223117952212547,0.014111369676880647,0.7482949549720435,0.7878836726874057,0.03958871771536221,0.04217321956624254,0.0025845018508803275,0.030554306390740416,-0.009034411324621794
2580,11.333155350310616,0.3599999999999991,1.433329414560339,0.0101117482753319,0.028475635808812183,0.018363887533480283,0.7482949549720435,0.7878836726874057,0.03958871771536221,0.04293040724234631,0.003341689526984104,0.02791703747971208,-0.011671680235650128
2580,11.333155350310616,0.41999999999999915,1.5219615556186326,0.0101117482753319,0.03333174178971676,0.023219993514384862,0.7482949549720435,0.7878836726874057,0.03958871771536221,0.0437664102369294,0.004177692521567189,0.024869865435884764,-0.014718852279477446
2580,11.333155350310616,0.479999999999999,1.6160744021928917,0.0101117482753319,0.03885020603644462,0.028738457761112723,0.7482949549720435,0.7878836726874057,0.03958871771536221,0.044684940328451495,0.005096222613089285,0.021366934742349963,-0.018221782973012246
2580,11.333155350310616,0.5399999999999988,1.7160068621848563,0.0101117482753319,0.04509095014667697,0.03497920187134507,0.7482949549720435,0.7878836726874057,0.03958871771536221,0.04568932329439057,0.006100605579028362,0.01736049230110548,-0.02222822541425673
2580,11.333155350310616,0.5999999999999989,1.8221188003905069,0.0101117482753319,0.052114272194406674,0.042002523919074775,0.7482949549720435,0.7878836726874057,0.03958871771536221,0.04678244267203746,0.0071937249566752515,0.01280138435997602,-0.02678733335538619
2896,11.499845887083206,-0.6,0.5488116360940264,0.007015113370278936,0.000805336777942145,-0.006209776592336791,0.7482949549720435,0.7878836726874057,0.03958871771536221,0.03790379857910353,-0.001684919136258678,0.0425321379022906,0.0029434201869283916
2896,11.499845887083206,-0.54,0.5827482523739896,0.007015113370278936,0.0010204346444639967,-0.005994678725814939,0.7482949549720435,0.7878836726874057,0.03958871771536221,0.03796780209088768,-0.0016209156244745282,0.0424265466032695,0.00283782888790729
2896,11.499845887083206,-0.4800000000000001,0.6187833918061408,0.007015113370278936,0.0012871345797920153,-0.005727978790486921,0.7482949549720435,0.7878836726874057,0.03958871771536221,0.03804512429037532,-0.0015435934249868888,0.04229355251120803,0.002704834795845823
2896,11.499845887083206,-0.42000000000000015,0.6570468198150566,0.007015113370278936,0.0016162119126512664,-0.0053989014576276695,0.7482949549720435,0.7878836726874057,0.03958871771536221,0.038138027777622985,-0.0014506899377392246,0.04212689686242865,0.002538179147066444
2896,11.499845887083206,-0.3600000000000002,0.6976763260710309,0.007015113370278936,0.0020202862376705877,-0.004994827132608348,0.7482949549720435,0.7878836726874057,0.03958871771536221,0.038249043994657894,-0.0013396737207043152,0.041919122751923776,0.002330405036561567
2896,11.499845887083206,-0.30000000000000027,0.7408182206817177,0.007015113370278936,0.002514042653889881,-0.004501070716389055,0.7482949549720435,0.7878836726874057,0.03958871771536221,0.038380981331580744,-0.0012077363837814659,0.041661403540111275,0.0020726858247490654
2896,11.499845887083206,-0.24000000000000032,0.7866278610665531,0.007015113370278936,0.003114458904096229,-0.003900654466182707,0.7482949549720435,0.7878836726874057,0.03958871771536221,0.03853692849161938,-0.0010517892237428272,0.041343360109715954,0.0017546423943537448
2896,11.499845887083206,-0.18000000000000038,0.8352702114112717,0.007015113370278936,0.00384103364468813,-0.003174079725590806,0.7482949549720435,0.7878836726874057,0.03958871771536221,0.03872025225306075,-0.0008684654623014598,0.04095286942890808,0.0013641517135458692
2896,11.499845887083206,-0.12000000000000044,0.8869204367171571,0.007015113370278936,0.004716009983549596,-0.0022991033867293398,0.7482949549720435,0.7878836726874057,0.03958871771536221,0.03893458884421075,-0.0006541288711514603,0.0404758677559538,0.0008871500405915889
2896,11.499845887083206,-0.0600000000000005,0.9417645335842483,0.007015113370278936,0.005764587312069858,-0.0012505260582090783,0.7482949549720435,0.7878836726874057,0.03958871771536221,0.03918382827562805,-0.00040488943973415736,0.039896152775106275,0.0003074350597440656
2896,11.499845887083206,-5.551115123125783e-16,0.9999999999999994,0.007015113370278936,0.007015113370278936,0.0,0.7482949549720435,0.7878836726874057,0.03958871771536221,0.039472091152326416,-0.00011662656303579322,0.03919518995793092,-0.000393527757431289
2896,11.499845887083206,0.05999999999999939,1.061836546545359,0.007015113370278936,0.008499247472398608,0.001484134102119672,0.7482949549720435,0.7878836726874057,0.03958871771536221,0.03980369771446979,0.00021497999910757848,0.03835192946503896,-0.0012367882503232508
2896,11.499845887083206,0.11999999999999933,1.1274968515793748,0.007015113370278936,0.010252084942237283,0.003236971571958347,0.7482949549720435,0.7878836726874057,0.03958871771536221,0.040183129121588834,0.0005944114062266248,0.037342640898380575,-0.0022460768169816347
2896,11.499845887083206,0.17999999999999927,1.1972173631218093,0.007015113370278936,0.012312232127417388,0.005297118757138453,0.7482949549720435,0.7878836726874057,0.03958871771536221,0.04061498129201979,0.0010262635766575823,0.036140774134134857,-0.003447943581227353
2896,11.499845887083206,0.23999999999999921,1.2712491503214036,0.007015113370278936,0.014721820945013953,0.007706707574735017,0.7482949549720435,0.7878836726874057,0.03958871771536221,0.04110391192212737,0.001515194206765158,0.03471685525451007,-0.004871862460852139
2896,11.499845887083206,0.29999999999999916,1.349858807576002,0.007015113370278936,0.01752645182551582,0.010511338455236885,0.7482949549720435,0.7878836726874057,0.03958871771536221,0.041654581622295406,0.0020658639069331963,0.033038427192262576,-0.006550290523099633
2896,11.499845887083206,0.3599999999999991,1.433329414560339,0.007015113370278936,0.020775054230342205,0.013759940860063269,0.7482949549720435,0.7878836726874057,0.03958871771536221,0.04227159040032491,0.0026828726849627005,0.031070045040782923,-0.008518672674579286
2896,11.499845887083206,0.41999999999999915,1.5219615556186326,0.007015113370278936,0.024519654676361746,0.01750454130608281,0.7482949549720435,0.7878836726874057,0.03958871771536221,0.04295941097917444,0.00337069326381223,0.028773336002052563,-0.010815381713309646
2896,11.499845887083206,0.479999999999999,1.6160744021928917,0.007015113370278936,0.02881504345330521,0.021799930083026275,0.7482949549720435,0.7878836726874057,0.03958871771536221,0.043722320637632595,0.004133602922270385,0.026107133585672404,-0.013481584129689805
2896,11.499845887083206,0.5399999999999988,1.7160068621848563,0.007015113370278936,0.03371833299513294,0.026703219624854002,0.7482949549720435,0.7878836726874057,0.03958871771536221,0.04456433339492705,0.004975615679564838,0.02302769488354639,-0.01656102283181582
2896,11.499845887083206,0.5999999999999989,1.8221188003905069,0.007015113370278936,0.039288403172900166,0.03227328980262123,0.7482949549720435,0.7878836726874057,0.03958871771536221,0.04548913441305191,0.005900416697689703,0.019489008488035475,-0.020099709227326734
3251,11.666667840690355,-0.6,0.5488116360940264,0.0047861612790135455,0.0005038218740425204,-0.004282339404971025,0.7482949549720435,0.7878836726874057,0.03958871771536221,0.038368747918512525,-0.0012199697968496848,0.04155983884510661,0.001971121129744402
3251,11.666667840690355,-0.54,0.5827482523739896,0.0047861612790135455,0.0006440077804082955,-0.00414215349860525,0.7482949549720435,0.7878836726874057,0.03958871771536221,0.03841252983151122,-0.0011761878838509876,0.04149311799890776,0.0019044002835455487
3251,11.666667840690355,-0.4800000000000001,0.6187833918061408,0.0047861612790135455,0.0008194608071547815,-0.003966700471858764,0.7482949549720435,0.7878836726874057,0.03958871771536221,0.038465981570656615,-0.001122736144705594,0.041408251170641286,0.0018195334552790765
3251,11.666667840690355,-0.42000000000000015,0.6570468198150566,0.0047861612790135455,0.0010379880928657048,-0.0037481731861478407,0.7482949549720435,0.7878836726874057,0.03958871771536221,0.03853088393567072,-0.001057833779691486,0.04130085284001517,0.0017121351246529581
3251,11.666667840690355,-0.3600000000000002,0.6976763260710309,0.0047861612790135455,0.0013088442736257644,-0.003477317005387781,0.7482949549720435,0.7878836726874057,0.03958871771536221,0.0386092608660924,-0.0009794568492698108,0.04116563301080045,0.0015769152954382415
3251,11.666667840690355,-0.30000000000000027,0.7408182206817177,0.0047861612790135455,0.00164293165954843,-0.0031432296194651155,0.7482949549720435,0.7878836726874057,0.03958871771536221,0.03870339417073476,-0.0008853235446274477,0.04099625121836614,0.0014075335030039327
3251,11.666667840690355,-0.24000000000000032,0.7866278610665531,0.0047861612790135455,0.00205301264635227,-0.0027331486326612753,0.7482949549720435,0.7878836726874057,0.03958871771536221,0.03881583523114873,-0.0007728824842134774,0.040785156781967924,0.0011964390666057145
3251,11.666667840690355,-0.18000000000000038,0.8352702114112717,0.0047861612790135455,0.002553931521500963,-0.0022322297575125827,0.7482949549720435,0.7878836726874057,0.03958871771536221,0.03894941279262476,-0.0006393049227374492,0.0405234163345608,0.0009346986191985929
3251,11.666667840690355,-0.12000000000000044,0.8869204367171571,0.0047861612790135455,0.0031628418597723362,-0.0016233194192412093,0.7482949549720435,0.7878836726874057,0.03958871771536221,0.0391072359497876,-0.00048148176557460953,0.04020053035380611,0.0006118126384438982
3251,11.666667840690355,-0.0600000000000005,0.9417645335842483,0.0047861612790135455,0.003899434659897061,-0.0008867266191164846,0.7482949549720435,0.7878836726874057,0.03958871771536221,0.03929269146877634,-0.0002960262465858676,0.03980424121143278,0.00021552349607056875
3251,11.666667840690355,-5.551115123125783e-16,0.9999999999999994,0.0047861612790135455,0.0047861612790135455,0.0,0.7482949549720435,0.7878836726874057,0.03958871771536221,0.03950943466978041,-7.928304558180166e-05,0.03932033614340824,-0.0002683815719539684
3251,11.666667840690355,0.05999999999999939,1.061836546545359,0.0047861612790135455,0.00584844411054708,0.0010622828315335342,0.7482949549720435,0.7878836726874057,0.03958871771536221,0.03976137322548434,0.00017265551012213276,0.0387324495024407,-0.0008562682129215071
3251,11.666667840690355,0.11999999999999933,1.1274968515793748,0.0047861612790135455,0.007114866867618086,0.0023287055886045405,0.7482949549720435,0.7878836726874057,0.03958871771536221,0.04005264341301151,0.00046392569764930336,0.03802186966122312,-0.0015668480541390917
3251,11.666667840690355,0.17999999999999927,1.1972173631218093,0.0047861612790135455,0.008617335330115328,0.0038311740511017822,0.7482949549720435,0.7878836726874057,0.03958871771536221,0.040387578586025596,0.0007988608706633871,0.0371673569552593,-0.0024213607601029086
3251,11.666667840690355,0.23999999999999921,1.2712491503214036,0.0047861612790135455,0.010391198547876956,0.005605037268863411,0.7482949549720435,0.7878836726874057,0.03958871771536221,0.04077066990275313,0.0011819521873909222,0.03614498004557798,-0.0034437376697842303
3251,11.666667840690355,0.29999999999999916,1.349858807576002,0.0047861612790135455,0.012475319828924913,0.007689158549911368,0.7482949549720435,0.7878836726874057,0.03958871771536221,0.041206519644031325,0.0016178019286691159,0.03492797899390565,-0.004660738721456559
3251,11.666667840690355,0.3599999999999991,1.433329414560339,0.0047861612790135455,0.014912086447145922,0.010125925168132377,0.7482949549720435,0.7878836726874057,0.03958871771536221,0.041699787768928465,0.002111070053566255,0.03348666411923629,-0.006102053596125923
3251,11.666667840690355,0.41999999999999915,1.5219615556186326,0.0047861612790135455,0.01774734694474911,0.012961185665735564,0.7482949549720435,0.7878836726874057,0.03958871771536221,0.04225513266715464,0.0026664149517924285,0.03178836028371346,-0.007800357431648752
3251,11.666667840690355,0.479999999999999,1.6160744021928917,0.0047861612790135455,0.021030265244131985,0.01624410396511844,0.7482949549720435,0.7878836726874057,0.03958871771536221,0.04287714735903225,0.0032884296436700433,0.02979740657361607,-0.00979131114174614
3251,11.666667840690355,0.5399999999999988,1.7160068621848563,0.0047861612790135455,0.024813081576651408,0.020026920297637862,0.7482949549720435,0.7878836726874057,0.03958871771536221,0.04357029264669143,0.003981574931329224,0.027475221335062194,-0.012113496380300015
3251,11.666667840690355,0.5999999999999989,1.8221188003905069,0.0047861612790135455,0.02915077152555079,0.024364610246537244,0.7482949549720435,0.7878836726874057,0.03958871771536221,0.044338828917205975,0.004750111201843765,0.024780442135265757,-0.014808275580096453
3649,11.833285435584482,-0.6,0.5488116360940264,0.003213502630861176,0.0003100859497771058,-0.00290341668108407,0.7482949549720435,0.7878836726874057,0.03958871771536221,0.03872187228570778,-0.0008668454296544281,0.0408853171551411,0.0012965994397788894
3649,11.833285435584482,-0.54,0.5827482523739896,0.003213502630861176,0.00039986433122674025,-0.0028136382996344356,0.7482949549720435,0.7878836726874057,0.03958871771536221,0.03875123657874313,-0.0008374811366190782,0.04084392479445442,0.0012552070790922132
3649,11.833285435584482,-0.4800000000000001,0.6187833918061408,0.003213502630861176,0.0005132851836374686,-0.0027002174472237073,0.7482949549720435,0.7878836726874057,0.03958871771536221,0.03878746388324328,-0.0008012538321189311,0.040790755113574106,0.001202037398211897
3649,11.833285435584482,-0.42000000000000015,0.6570468198150566,0.003213502630861176,0.0006558795565428932,-0.0025576230743182826,0.7482949549720435,0.7878836726874057,0.03958871771536221,0.03883191582243939,-0.0007568018929228204,0.040722804897661224,0.001134087182299015
3649,11.833285435584482,-0.3600000000000002,0.6976763260710309,0.003213502630861176,0.0008342817491471255,-0.0023792208817140503,0.7482949549720435,0.7878836726874057,0.03958871771536221,0.038886163345830504,-0.0007025543695317049,0.04063640750292019,0.0010476897875579816
3649,11.833285435584482,-0.30000000000000027,0.7408182206817177,0.003213502630861176,0.0010564010418764314,-0.0021571015889847445,0.7482949549720435,0.7878836726874057,0.03958871771536221,0.03895200496165907,-0.0006367127537031392,0.04052711418846744,0.0009383964731052297
3649,11.833285435584482,-0.24000000000000032,0.7866278610665531,0.003213502630861176,0.0013316087834871482,-0.0018818938473740277,0.7482949549720435,0.7878836726874057,0.03958871771536221,0.039031483510986065,-0.0005572342043761447,0.04038956125616311,0.0008008435408008996
3649,11.833285435584482,-0.18000000000000038,0.8352702114112717,0.003213502630861176,0.0016709395659036952,-0.0015425630649574806,0.7482949549720435,0.7878836726874057,0.03958871771536221,0.039126900699797185,-0.00046181701556502475,0.040217323002100014,0.0006286052867378045
3649,11.833285435584482,-0.12000000000000044,0.8869204367171571,0.003213502630861176,0.0020873044520619555,-0.0011261981787992204,0.7482949549720435,0.7878836726874057,0.03958871771536221,0.03924082853952704,-0.00034788917583516987,0.04000275096883277,0.0004140332534705582
3649,11.833285435584482,-0.0600000000000005,0.9417645335842483,0.003213502630861176,0.0025957133469655114,-0.0006177892838956645,0.7482949549720435,0.7878836726874057,0.03958871771536221,0.0393761168077581,-0.0002126009076041102,0.039736800579348364,0.00014808286398615422
3649,11.833285435584482,-5.551115123125783e-16,0.9999999999999994,0.003213502630861176,0.003213502630861065,-1.1102230246251565e-16,0.7482949549720435,0.7878836726874057,0.03958871771536221,0.03953589563725901,-5.28220781031985e-05,0.03940884693261526,-0.00017987078274694923
3649,11.833285435584482,0.05999999999999939,1.061836546545359,0.003213502630861176,0.003960563125288252,0.0007470604944270764,0.7482949549720435,0.7878836726874057,0.03958871771536221,0.03972357237981228,0.0001348546644500681,0.039006492341392196,-0.0005822253739700134
3649,11.833285435584482,0.11999999999999933,1.1274968515793748,0.003213502630861176,0.0048595623653081566,0.0016460597344469807,0.7482949549720435,0.7878836726874057,0.03958871771536221,0.03994282197675236,0.0003541042613901535,0.03851536908454767,-0.0010733486308145412
3649,11.833285435584482,0.17999999999999927,1.1972173631218093,0.003213502630861176,0.005936154040523389,0.0027226514096622134,0.7482949549720435,0.7878836726874057,0.03958871771536221,0.04019757020371595,0.0006088524883537394,0.03791894180980071,-0.0016697759055614991
3649,11.833285435584482,0.23999999999999921,1.2712491503214036,0.003213502630861176,0.007219166388080511,0.004005663757219335,0.7482949549720435,0.7878836726874057,0.03958871771536221,0.04049196934284416,0.0009032516274819491,0.037198315031997664,-0.0023904026833645453
3649,11.833285435584482,0.29999999999999916,1.349858807576002,0.003213502630861176,0.008740760325150587,0.005527257694289411,0.7482949549720435,0.7878836726874057,0.03958871771536221,0.040830366068038804,0.0012416483526765942,0.03633205219187019,-0.0032566655234920194
3649,11.833285435584482,0.3599999999999991,1.433329414560339,0.003213502630861176,0.010536547255614703,0.0073230446247535275,0.7482949549720435,0.7878836726874057,0.03958871771536221,0.04121726160060013,0.0016285438852379208,0.0352960137275663,-0.0042927039877959094
3649,11.833285435584482,0.41999999999999915,1.5219615556186326,0.003213502630861176,0.012645655840060943,0.009432153209199767,0.7482949549720435,0.7878836726874057,0.03958871771536221,0.041657264492582446,0.002068546777220237,0.03406322251534577,-0.005525495200016439
3649,11.833285435584482,0.479999999999999,1.6160744021928917,0.003213502630861176,0.015110736646574141,0.011897234015712965,0.7482949549720435,0.7878836726874057,0.03958871771536221,0.042155036709120464,0.0025663189937582542,0.03260376579953439,-0.0069849519158278195
3649,11.833285435584482,0.5399999999999988,1.7160068621848563,0.003213502630861176,0.01797789356855861,0.014764390937697436,0.7482949549720435,0.7878836726874057,0.03958871771536221,0.042715233991789114,0.003126516276426905,0.03088474329341817,-0.008703974421944038
3649,11.833285435584482,0.5999999999999989,1.8221188003905069,0.003213502630861176,0.02129653126743225,0.018083028636571075,0.7482949549720435,0.7878836726874057,0.03958871771536221,0.04334244177434721,0.0037537240589849974,0.028870271428433014,-0.010718446286929195
4096,12.0,-0.6,0.5488116360940264,0.00212159240365839,0.00018758232601145952,-0.0019340100776469304,0.7482949549720435,0.7878836726874057,0.03958871771536221,0.0389846721743391,-0.0006040455410231127,0.04042587273358145,0.0008371550182192378
4096,12.0,-0.54,0.5827482523739896,0.00212159240365839,0.00024403650682858213,-0.0018775558968298078,0.7482949549720435,0.7878836726874057,0.03958871771536221,0.039003969670343364,-0.0005847480450188458,0.04040068224701998,0.0008119645316577717
4096,12.0,-0.4800000000000001,0.6187833918061408,0.00212159240365839,0.00031602848967926533,-0.0018055639139791246,0.7482949549720435,0.7878836726874057,0.03958871771536221,0.039028027374392815,-0.0005606903409693942,0.04036800461904222,0.0007792869036800099
4096,12.0,-0.42000000000000015,0.6570468198150566,0.00212159240365839,0.0004073894295948399,-0.00171420297406355,0.7482949549720435,0.7878836726874057,0.03958871771536221,0.03905785741794576,-0.0005308602974164467,0.040325830370485316,0.0007371126551231066
4096,12.0,-0.3600000000000002,0.6976763260710309,0.00212159240365839,0.0005227680529502621,-0.001598824350708128,0.7482949549720435,0.7878836726874057,0.03958871771536221,0.03909464452494571,-0.0004940731904164997,0.04027167680426391,0.0006829590889017023
4096,12.0,-0.30000000000000027,0.7408182206817177,0.00212159240365839,0.0006677715546621332,-0.0014538208489962567,0.7482949549720435,0.7878836726874057,0.03958871771536221,0.0391397651711799,-0.0004489525441823128,0.040202495347115064,0.0006137776317528543
4096,12.0,-0.24000000000000032,0.7866278610665531,0.00212159240365839,0.0008491225506047639,-0.001272469853053626,0.7482949549720435,0.7878836726874057,0.03958871771536221,0.03919480654267504,-0.0003939111726871669,0.04011456569093663,0.0005258479755744228
4096,12.0,-0.18000000000000038,0.8352702114112717,0.00212159240365839,0.0010748319744539048,-0.0010467604292044852,0.7482949549720435,0.7878836726874057,0.03958871771536221,0.03926158468525376,-0.00032713303010845074,0.04000337608279714,0.000414658367434928
4096,12.0,-0.12000000000000044,0.8869204367171571,0.00212159240365839,0.0013543872600272344,-0.0007672051436311556,0.7482949549720435,0.7878836726874057,0.03958871771536221,0.03934216114043032,-0.00024655657493188876,0.03986348940883189,0.00027477169346967756
4096,12.0,-0.0600000000000005,0.9417645335842483,0.00212159240365839,0.0016989544883667662,-0.00042263791529162376,0.7482949549720435,0.7878836726874057,0.03958871771536221,0.03943885727839547,-0.00014986043696674223,0.03968839510807132,9.967739270910769e-05
4096,12.0,-5.551115123125783e-16,0.9999999999999994,0.00212159240365839,0.00212159240365839,0.0,0.7482949549720435,0.7878836726874057,0.03958871771536221,0.03955426547460328,-3.445224075893094e-05,0.03947034744544009,-0.00011837026992211896
4096,12.0,0.05999999999999939,1.061836546545359,0.00212159240365839,0.0026374753193862954,0.0005158829157279055,0.7482949549720435,0.7878836726874057,0.03958871771536221,0.03969125624014658,0.00010253852478436798,0.0392001912730211,-0.00038852644234110834
4096,12.0,0.11999999999999933,1.1274968515793748,0.00212159240365839,0.003264120958373473,0.0011425285547150832,0.7482949549720435,0.7878836726874057,0.03958871771536221,0.039852980415407524,0.0002642627000453146,0.03886717711531351,-0.0007215406000486979
4096,12.0,0.17999999999999927,1.1972173631218093,0.00212159240365839,0.004021618217508571,0.0019000258138501813,0.7482949549720435,0.7878836726874057,0.03958871771536221,0.04004286557810455,0.00045414786274233787,0.038458768222259576,-0.0011299494931026333
4096,12.0,0.23999999999999921,1.2712491503214036,0.00212159240365839,0.00493284874818678,0.00281125634452839,0.7482949549720435,0.7878836726874057,0.03958871771536221,0.04026460590594472,0.0006758881905825076,0.03796044313143554,-0.00162827458392667
4096,12.0,0.29999999999999916,1.349858807576002,0.00212159240365839,0.006023695133489104,0.0039021027298307143,0.7482949549720435,0.7878836726874057,0.03958871771536221,0.040522144873443855,0.0009334271580816456,0.037355498248856756,-0.002233219466505454
4096,12.0,0.3599999999999991,1.433329414560339,0.00212159240365839,0.007323227368010388,0.005201634964351998,0.7482949549720435,0.7878836726874057,0.03958871771536221,0.040819650351824666,0.0012309326364624562,0.03662485596913845,-0.0029638617462237615
4096,12.0,0.41999999999999915,1.5219615556186326,0.00212159240365839,0.008863858359033694,0.006742265955375304,0.7482949549720435,0.7878836726874057,0.03958871771536221,0.041161481916477616,0.0015727642011154064,0.03574688487474609,-0.0038418328406161217
4096,12.0,0.479999999999999,1.6160744021928917,0.00212159240365839,0.010681458328063664,0.008559865924405274,0.7482949549720435,0.7878836726874057,0.03958871771536221,0.0415521504407127,0.001963432725350489,0.03469723953709092,-0.004891478178271291
4096,12.0,0.5399999999999988,1.7160068621848563,0.00212159240365839,0.012815417364095527,0.010693824960437137,0.7482949549720435,0.7878836726874057,0.03958871771536221,0.04199627035609965,0.0024075526407374426,0.03344872833794876,-0.006139989377413446
4096,12.0,0.5999999999999989,1.8221188003905069,0.00212159240365839,0.015308645031318013,0.013187052627659623,0.7482949549720435,0.7878836726874057,0.03958871771536221,0.0424985052739878,0.0029097875586255872,0.03197121848058493,-0.007617499234777281
4598,12.16679075071818,-0.6,0.5488116360940264,0.0013772441300363703,0.0001115314890651753,-0.001265712640971195,0.7482949549720435,0.7878836726874057,0.03958871771536221,0.039175928587061426,-0.0004127891283007834,0.040119262625395224,0.0005305449100330151
4598,12.16679075071818,-0.54,0.5827482523739896,0.0013772441300363703,0.00014638852741954977,-0.0012308556026168205,0.7482949549720435,0.7878836726874057,0.03958871771536221,0.039188356000338986,-0.00040036171502322304,0.04010422342626596,0.000515505710903752
4598,12.16679075071818,-0.4800000000000001,0.6187833918061408,0.0013772441300363703,0.0001912576061620097,-0.0011859865238743605,0.7482949549720435,0.7878836726874057,0.03958871771536221,0.03920401108353766,-0.00038470663182454956,0.04008452141001806,0.0004958036946558497
4598,12.16679075071818,-0.42000000000000015,0.6570468198150566,0.0013772441300363703,0.00024873436561712037,-0.0011285097644192499,0.7482949549720435,0.7878836726874057,0.03958871771536221,0.03922362596704876,-0.0003650917483134508,0.0400588423238839,0.0004701246085216937
4598,12.16679075071818,-0.3600000000000002,0.6976763260710309,0.0013772441300363703,0.00032200430311468686,-0.0010552398269216834,0.7482949549720435,0.7878836726874057,0.03958871771536221,0.03924806966627936,-0.00034064804908284785,0.04002554331314356,0.000436825597781354
4598,12.16679075071818,-0.30000000000000027,0.7408182206817177,0.0013772441300363703,0.00041495395414914427,-0.000962290175887226,0.7482949549720435,0.7878836726874057,0.03958871771536221,0.039278366293625244,-0.00031035142173696517,0.039982583146227046,0.00039386543086483705
4598,12.16679075071818,-0.24000000000000032,0.7866278610665531,0.0013772441300363703,0.0005322971938928056,-0.0008449469361435646,0.7482949549720435,0.7878836726874057,0.03958871771536221,0.039315713950830444,-0.0002730037645317651,0.03992744102470369,0.0003387233093414821
4598,12.16679075071818,-0.18000000000000038,0.8352702114112717,0.0013772441300363703,0.0006797173025423486,-0.0006975268274940216,0.7482949549720435,0.7878836726874057,0.03958871771536221,0.039361503892027194,-0.00022721382333501516,0.039857022986442114,0.000268305271079905
4598,12.16679075071818,-0.12000000000000044,0.8869204367171571,0.0013772441300363703,0.0008640250939395688,-0.0005132190360968014,0.7482949549720435,0.7878836726874057,0.03958871771536221,0.03941733944479031,-0.00017137827057189803,0.039767555052615755,0.00017883733725354567
4598,12.16679075071818,-0.0600000000000005,0.9417645335842483,0.0013772441300363703,0.0010933329603664,-0.0002839111696699703,0.7482949549720435,0.7878836726874057,0.03958871771536221,0.03948505407397185,-0.00010366364139036133,0.039654462486290454,6.574477092824438e-05
4598,12.16679075071818,-5.551115123125783e-16,0.9999999999999994,0.0013772441300363703,0.0013772441300363703,0.0,0.7482949549720435,0.7878836726874057,0.03958871771536221,0.03956672787679194,-2.1989838570268816e-05,0.03951223483307886,-7.648288228334632e-05
4598,12.16679075071818,0.05999999999999939,1.061836546545359,0.0013772441300363703,0.0017270557636274164,0.00034981163359104617,0.7482949549720435,0.7878836726874057,0.03958871771536221,0.039664701714467454,7.598399910524467e-05,0.0393342768124505,-0.0002544409029117123
4598,12.16679075071818,0.11999999999999933,1.1274968515793748,0.0013772441300363703,0.0021559737329169826,0.0007787296028806123,0.7482949549720435,0.7878836726874057,0.03958871771536221,0.03978158812318999,0.0001928704078277832,0.039112745629168666,-0.0004759720861935435
4598,12.16679075071818,0.17999999999999927,1.1972173631218093,0.0013772441300363703,0.002679336034406843,0.0013020919043704726,0.7482949549720435,0.7878836726874057,0.03958871771536221,0.03992027811328869,0.00033156039792647807,0.038838375882058074,-0.0007503418333041356
4598,12.16679075071818,0.23999999999999921,1.2712491503214036,0.0013772441300363703,0.003314840806822872,0.0019375966767865016,0.7482949549720435,0.7878836726874057,0.03958871771536221,0.04008394296760698,0.0004952252522447687,0.03850029396161325,-0.0010884237537489572
4598,12.16679075071818,0.29999999999999916,1.349858807576002,0.0013772441300363703,0.004082773864025446,0.002705529733989076,0.7482949549720435,0.7878836726874057,0.03958871771536221,0.04027603019506809,0.0006873124797058816,0.03808582464303689,-0.0015028930723253175
4598,12.16679075071818,0.3599999999999991,1.433329414560339,0.0013772441300363703,0.005006229553006225,0.003628985422969855,0.7482949549720435,0.7878836726874057,0.03958871771536221,0.04050025288811798,0.000911535172755773,0.03758029348482095,-0.0020084242305412614
4598,12.16679075071818,0.41999999999999915,1.5219615556186326,0.0013772441300363703,0.0061113176375537925,0.004734073507517422,0.7482949549720435,0.7878836726874057,0.03958871771536221,0.04076057187578619,0.0011718541604239796,0.036966829615221464,-0.0026218881001407457
4598,12.16679075071818,0.479999999999999,1.6160744021928917,0.0013772441300363703,0.007427347837616116,0.006050103707579746,0.7482949549720435,0.7878836726874057,0.03958871771536221,0.04106117025701406,0.0014724525416518475,0.03622617450213328,-0.00336254321322893
4598,12.16679075071818,0.5399999999999988,1.7160068621848563,0.0013772441300363703,0.008986982675859734,0.0076097385458233635,0.7482949549720435,0.7878836726874057,0.03958871771536221,0.0414064201375971,0.0018177024222348903,0.03533650331981786,-0.004252214395544351
4598,12.16679075071818,0.5999999999999989,1.8221188003905069,0.0013772441300363703,0.010826348456535295,0.009449104326498925,0.7482949549720435,0.7878836726874057,0.03958871771536221,0.04180084167077425,0.0022121239554120375,0.03427326650439233,-0.005315451210969879
5161,12.33343491528405,-0.6,0.5488116360940264,0.0008795212098060556,6.522021452870508e-05,-0.0008143009952773506,0.7482949549720435,0.7878836726874057,0.03958871771536221,0.039311931749577256,-0.0002767859657849536,0.03991895176726534,0.00033023405190313326
5161,12.33343491528405,-0.54,0.5827482523739896,0.0008795212098060556,8.636677585460717e-05,-0.0007931544339514485,0.7482949549720435,0.7878836726874057,0.03958871771536221,0.03931977967386724,-0.00026893804149497047,0.03991013743185978,0.00032141971649757295
5161,12.33343491528405,-0.4800000000000001,0.6187833918061408,0.0008795212098060556,0.00011384327402719219,-0.0007656779357788634,0.7482949549720435,0.7878836726874057,0.03958871771536221,0.039329768822017885,-0.000258948893344324,0.039898476226311264,0.00030975851094905416
5161,12.33343491528405,-0.42000000000000015,0.6570468198150566,0.0008795212098060556,0.0001493713360773974,-0.0007301498737286582,0.7482949549720435,0.7878836726874057,0.03958871771536221,0.03934241523817039,-0.00024630247719181764,0.03988312721316656,0.0002944094978043488
5161,12.33343491528405,-0.3600000000000002,0.6976763260710309,0.0008795212098060556,0.00019508753738406437,-0.0006844336724219913,0.7482949549720435,0.7878836726874057,0.03958871771536221,0.039358339774900886,-0.00023037794046132376,0.03986302700878297,0.00027430929342076027
5161,12.33343491528405,-0.30000000000000027,0.7408182206817177,0.0008795212098060556,0.0002536281422704789,-0.0006258930675355767,0.7482949549720435,0.7878836726874057,0.03958871771536221,0.03937828419852196,-0.00021043351684024714,0.03983683894368939,0.00024812122832718053
5161,12.33343491528405,-0.24000000000000032,0.7866278610665531,0.0008795212098060556,0.00032822708924951094,-0.0005512941205565447,0.7482949549720435,0.7878836726874057,0.03958871771536221,0.039403128492514816,-0.0001855892228473932,0.039802892895455466,0.00021417518009325676
5161,12.33343491528405,-0.18000000000000038,0.8352702114112717,0.0008795212098060556,0.00042282827557893476,-0.00045669293422712087,0.7482949549720435,0.7878836726874057,0.03958871771536221,0.039433909132384315,-0.00015480858297789446,0.03975911469579496,0.0001703969804327521
5161,12.33343491528405,-0.12000000000000044,0.8869204367171571,0.0008795212098060556,0.0005422130201206965,-0.00033730818968535914,0.7482949549720435,0.7878836726874057,0.03958871771536221,0.039471838013724,-0.00011687970163820616,0.039702944044866184,0.00011422632950397471
5161,12.33343491528405,-0.0600000000000005,0.9417645335842483,0.0008795212098060556,0.0006921433255828724,-0.00018737788422318324,0.7482949549720435,0.7878836726874057,0.03958871771536221,0.0395183216161864,-7.03960991758068e-05,0.039631239949384334,4.2522234022124294e-05
5161,12.33343491528405,-5.551115123125783e-16,0.9999999999999994,0.0008795212098060556,0.0008795212098060556,0.0,0.7482949549720435,0.7878836726874057,0.03958871771536221,0.03957497988291947,-1.3737832442739517e-05,0.03954017284873479,-4.854486662742019e-05
5161,12.33343491528405,0.05999999999999939,1.061836546545359,0.0008795212098060556,0.0011125639212345995,0.00023304271142854383,0.7482949549720435,0.7878836726874057,0.03958871771536221,0.039643664192745676,5.494647738346625e-05,0.03942510281639633,-0.00016361489896588033
5161,12.33343491528405,0.11999999999999933,1.1274968515793748,0.0008795212098060556,0.0014009942888851823,0.0005214730790791267,0.7482949549720435,0.7878836726874057,0.03958871771536221,0.03972647370677673,0.00013775599141452322,0.039280443533538545,-0.0003082741818236645
5161,12.33343491528405,0.17999999999999927,1.1972173631218093,0.0008795212098060556,0.001756244778412075,0.0008767235686060193,0.7482949549720435,0.7878836726874057,0.03958871771536221,0.03982576928926829,0.00023705157390607745,0.0390995121372526,-0.0004892055781096083
5161,12.33343491528405,0.23999999999999921,1.2712491503214036,0.0008795212098060556,0.00219167303426937,0.0013121518244633146,0.7482949549720435,0.7878836726874057,0.03958871771536221,0.03994418414188239,0.000355466426520179,0.038874365554640855,-0.0007143521607213543
5161,12.33343491528405,0.29999999999999916,1.349858807576002,0.0008795212098060556,0.0027227857902565322,0.0018432645804504766,0.7482949549720435,0.7878836726874057,0.03958871771536221,0.04008463025902864,0.0004959125436664324,0.03859562454978849,-0.0009930931655737218
5161,12.33343491528405,0.3599999999999991,1.433329414560339,0.0008795212098060556,0.0033674670404160167,0.002487945830609961,0.7482949549720435,0.7878836726874057,0.03958871771536221,0.04025029981712147,0.0006615821017592616,0.0382522874327591,-0.0013364302826031071
5161,12.33343491528405,0.41999999999999915,1.5219615556186326,0.0008795212098060556,0.004146205300471606,0.0032666840906655503,0.7482949549720435,0.7878836726874057,0.03958871771536221,0.040444660658957465,0.0008559429435952559,0.037831536201964555,-0.0017571815133976543
5161,12.33343491528405,0.479999999999999,1.6160744021928917,0.0008795212098060556,0.005082313686202267,0.004202792476396211,0.7482949549720435,0.7878836726874057,0.03958871771536221,0.04067144513086396,0.0010827274155017497,0.037318538800718226,-0.0022701789146439832
5161,12.33343491528405,0.5399999999999988,1.7160068621848563,0.0008795212098060556,0.006202135427246125,0.005322614217440069,0.7482949549720435,0.7878836726874057,0.03958871771536221,0.04093463167709288,0.0013459139617306715,0.0366962521451335,-0.0028924655702287083
5161,12.33343491528405,0.5999999999999989,1.8221188003905069,0.0008795212098060556,0.007535226369220105,0.006655705159414049,0.7482949549720435,0.7878836726874057,0.03958871771536221,0.04123841879246537,0.0016497010771031606,0.035945231595407745,-0.0036434861199544644
5793,12.500094949671807,-0.6,0.5488116360940264,0.0005522745397410489,3.748922267554633e-05,-0.0005147853170655026,0.7482949549720435,0.7878836726874057,0.03958871771536221,0.03940667758716854,-0.00018204012819367232,0.039790513205556266,0.00020179549019405663
5793,12.500094949671807,-0.54,0.5827482523739896,0.0005522745397410489,5.008838746056732e-05,-0.0005021861522804816,0.7482949549720435,0.7878836726874057,0.03958871771536221,0.0394115357799002,-0.00017718193546201189,0.03978544428349484,0.00019672656813263245
5793,12.500094949671807,-0.4800000000000001,0.6187833918061408,0.0005522745397410489,6.661289835974138e-05,-0.0004856616413813075,0.7482949549720435,0.7878836726874057,0.03958871771536221,0.03941778360849146,-0.00017093410687074595,0.03977867196722862,0.0001899542518664088
5793,12.500094949671807,-0.42000000000000015,0.6570468198150566,0.0005522745397410489,8.818060865722899e-05,-0.0004640939310838199,0.7482949549720435,0.7878836726874057,0.03958871771536221,0.03942577566528893,-0.0001629420500732781,0.03976966989874686,0.0001809521833846528
5793,12.500094949671807,-0.3600000000000002,0.6976763260710309,0.0005522745397410489,0.00011619414962071861,-0.0004360803901203303,0.7482949549720435,0.7878836726874057,0.03958871771536221,0.03943594419270735,-0.00015277352265485877,0.039757764864013834,0.0001690471486516243
5793,12.500094949671807,-0.30000000000000027,0.7408182206817177,0.0005522745397410489,0.00015240347914979857,-0.0003998710605912503,0.7482949549720435,0.7878836726874057,0.03958871771536221,0.03944881253350174,-0.00013990518186046685,0.039742100883287224,0.00015338316792501416
5793,12.500094949671807,-0.24000000000000032,0.7866278610665531,0.0005522745397410489,0.0001989793986394428,-0.0003532951411016061,0.7482949549720435,0.7878836726874057,0.03958871771536221,0.03946500999635061,-0.00012370771901160094,0.03972159603247705,0.00013287831711483733
5793,12.500094949671807,-0.18000000000000038,0.8352702114112717,0.0005522745397410489,0.00025859924337867657,-0.00029367529636237233,0.7482949549720435,0.7878836726874057,0.03958871771536221,0.03948528805658058,-0.00010342965878162858,0.03969489094496881,0.0001061732296065987
5793,12.500094949671807,-0.12000000000000044,0.8869204367171571,0.0005522745397410489,0.00033454590078507707,-0.00021772863895597183,0.7482949549720435,0.7878836726874057,0.03958871771536221,0.039510537741041296,-7.817997432091328e-05,0.03966028790385101,7.157018848880092e-05
5793,12.500094949671807,-0.0600000000000005,0.9417645335842483,0.0005522745397410489,0.0004308212005953438,-0.00012145333914570511,0.7482949549720435,0.7878836726874057,0.03958871771536221,0.039541807963915376,-4.690975144683307e-05,0.03961567942704447,2.6961711682260692e-05
5793,12.500094949671807,-5.551115123125783e-16,0.9999999999999994,0.0005522745397410489,0.0005522745397410489,0.0,0.7482949549720435,0.7878836726874057,0.03958871771536221,0.0395803244880788,-8.393227283409743e-06,0.03955846528258933,-3.0252432772881477e-05
5793,12.500094949671807,0.05999999999999939,1.061836546545359,0.0005522745397410489,0.0007047473401029514,0.00015247280036190247,0.7482949549720435,0.7878836726874057,0.03958871771536221,0.03962750908708634,3.879137172413394e-05,0.03948545695936945,-0.0001032607559927623
5793,12.500094949671807,0.11999999999999933,1.1274968515793748,0.0005522745397410489,0.0008952335785401555,0.0003429590387991066,0.7482949549720435,0.7878836726874057,0.03958871771536221,0.039684998379618475,9.628066425626525e-05,0.03939276877137754,-0.00019594894398466955
5793,12.500094949671807,0.17999999999999927,1.1972173631218093,0.0005522745397410489,0.0011320561660375095,0.0005797816262964606,0.7482949549720435,0.7878836726874057,0.03958871771536221,0.039754661706212446,0.00016594399085023692,0.03927569500282391,-0.00031302271253830227
5793,12.500094949671807,0.23999999999999921,1.2712491503214036,0.0005522745397410489,0.0014250583795549776,0.0008727838398139287,0.7482949549720435,0.7878836726874057,0.03958871771536221,0.03983861732328697,0.00024989960792476396,0.0391285728178159,-0.0004601448975463107
5793,12.500094949671807,0.29999999999999916,1.349858807576002,0.0005522745397410489,0.0017858088629312263,0.0012335343231901774,0.7482949549720435,0.7878836726874057,0.03958871771536221,0.039939246108919524,0.00035052839355731447,0.03894463107142454,-0.0006440866439376691
5793,12.500094949671807,0.3599999999999991,1.433329414560339,0.0005522745397410489,0.0022278179133444764,0.0016755433736034275,0.7482949549720435,0.7878836726874057,0.03958871771536221,0.040059201916074816,0.00047048420071260644,0.03871582567562193,-0.0008728920397402806
5793,12.500094949671807,0.41999999999999915,1.5219615556186326,0.0005522745397410489,0.0027667618646651793,0.0022144873249241304,0.7482949549720435,0.7878836726874057,0.03958871771536221,0.04020141767999541,0.000612699964633201,0.038432662797400874,-0.0011560549179613355
5793,12.500094949671807,0.479999999999999,1.6160744021928917,0.0005522745397410489,0.0034207113825333035,0.0028684368427922546,0.7482949549720435,0.7878836726874057,0.03958871771536221,0.040369106394631316,0.0007803886792691062,0.03808401189627153,-0.0015047058190906792
5793,12.500094949671807,0.5399999999999988,1.7160068621848563,0.0005522745397410489,0.004210358419977744,0.0036580838802366955,0.7482949549720435,0.7878836726874057,0.03958871771536221,0.04056575612481794,0.0009770384094557327,0.037656911437584206,-0.0019318062777780032
5793,12.500094949671807,0.5999999999999989,1.8221188003905069,0.0005522745397410489,0.005159235476849933,0.004606960937108884,0.7482949549720435,0.7878836726874057,0.03958871771536221,0.04079511832105254,0.0012064006056903276,0.037136371033378524,-0.002452346681983686
6502,12.666667840690355,-0.6,0.5488116360940264,0.0003410651567936629,2.118867814382419e-05,-0.0003198764786498387,0.7482949549720435,0.7878836726874057,0.03958871771536221,0.039471246671651916,-0.00011747104371029327,0.039709812751253404,0.00012109503589119441
6502,12.666667840690355,-0.54,0.5827482523739896,0.0003410651567936629,2.8563316586627252e-05,-0.00031250184020703564,0.7482949549720435,0.7878836726874057,0.03958871771536221,0.039474195914615984,-0.00011452180074622564,0.03970695148608849,0.00011823377072628372
6502,12.666667840690355,-0.4800000000000001,0.6187833918061408,0.0003410651567936629,3.832648055701604e-05,-0.00030273867623664685,0.7482949549720435,0.7878836726874057,0.03958871771536221,0.03947802790853805,-0.00011068980682416019,0.03970309097860325,0.00011437326324104102
6502,12.666667840690355,-0.42000000000000015,0.6570468198150566,0.0003410651567936629,5.1189089391723286e-05,-0.0002898760674019396,0.7482949549720435,0.7878836726874057,0.03958871771536221,0.03948298039969478,-0.00010573731566743128,0.03969790877325308,0.00010919105789086725
6502,12.666667840690355,-0.3600000000000002,0.6976763260710309,0.0003410651567936629,6.805291645373135e-05,-0.00027301224033993154,0.7482949549720435,0.7878836726874057,0.03958871771536221,0.03948934692271866,-9.937079264354942e-05,0.03969098777868829,0.00010227006332608202
6502,12.666667840690355,-0.30000000000000027,0.7408182206817177,0.0003410651567936629,9.005540404094514e-05,-0.00025100975275271775,0.7482949549720435,0.7878836726874057,0.03958871771536221,0.03949748750795834,-9.123020740386956e-05,0.03968179163293939,9.307391757717998e-05
6502,12.666667840690355,-0.24000000000000032,0.7866278610665531,0.0003410651567936629,0.00011862314941035734,-0.00022244200738330555,0.7482949549720435,0.7878836726874057,0.03958871771536221,0.039507840803383876,-8.087691197833369e-05,0.03966963463218409,8.091691682188262e-05
6502,12.666667840690355,-0.18000000000000038,0.8352702114112717,0.0003410651567936629,0.00015553524095901494,-0.00018552991583464795,0.7482949549720435,0.7878836726874057,0.03958871771536221,0.03952093763337072,-6.778008199148644e-05,0.03965364530643967,6.492759107745716e-05
6502,12.666667840690355,-0.12000000000000044,0.8869204367171571,0.0003410651567936629,0.00020299765448528184,-0.00013806750230838105,0.7482949549720435,0.7878836726874057,0.03958871771536221,0.039537415968942224,-5.130174641998497e-05,0.039632722648743735,4.400493338152511e-05
6502,12.666667840690355,-0.0600000000000005,0.9417645335842483,0.0003410651567936629,0.0002637299127892234,-7.733524400443947e-05,0.7482949549720435,0.7878836726874057,0.03958871771536221,0.039558037224348586,-3.06804910136238e-05,0.0396054839433454,1.6766227983189275e-05
6502,12.666667840690355,-5.551115123125783e-16,0.9999999999999994,0.0003410651567936629,0.0003410651567936629,0.0,0.7482949549720435,0.7878836726874057,0.03958871771536221,0.03958370372315945,-5.013992202762552e-06,0.039570203101042645,-1.8514614319564693e-05
6502,12.666667840690355,0.05999999999999939,1.061836546545359,0.0003410651567936629,0.0004390646612280058,9.799950443434291e-05,0.7482949549720435,0.7878836726874057,0.03958871771536221,0.03961547709400581,2.6759378643603782e-05,0.03952473840518389,-6.397931017831926e-05
6502,12.666667840690355,0.11999999999999933,1.1274968515793748,0.0003410651567936629,0.0005626476406309644,0.0002215824838373015,0.7482949549720435,0.7878836726874057,0.03958871771536221,0.03965459726326481,6.587954790260309e-05,0.03946644861024429,-0.00012226910511792255
6502,12.666667840690355,0.17999999999999927,1.1972173631218093,0.0003410651567936629,0.0007177369201475381,0.0003766717633538752,0.7482949549720435,0.7878836726874057,0.03958871771536221,0.03970250161203426,0.00011378389667204836,0.03939209642741248,-0.00019662128794972755
6502,12.666667840690355,0.23999999999999921,1.2712491503214036,0.0003410651567936629,0.0009114206792446566,0.0005703555224509937,0.7482949549720435,0.7878836726874057,0.03958871771536221,0.03976084376139033,0.00017212604602812043,0.039297738589813336,-0.0002909791255488736
6502,12.666667840690355,0.29999999999999916,1.349858807576002,0.0003410651567936629,0.001152130005744878,0.0008110648489512151,0.7482949549720435,0.7878836726874057,0.03958871771536221,0.0398315113482518,0.000242793632889593,0.03917860192544553,-0.0004101157899166763
6502,12.666667840690355,0.3599999999999991,1.433329414560339,0.0003410651567936629,0.001449831415759828,0.001108766258966165,0.7482949549720435,0.7878836726874057,0.03958871771536221,0.039916642060171426,0.00032792434480921617,0.03902894518933009,-0.0005597725260321207
6502,12.666667840690355,0.41999999999999915,1.5219615556186326,0.0003410651567936629,0.0018162327992250482,0.0014751676424313853,0.7482949549720435,0.7878836726874057,0.03958871771536221,0.04001863711819853,0.0004299194028363207,0.038841906827095096,-0.0007468108882671132
6502,12.666667840690355,0.479999999999999,1.6160744021928917,0.0003410651567936629,0.0022650004426003623,0.0019239352858066994,0.7482949549720435,0.7878836726874057,0.03958871771536221,0.040140171340187214,0.0005514536248250046,0.03860933936692368,-0.000979378348438531
6502,12.666667840690355,0.5399999999999988,1.7160068621848563,0.0003410651567936629,0.0028119838676260445,0.0024709187108323816,0.7482949549720435,0.7878836726874057,0.03958871771536221,0.04028419889049062,0.0006954811751284096,0.03832163176875214,-0.0012670859466100692
6502,12.666667840690355,0.5999999999999989,1.8221188003905069,0.0003410651567936629,0.003475444222403201,0.0031343790656095383,0.7482949549720435,0.7878836726874057,0.03958871771536221,0.04045395383323436,0.0008652361178721479,0.03796752179730778,-0.00162119591805443
7298,12.833285435584482,-0.6,0.5488116360940264,0.00020706341296061748,1.1769632601854596e-05,-0.00019529378035876288,0.7482949549720435,0.7878836726874057,0.03958871771536221,0.039514363202147185,-7.435451321502473e-05,0.03966005101508552,7.133329972330849e-05
7298,12.833285435584482,-0.54,0.5827482523739896,0.00020706341296061748,1.6008558110014448e-05,-0.00019105485485060303,0.7482949549720435,0.7878836726874057,0.03958871771536221,0.03951611841075675,-7.259930460545849e-05,0.039658466393456715,6.974867809450558e-05
7298,12.833285435584482,-0.4800000000000001,0.6187833918061408,0.00020706341296061748,2.1673162751034702e-05,-0.00018539025020958277,0.7482949549720435,0.7878836726874057,0.03958871771536221,0.03951842243033343,-7.029528502877636e-05,0.03965630727432412,6.758955896191132e-05
7298,12.833285435584482,-0.42000000000000015,0.6570468198150566,0.00020706341296061748,2.920623462610017e-05,-0.0001778571783345173,0.7482949549720435,0.7878836726874057,0.03958871771536221,0.03952143084333393,-6.728687202828265e-05,0.03965338034555188,6.466263018967133e-05
7298,12.833285435584482,-0.3600000000000002,0.6976763260710309,0.00020706341296061748,3.917550273735415e-05,-0.00016788791022326333,0.7482949549720435,0.7878836726874057,0.03958871771536221,0.03952533815332249,-6.337956203972261e-05,0.03964943275683186,6.071504146965001e-05
7298,12.833285435584482,-0.30000000000000027,0.7408182206817177,0.00020706341296061748,5.2304847947937105e-05,-0.00015475856501268037,0.7482949549720435,0.7878836726874057,0.03958871771536221,0.03953038595807823,-5.833175728398032e-05,0.03964413568878156,5.541797341934718e-05
7298,12.833285435584482,-0.24000000000000032,0.7866278610665531,0.00020706341296061748,6.951209739969322e-05,-0.00013755131556092426,0.7482949549720435,0.7878836726874057,0.03958871771536221,0.03953687240044723,-5.184531491497779e-05,0.039637064004589995,4.834628922778528e-05
7298,12.833285435584482,-0.18000000000000038,0.8352702114112717,0.00020706341296061748,9.195445132126334e-05,-0.00011510896163935413,0.7482949549720435,0.7878836726874057,0.03958871771536221,0.039545162980366144,-4.3554734996065214e-05,0.03962767123659139,3.8953521229179167e-05
7298,12.833285435584482,-0.12000000000000044,0.8869204367171571,0.00020706341296061748,0.00012108266782040467,-8.598074514021281e-05,0.7482949549720435,0.7878836726874057,0.03958871771536221,0.03955570278450704,-3.30149308551686e-05,0.039615259070428066,2.6541355065856642e-05
7298,12.833285435584482,-0.0600000000000005,0.9417645335842483,0.00020706341296061748,0.00015870518810090495,-4.835822485971253e-05,0.7482949549720435,0.7878836726874057,0.03958871771536221,0.03956903015270041,-1.9687562661796498e-05,0.039598940403995475,1.0222688633265697e-05
7298,12.833285435584482,-5.551115123125783e-16,0.9999999999999994,0.00020706341296061748,0.00020706341296061748,0.0,0.7482949549720435,0.7878836726874057,0.03958871771536221,0.0395857917516409,-2.9259637213119305e-06,0.03957759498249602,-1.1122732866186702e-05
7298,12.833285435584482,0.05999999999999939,1.061836546545359,0.00020706341296061748,0.0002689193315159599,6.185591855534245e-05,0.7482949549720435,0.7878836726874057,0.03958871771536221,0.039606758965784805,1.8041250422595745e-05,0.03954981655139134,-3.890116397087251e-05
7298,12.833285435584482,0.11999999999999933,1.1274968515793748,0.00020706341296061748,0.00034765664391589457,0.0001405932309552771,0.7482949549720435,0.7878836726874057,0.03958871771536221,0.03963284544275314,4.412772739093018e-05,0.039513850433780195,-7.486728158201394e-05
7298,12.833285435584482,0.17999999999999927,1.1972173631218093,0.00020706341296061748,0.0004473963996685093,0.00024033298670789183,0.7482949549720435,0.7878836726874057,0.03958871771536221,0.039665125546710644,7.64078313484351e-05,0.03946752043697588,-0.00012119727838633132
7298,12.833285435584482,0.23999999999999921,1.2712491503214036,0.00020706341296061748,0.0005731279800131883,0.00036606456705257084,0.7482949549720435,0.7878836726874057,0.03958871771536221,0.0397048533797153,0.00011613566435308975,0.03940814403512627,-0.00018057368023594034
7298,12.833285435584482,0.29999999999999916,1.349858807576002,0.00020706341296061748,0.0007308559747110088,0.0005237925617503914,0.7482949549720435,0.7878836726874057,0.03958871771536221,0.0397534819306703,0.0001647642153080886,0.03933243487176663,-0.00025628284359557885
7298,12.833285435584482,0.3599999999999991,1.433329414560339,0.00020706341296061748,0.0009277631297279765,0.000720699716767359,0.7482949549720435,0.7878836726874057,0.03958871771536221,0.03981268180811803,0.00022396409275582396,0.03923639178981564,-0.0003523259255465705
7298,12.833285435584482,0.41999999999999915,1.5219615556186326,0.00020706341296061748,0.0011723890634065537,0.0009653256504459362,0.7482949549720435,0.7878836726874057,0.03958871771536221,0.03988435891176745,0.00029564119640523856,0.03911517383819818,-0.0004735438771640288
7298,12.833285435584482,0.479999999999999,1.6160744021928917,0.00020706341296061748,0.0014748238583788265,0.001267760445418209,0.7482949549720435,0.7878836726874057,0.03958871771536221,0.03997067030453316,0.000381952589170953,0.03896296103474639,-0.0006257566806158188
7298,12.833285435584482,0.5399999999999988,1.7160068621848563,0.00020706341296061748,0.0018469149320258227,0.0016398515190652052,0.7482949549720435,0.7878836726874057,0.03958871771536221,0.04007403746907068,0.0004853197537084686,0.03877280109334713,-0.0008159166220150782
7298,12.833285435584482,0.5999999999999989,1.8221188003905069,0.00020706341296061748,0.002302484771954272,0.0020954213589936543,0.7482949549720435,0.7878836726874057,0.03958871771536221,0.0401971560780634,0.0006084383627011913,0.03853644285603375,-0.0010522748593284614
8192,13.0,-0.6,0.5488116360940264,0.00012355224003868237,6.423575996450381e-06,-0.00011712866404223199,0.7482949549720435,0.7878836726874057,0.03958871771536221,0.03954255985233257,-4.615786302963887e-05,0.03962995838316785,4.124066780564206e-05
8192,13.0,-0.54,0.5827482523739896,0.00012355224003868237,8.815799287908987e-06,-0.00011473644075077338,0.7482949549720435,0.7878836726874057,0.03958871771536221,0.03954358380799383,-4.5133907368377635e-05,0.03962909752917132,4.037981380911049e-05
8192,13.0,-0.4800000000000001,0.6187833918061408,0.00012355224003868237,1.2042671406975458e-05,-0.00011150956863170691,0.7482949549720435,0.7878836726874057,0.03958871771536221,0.039544941705935366,-4.3776009426843565e-05,0.03962791299821389,3.919528285167839e-05
8192,13.0,-0.42000000000000015,0.6570468198150566,0.00012355224003868237,1.6374293314691535e-05,-0.00010717794672399084,0.7482949549720435,0.7878836726874057,0.03958871771536221,0.03954673295429956,-4.1984761062652254e-05,0.039626291380154055,3.757366479184565e-05
8192,13.0,-0.3600000000000002,0.6976763260710309,0.00012355224003868237,2.2160687888295172e-05,-0.0001013915521503872,0.7482949549720435,0.7878836726874057,0.03958871771536221,0.039549083359018855,-3.963435634335433e-05,0.03962408268600104,3.536497063882926e-05
8192,13.0,-0.30000000000000027,0.7408182206817177,0.00012355224003868237,2.985295282886824e-05,-9.369928720981413e-05,0.7482949549720435,0.7878836726874057,0.03958871771536221,0.039552151130556545,-3.656658480566399e-05,0.039621089683449906,3.23719680876966e-05
8192,13.0,-0.24000000000000032,0.7866278610665531,0.00012355224003868237,4.002923353851884e-05,-8.352300650016353e-05,0.7482949549720435,0.7878836726874057,0.03958871771536221,0.039556133963956186,-3.258375140602343e-05,0.0396170545047978,2.833678943559015e-05
8192,13.0,-0.18000000000000038,0.8352702114112717,0.00012355224003868237,5.34263874600871e-05,-7.012585257859527e-05,0.7482949549720435,0.7878836726874057,0.03958871771536221,0.03956127730324688,-2.7440412115331547e-05,0.03961164194964184,2.2924234279630973e-05
8192,13.0,-0.12000000000000044,0.8869204367171571,0.00012355224003868237,7.097830659341664e-05,-5.257393344526573e-05,0.7482949549720435,0.7878836726874057,0.03958871771536221,0.03956788389049004,-2.083382487216845e-05,0.03960441881787258,1.570110251036816e-05
8192,13.0,-0.0600000000000005,0.9417645335842483,0.00012355224003868237,9.386195331018143e-05,-2.9690286728500936e-05,0.7482949549720435,0.7878836726874057,0.03958871771536221,0.03957632468121819,-1.2393034144020376e-05,0.039594828518646485,6.110803284276045e-06
8192,13.0,-5.551115123125783e-16,0.9999999999999994,0.00012355224003868237,0.00012355224003868237,0.0,0.7482949549720435,0.7878836726874057,0.03958871771536221,0.039587051180327015,-1.6665350351940944e-06,0.039582160111477194,-6.557603885015695e-06
8192,13.0,0.05999999999999939,1.061836546545359,0.00012355224003868237,0.00016188693846430624,3.833469842562387e-05,0.7482949549720435,0.7878836726874057,0.03958871771536221,0.03960060921437403,1.1891499011817963e-05,0.039565510850607,-2.3206864755209722e-05
8192,13.0,0.11999999999999933,1.1274968515793748,0.00012355224003868237,0.00021114282979928234,8.759058976059997e-05,0.7482949549720435,0.7878836726874057,0.03958871771536221,0.039617654106714584,2.8936391352374358e-05,0.039543741228936,-4.4976486426206996e-05
8192,13.0,0.17999999999999927,1.1972173631218093,0.00012355224003868237,0.00027412429452022824,0.00015057205448154587,0.7482949549720435,0.7878836726874057,0.03958871771536221,0.03963896716041937,5.024944505716e-05,0.03951542145974596,-7.329625561625086e-05
8192,13.0,0.23999999999999921,1.2712491503214036,0.00012355224003868237,0.00035426547667705144,0.00023071323663836907,0.7482949549720435,0.7878836726874057,0.03958871771536221,0.03966547328044834,7.675556508612846e-05,0.039478768301347,-0.00010994941401520908
8192,13.0,0.29999999999999916,1.349858807576002,0.00012355224003868237,0.00045574703274353645,0.0003321947927048541,0.7482949549720435,0.7878836726874057,0.03958871771536221,0.03969825948193284,0.00010954176657063108,0.03943157113089946,-0.00015714658446275287
8192,13.0,0.3599999999999991,1.433329414560339,0.00012355224003868237,0.0005836282759117406,0.00046007603587305823,0.7482949549720435,0.7878836726874057,0.03958871771536221,0.03973859393733137,0.0001498762219691585,0.03937110621941775,-0.0002176114959444586
8192,13.0,0.41999999999999915,1.5219615556186326,0.00012355224003868237,0.0007439952419210361,0.0006204430018823537,0.7482949549720435,0.7878836726874057,0.03958871771536221,0.03978794511447825,0.00019922739911604204,0.039294038261533215,-0.0002946794538289943
8192,13.0,0.479999999999999,1.6160744021928917,0.00012355224003868237,0.0009441248211491393,0.0008205725811104569,0.7482949549720435,0.7878836726874057,0.03958871771536221,0.03984800045412473,0.00025928273876252295,0.03919630838260302,-0.00039240933275919154
8192,13.0,0.5399999999999988,1.7160068621848563,0.00012355224003868237,0.001192664614720007,0.0010691123746813247,0.7482949549720435,0.7878836726874057,0.03958871771536221,0.039920683934604795,0.0003319662192425854,0.03907300809365566,-0.0005157096217065504
8192,13.0,0.5999999999999989,1.8221188003905069,0.00012355224003868237,0.0014998275736513023,0.0013762753336126199,0.7482949549720435,0.7878836726874057,0.03958871771536221,0.04000817177902505,0.00041945406366283855,0.03891823900207503,-0.0006704787132871814
9195,13.1666338592993,-0.6,0.5488116360940264,7.249262519337663e-05,3.4467439080643203e-06,-6.90458812853123e-05,0.7482949549720435,0.7878836726874057,0.03958871771536221,0.03956059945278345,-2.8118262578757935e-05,0.039612131834406594,2.341411904438484e-05
9195,13.1666338592993,-0.54,0.5827482523739896,7.249262519337663e-05,4.7730457712891194e-06,-6.77195794220875e-05,0.7482949549720435,0.7878836726874057,0.03958871771536221,0.039561185385636466,-2.7532329725743487e-05,0.039611672790751395,2.2955075389186064e-05
9195,13.1666338592993,-0.4800000000000001,0.6187833918061408,7.249262519337663e-05,6.578916095789644e-06,-6.591370909758698e-05,0.7482949549720435,0.7878836726874057,0.03958871771536221,0.039561970339052066,-2.6747376310143345e-05,0.03961103491930318,2.2317203940969144e-05
9195,13.1666338592993,-0.42000000000000015,0.6570468198150566,7.249262519337663e-05,9.025834835307833e-06,-6.346679035806879e-05,0.7482949549720435,0.7878836726874057,0.03958871771536221,0.03956301638558157,-2.570132978063633e-05,0.039610153061786835,2.14353464246253e-05
9195,13.1666338592993,-0.3600000000000002,0.6976763260710309,7.249262519337663e-05,1.2325282979563923e-05,-6.01673422138127e-05,0.7482949549720435,0.7878836726874057,0.03958871771536221,0.03956440302935793,-2.4314686004278663e-05,0.039608940093881384,2.0222378519174633e-05
9195,13.1666338592993,-0.30000000000000027,0.7408182206817177,7.249262519337663e-05,1.675271408341228e-05,-5.5739911109964346e-05,0.7482949549720435,0.7878836726874057,0.03958871771536221,0.039566231471293234,-2.248624406897548e-05,0.0396072801805617,1.8562465199489786e-05
9195,13.1666338592993,-0.24000000000000032,0.7866278610665531,7.249262519337663e-05,2.2664940131811306e-05,-4.982768506156532e-05,0.7482949549720435,0.7878836726874057,0.03958871771536221,0.03956862972576147,-2.0087989600736655e-05,0.03960502019151557,1.6302476153362555e-05
9195,13.1666338592993,-0.18000000000000038,0.8352702114112717,7.249262519337663e-05,3.052161774519391e-05,-4.197100744818272e-05,0.7482949549720435,0.7878836726874057,0.03958871771536221,0.03957175870382257,-1.695901153964119e-05,0.03960195885036277,1.3241135000563453e-05
9195,13.1666338592993,-0.12000000000000044,0.8869204367171571,7.249262519337663e-05,4.0911616323802136e-05,-3.158100886957449e-05,0.7482949549720435,0.7878836726874057,0.03958871771536221,0.03957581937830501,-1.2898337057198894e-05,0.03959783311585929,9.115400497083925e-06
9195,13.1666338592993,-0.0600000000000005,0.9417645335842483,7.249262519337663e-05,5.458514687783911e-05,-1.7907478315537517e-05,0.7482949549720435,0.7878836726874057,0.03958871771536221,0.03958106114122473,-7.65657413748233e-06,0.03959230121113255,3.5834957703428927e-06
9195,13.1666338592993,-5.551115123125783e-16,0.9999999999999994,7.249262519337663e-05,7.249262519337663e-05,0.0,0.7482949549720435,0.7878836726874057,0.03958871771536221,0.03958779145272051,-9.262626416983721e-07,0.039584921629792436,-3.796085569773844e-06
9195,13.1666338592993,0.05999999999999939,1.061836546545359,7.249262519337663e-05,9.58313306442804e-05,2.3338705450903774e-05,0.7482949549720435,0.7878836726874057,0.03958871771536221,0.03959638686151956,7.669146157351925e-06,0.03957512735783697,-1.3590357525239405e-05
9195,13.1666338592993,0.11999999999999933,1.1274968515793748,7.249262519337663e-05,0.0001261009961615045,5.360837096812787e-05,0.7482949549720435,0.7878836726874057,0.03958871771536221,0.039607305448507435,1.858773314522555e-05,0.039562194460893596,-2.6523254468613366e-05
9195,13.1666338592993,0.17999999999999927,1.1972173631218093,7.249262519337663e-05,0.00016516951807044045,9.267689287706382e-05,0.7482949549720435,0.7878836726874057,0.03958871771536221,0.03962110070605551,3.238299069330264e-05,0.03954520410192852,-4.351361343368776e-05
9195,13.1666338592993,0.23999999999999921,1.2712491503214036,7.249262519337663e-05,0.0002153499978533313,0.00014285737265995468,0.7482949549720435,0.7878836726874057,0.03958871771536221,0.03963843681533752,4.971909997530943e-05,0.03952299698066242,-6.572073469979234e-05
9195,13.1666338592993,0.29999999999999916,1.349858807576002,7.249262519337663e-05,0.0002794903113705338,0.0002069976861771572,0.7482949549720435,0.7878836726874057,0.03958871771536221,0.03966010522148988,7.138750612767364e-05,0.03949411912948253,-9.45985858796794e-05
9195,13.1666338592993,0.3599999999999991,1.433329414560339,7.249262519337663e-05,0.00036107633355753066,0.00028858370836415403,0.7482949549720435,0.7878836726874057,0.03958871771536221,0.039687042332112954,9.832461675074455e-05,0.03945675796974768,-0.0001319597456145294
9195,13.1666338592993,0.41999999999999915,1.5219615556186326,7.249262519337663e-05,0.00046434981635190553,0.0003918571911585289,0.7482949549720435,0.7878836726874057,0.03958871771536221,0.0397203480792131,0.00013163036385088756,0.039408667536491415,-0.00018005017887079422
9195,13.1666338592993,0.479999999999999,1.6160744021928917,7.249262519337663e-05,0.0005944417125228751,0.0005219490873294985,0.7482949549720435,0.7878836726874057,0.03958871771536221,0.0397613049899872,0.00017258727462499124,0.03934708182906188,-0.00024163588630032873
9195,13.1666338592993,0.5399999999999988,1.7160068621848563,7.249262519337663e-05,0.0007575214463717561,0.0006850288211783795,0.7482949549720435,0.7878836726874057,0.03958871771536221,0.03981139731074934,0.0002226795953871319,0.039268615351464864,-0.0003201023638973455
9195,13.1666338592993,0.5999999999999989,1.8221188003905069,7.249262519337663e-05,0.0009609622432821263,0.0008884696180887497,0.7482949549720435,0.7878836726874057,0.03958871771536221,0.03987232962487541,0.0002836119095132039,0.03916915008070787,-0.00041956763465433866
10321,13.333295139569085,-0.6,0.5488116360940264,4.180851638335703e-05,1.817492680911137e-06,-3.9991023702445894e-05,0.7482949549720435,0.7878836726874057,0.03958871771536221,0.03957191330077647,-1.6804414585736005e-05,0.03960176716717356,1.3049451811353308e-05
10321,13.333295139569085,-0.54,0.5827482523739896,4.180851638335703e-05,2.5396229104135415e-06,-3.926889347294349e-05,0.7482949549720435,0.7878836726874057,0.03958871771536221,0.03957224208111354,-1.647563424866938e-05,0.03960152699143071,1.2809276068503905e-05
10321,13.333295139569085,-0.4800000000000001,0.6187833918061408,4.180851638335703e-05,3.532108956205704e-06,-3.8276407427151327e-05,0.7482949549720435,0.7878836726874057,0.03958871771536221,0.03957268701671146,-1.6030698650748576e-05,0.039601189960717376,1.2472245355166223e-05
10321,13.333295139569085,-0.42000000000000015,0.6570468198150566,4.180851638335703e-05,4.889553676945546e-06,-3.6918962706411484e-05,0.7482949549720435,0.7878836726874057,0.03958871771536221,0.03957328599006171,-1.5431725300496524e-05,0.039600719420376906,1.2001705014696995e-05
10321,13.333295139569085,-0.3600000000000002,0.6976763260710309,4.180851638335703e-05,6.737156969305325e-06,-3.5071359414051706e-05,0.7482949549720435,0.7878836726874057,0.03958871771536221,0.03957408809798213,-1.4629617380079729e-05,0.039600065822283925,1.134810692171584e-05
10321,13.333295139569085,-0.30000000000000027,0.7408182206817177,4.180851638335703e-05,9.239714695241652e-06,-3.256880168811538e-05,0.7482949549720435,0.7878836726874057,0.03958871771536221,0.03957515658408506,-1.3561131277151084e-05,0.03959916256652485,1.0444851162638713e-05
10321,13.333295139569085,-0.24000000000000032,0.7866278610665531,4.180851638335703e-05,1.261296254995159e-05,-2.919555383340544e-05,0.7482949549720435,0.7878836726874057,0.03958871771536221,0.03957657241506052,-1.2145300301691364e-05,0.039597920638861916,9.202923499707083e-06
10321,13.333295139569085,-0.18000000000000038,0.8352702114112717,4.180851638335703e-05,1.713778084588835e-05,-2.467073553746868e-05,0.7482949549720435,0.7878836726874057,0.03958871771536221,0.03957843860553756,-1.02791098246513e-05,0.039596221741885484,7.504026523275087e-06
10321,13.333295139569085,-0.12000000000000044,0.8869204367171571,4.180851638335703e-05,2.3177861623646656e-05,-1.8630654759710374e-05,0.7482949549720435,0.7878836726874057,0.03958871771536221,0.039580885402920485,-7.832312441724554e-06,0.039593909556868034,5.191841505824968e-06
10321,13.333295139569085,-0.0600000000000005,0.9417645335842483,4.180851638335703e-05,3.120153111346724e-05,-1.060698526988979e-05,0.7482949549720435,0.7878836726874057,0.03958871771536221,0.03958407644741857,-4.641267943639171e-06,0.03959077870465255,2.0609892903422633e-06
10321,13.333295139569085,-5.551115123125783e-16,0.9999999999999994,4.180851638335703e-05,4.180851638335703e-05,0.0,0.7482949549720435,0.7878836726874057,0.03958871771536221,0.03958821602242468,-5.016929375267765e-07,0.03958656089784651,-2.1568175156971847e-06
10321,13.333295139569085,0.05999999999999939,1.061836546545359,4.180851638335703e-05,5.576254213890408e-05,1.395402575554705e-05,0.7482949549720435,0.7878836726874057,0.03958871771536221,0.03959355750510918,4.839789746968748e-06,0.039580907694000134,-7.810021362075759e-06
10321,13.333295139569085,0.11999999999999933,1.1274968515793748,4.180851638335703e-05,7.403073818901262e-05,3.222222180565559e-05,0.7482949549720435,0.7878836726874057,0.03958871771536221,0.03960041311527729,1.1695399915079285e-05,0.03957336917196885,-1.534854339335645e-05
10321,13.333295139569085,0.17999999999999927,1.1972173631218093,4.180851638335703e-05,9.783092497195334e-05,5.6022408588596306e-05,0.7482949549720435,0.7878836726874057,0.03958871771536221,0.03960916504070533,2.0447325343120326e-05,0.039563367763630786,-2.5349951731423737e-05
10321,13.333295139569085,0.23999999999999921,1.2712491503214036,4.180851638335703e-05,0.00012868791746134534,8.68794010779883e-05,0.7482949549720435,0.7878836726874057,0.03958871771536221,0.03962027798801526,3.1560272653052834e-05,0.03955016638397568,-3.855133138652711e-05
10321,13.333295139569085,0.29999999999999916,1.349858807576002,4.180851638335703e-05,0.00016850003904367306,0.00012669152266031602,0.7482949549720435,0.7878836726874057,0.03958871771536221,0.03963431316836752,4.5595453005309317e-05,0.03953282991873097,-5.588779663123766e-05
10321,13.333295139569085,0.3599999999999991,1.433329414560339,4.180851638335703e-05,0.0002196170577103418,0.00017780854132698476,0.7482949549720435,0.7878836726874057,0.03958871771536221,0.03965194367597791,6.322596061569818e-05,0.03951017905585974,-7.853865950246952e-05
10321,13.333295139569085,0.41999999999999915,1.5219615556186326,4.180851638335703e-05,0.0002849307369510168,0.00024312222056765975,0.7482949549720435,0.7878836726874057,0.03958871771536221,0.039673971154158716,8.525343879650649e-05,0.03948073539242014,-0.00010798232294206844
10321,13.333295139569085,0.479999999999999,1.6160744021928917,4.180851638335703e-05,0.00036797912196262494,0.0003261706055792679,0.7482949549720435,0.7878836726874057,0.03958871771536221,0.03970134356837751,0.00011262585301530237,0.03944265671965674,-0.00014606099570546593
10321,13.333295139569085,0.5399999999999988,1.7160068621848563,4.180851638335703e-05,0.00047306554635462295,0.0004312570299712659,0.7482949549720435,0.7878836726874057,0.03958871771536221,0.03973517381965763,0.00014645610429542266,0.03939366139632361,-0.0001950563190386001
10321,13.333295139569085,0.5999999999999989,1.8221188003905069,4.180851638335703e-05,0.0006053931333681595,0.0005635846169848024,0.7482949549720435,0.7878836726874057,0.03958871771536221,0.03977675883634424,0.00018804112098202985,0.039330940773605216,-0.00025777694175699306
11585,13.499970423752185,-0.6,0.5488116360940264,2.3700630171541448e-05,9.418321619270031e-07,-2.2758798009614445e-05,0.7482949549720435,0.7878836726874057,0.03958871771536221,0.03957886426392676,-9.85345143544869e-06,0.039595857515777544,7.139800415334463e-06
11585,13.499970423752185,-0.54,0.5827482523739896,2.3700630171541448e-05,1.327967627640092e-06,-2.2372662543901356e-05,0.7482949549720435,0.7878836726874057,0.03958871771536221,0.03957904518984112,-9.672525521087216e-06,0.039595734211444356,7.016496082146162e-06
11585,13.499970423752185,-0.4800000000000001,0.6187833918061408,2.3700630171541448e-05,1.8636575984665171e-06,-2.183697257307493e-05,0.7482949549720435,0.7878836726874057,0.03958871771536221,0.03957929251772374,-9.425197638468497e-06,0.03959555947714,6.84176177778717e-06
11585,13.499970423752185,-0.42000000000000015,0.6570468198150566,2.3700630171541448e-05,2.603222431840635e-06,-2.1097407739700813e-05,0.7482949549720435,0.7878836726874057,0.03958871771536221,0.03957962885261812,-9.088862744088821e-06,0.03959531311944342,6.595404081211065e-06
11585,13.499970423752185,-0.3600000000000002,0.6976763260710309,2.3700630171541448e-05,3.6193023651431844e-06,-2.0081327806398264e-05,0.7482949549720435,0.7878836726874057,0.03958871771536221,0.039580083833836044,-8.63388152616551e-06,0.03959496754497871,6.249829616500335e-06
11585,13.499970423752185,-0.30000000000000027,0.7408182206817177,2.3700630171541448e-05,5.0085138170175014e-06,-1.8692116354523947e-05,0.7482949549720435,0.7878836726874057,0.03958871771536221,0.039580696090810163,-8.021624552045914e-06,0.03959448525952958,5.767544167367689e-06
11585,13.499970423752185,-0.24000000000000032,0.7866278610665531,2.3700630171541448e-05,6.898669880350816e-06,-1.6801960291190632e-05,0.7482949549720435,0.7878836726874057,0.03958871771536221,0.039581515665735756,-7.202049626453544e-06,0.039593815601364435,5.0978860022254935e-06
11585,13.499970423752185,-0.18000000000000038,0.8352702114112717,2.3700630171541448e-05,9.457937916401704e-06,-1.4242692255139744e-05,0.7482949549720435,0.7878836726874057,0.03958871771536221,0.03958260699056593,-6.110724796282163e-06,0.03959289050240533,4.1727870431218506e-06
11585,13.499970423752185,-0.12000000000000044,0.8869204367171571,2.3700630171541448e-05,1.2906377736987551e-05,-1.0794252434553897e-05,0.7482949549720435,0.7878836726874057,0.03958871771536221,0.03958405251535124,-4.665200010967041e-06,0.03959161902460373,2.9013092415208774e-06
11585,13.499970423752185,-0.0600000000000005,0.9417645335842483,2.3700630171541448e-05,1.7530382473207595e-05,-6.170247698333853e-06,0.7482949549720435,0.7878836726874057,0.03958871771536221,0.03958595709325674,-2.7606221054687907e-06,0.039589880365160535,1.1626497983252548e-06
11585,13.499970423752185,-5.551115123125783e-16,0.9999999999999994,2.3700630171541448e-05,2.3700630171541448e-05,0.0,0.7482949549720435,0.7878836726874057,0.03958871771536221,0.03958845323404159,-2.6448132062206753e-07,0.03958751496275248,-1.20275260973024e-06
11585,13.499970423752185,0.05999999999999939,1.061836546545359,2.3700630171541448e-05,3.189424616334424e-05,8.193615991802794e-06,0.7482949549720435,0.7878836726874057,0.03958871771536221,0.03959170734137607,2.989626013860658e-06,0.03958431326768608,-4.404447676131795e-06
11585,13.499970423752185,0.11999999999999933,1.1274968515793748,2.3700630171541448e-05,4.2721972278170206e-05,1.9021342106628758e-05,0.7482949549720435,0.7878836726874057,0.03958871771536221,0.039595927048939994,7.209333577784527e-06,0.03958000166229425,-8.71605306795864e-06
11585,13.499970423752185,0.17999999999999927,1.1972173631218093,2.3700630171541448e-05,5.696123604770342e-05,3.3260605876161975e-05,0.7482949549720435,0.7878836726874057,0.03958871771536221,0.039601369764541094,1.2652049178885072e-05,0.03957422493489715,-1.449278046505853e-05
11585,13.499970423752185,0.23999999999999921,1.2712491503214036,2.3700630171541448e-05,7.559610722485122e-05,5.189547705330977e-05,0.7482949549720435,0.7878836726874057,0.03958871771536221,0.039608352519112655,1.9634803750445684e-05,0.03956652462286092,-2.2193092501288092e-05
11585,13.499970423752185,0.29999999999999916,1.349858807576002,2.3700630171541448e-05,9.986521501581525e-05,7.61645848442738e-05,0.7482949549720435,0.7878836726874057,0.03958871771536221,0.03961726319697634,2.85454816141284e-05,0.03955631245021385,-3.240526514836084e-05
11585,13.499970423752185,0.3599999999999991,1.433329414560339,2.3700630171541448e-05,0.00013131877100391876,0.00010761814083237731,0.7482949549720435,0.7878836726874057,0.03958871771536221,0.03962857319384028,3.985547847806803e-05,0.03954283799633884,-4.5879719023367294e-05
11585,13.499970423752185,0.41999999999999915,1.5219615556186326,2.3700630171541448e-05,0.00017188589208161353,0.00014818526191007209,0.7482949549720435,0.7878836726874057,0.03958871771536221,0.0396428515084023,5.4133793040089806e-05,0.03952514964902676,-6.356806633545098e-05
11585,13.499970423752185,0.479999999999999,1.6160744021928917,2.3700630171541448e-05,0.0002239534357788564,0.00020025280560731495,0.7482949549720435,0.7878836726874057,0.03958871771536221,0.039660780221267955,7.206250590574559e-05,0.039502047823428144,-8.666989193406582e-05
11585,13.499970423752185,0.5399999999999988,1.7160068621848563,2.3700630171541448e-05,0.0002904575369568896,0.00026675690678534814,0.7482949549720435,0.7878836726874057,0.03958871771536221,0.03968317125067611,9.445353531389866e-05,0.039472029375239304,-0.00011668834012290574
11585,13.499970423752185,0.5999999999999989,1.8221188003905069,2.3700630171541448e-05,0.00037498895873655513,0.0003512883285650137,0.7482949549720435,0.7878836726874057,0.03958871771536221,0.039710984198479515,0.00012226648311730592,0.039433222110177635,-0.00015549560518457461
13004,13.666667840690355,-0.6,0.5488116360940264,1.3205237001656656e-05,4.796033236109665e-07,-1.2725633678045689e-05,0.7482949549720435,0.7878836726874057,0.03958871771536221,0.039583048906336016,-5.6688090261936e-06,0.039592552524860825,3.834809498615144e-06
13004,13.666667840690355,-0.54,0.5827482523739896,1.3205237001656656e-05,6.823712546122351e-07,-1.252286574704442e-05,0.7482949549720435,0.7878836726874057,0.03958871771536221,0.03958314655006501,-5.571165297202363e-06,0.03959249041093216,3.7726955699479703e-06
13004,13.666667840690355,-0.4800000000000001,0.6187833918061408,1.3205237001656656e-05,9.663190312370062e-07,-1.223891797041965e-05,0.7482949549720435,0.7878836726874057,0.03958871771536221,0.03958328137938649,-5.4363359757170215e-06,0.03959240152221011,3.6838068478983743e-06
13004,13.666667840690355,-0.42000000000000015,0.6570468198150566,1.3205237001656656e-05,1.3620195677965796e-06,-1.1843217433860076e-05,0.7482949549720435,0.7878836726874057,0.03958871771536221,0.039583466586642246,-5.2511287199630274e-06,0.03959227496303419,3.5572476719814006e-06
13004,13.666667840690355,-0.3600000000000002,0.6976763260710309,1.3205237001656656e-05,1.910781206815315e-06,-1.129445579484134e-05,0.7482949549720435,0.7878836726874057,0.03958871771536221,0.039583719668875306,-4.998046486903718e-06,0.039592095684086615,3.3779687244051004e-06
13004,13.666667840690355,-0.30000000000000027,0.7408182206817177,1.3205237001656656e-05,2.668119230220256e-06,-1.05371177714364e-05,0.7482949549720435,0.7878836726874057,0.03958871771536221,0.03958406369512546,-4.654020236749545e-06,0.039591843014464945,3.1252991027352905e-06
13004,13.666667840690355,-0.24000000000000032,0.7866278610665531,1.3205237001656656e-05,3.7082421406875454e-06,-9.49699486096911e-06,0.7482949549720435,0.7878836726874057,0.03958871771536221,0.03958452889962738,-4.188815734829099e-06,0.039591488720076895,2.77100471468561e-06
13004,13.666667840690355,-0.18000000000000038,0.8352702114112717,1.3205237001656656e-05,5.129812694293356e-06,-8.0754243073633e-06,0.7482949549720435,0.7878836726874057,0.03958871771536221,0.03958515466952406,-3.5630458381508134e-06,0.039590994452088135,2.2767367259257654e-06
13004,13.666667840690355,-0.12000000000000044,0.8869204367171571,1.3205237001656656e-05,7.063298562370868e-06,-6.141938439285788e-06,0.7482949549720435,0.7878836726874057,0.03958871771536221,0.03958599200553348,-2.7257098287325476e-06,0.03959030841569888,1.5907003366733008e-06
13004,13.666667840690355,-0.0600000000000005,0.9417645335842483,1.3205237001656656e-05,9.680290488978116e-06,-3.5249465126785395e-06,0.7482949549720435,0.7878836726874057,0.03958871771536221,0.03958710654385211,-1.6111715100963764e-06,0.03958936104968502,6.433343228140487e-07
13004,13.666667840690355,-5.551115123125783e-16,0.9999999999999994,1.3205237001656656e-05,1.3205237001656656e-05,0.0,0.7482949549720435,0.7878836726874057,0.03958871771536221,0.039588582236955716,-1.3547840649330567e-07,0.039588059460344716,-6.582550174938362e-07
13004,13.666667840690355,0.05999999999999939,1.061836546545359,1.3205237001656656e-05,1.7930123906717554e-05,4.724886905060899e-06,0.7482949549720435,0.7878836726874057,0.03958871771536221,0.03959052579918132,1.808083819110351e-06,0.03958628029919098,-2.4374161712303888e-06
13004,13.666667840690355,0.11999999999999933,1.1274968515793748,1.3205237001656656e-05,2.4232713257243965e-05,1.102747625558731e-05,0.7482949549720435,0.7878836726874057,0.03958871771536221,0.03959307202925855,4.354313896337558e-06,0.0395838607116783,-4.857003683911287e-06
13004,13.666667840690355,0.17999999999999927,1.1972173631218093,1.3205237001656656e-05,3.2599048860104674e-05,1.9393811858448018e-05,0.7482949549720435,0.7878836726874057,0.03958871771536221,0.03959639012528027,7.672409918058065e-06,0.03958058691443822,-8.130800923988879e-06
13004,13.666667840690355,0.23999999999999921,1.2712491503214036,1.3205237001656656e-05,4.3651031599978296e-05,3.044579459832164e-05,0.7482949549720435,0.7878836726874057,0.03958871771536221,0.03960069110683562,1.1973391473407702e-05,0.03957617988138884,-1.2537833973369494e-05
13004,13.666667840690355,0.29999999999999916,1.349858807576002,1.3205237001656656e-05,5.8179964883331436e-05,4.497472788167478e-05,0.7482949549720435,0.7878836726874057,0.03958871771536221,0.03960623645286998,1.751873750777122e-05,0.03957027753565534,-1.8440179706868953e-05
13004,13.666667840690355,0.3599999999999991,1.433329414560339,1.3205237001656656e-05,7.718706425940969e-05,6.398182725775303e-05,0.7482949549720435,0.7878836726874057,0.03958871771536221,0.03961334805090455,2.463033554234162e-05,0.039562412756193543,-2.630495916866593e-05
13004,13.666667840690355,0.41999999999999915,1.5219615556186326,1.3205237001656656e-05,0.00010193201051633682,8.872677351468017e-05,0.7482949549720435,0.7878836726874057,0.03958871771536221,0.039622419532127306,3.370181676509709e-05,0.039551986417889484,-3.673129747272519e-05
13004,13.666667840690355,0.479999999999999,1.6160744021928917,1.3205237001656656e-05,0.0001339906957669168,0.00012078545876526015,0.7482949549720435,0.7878836726874057,0.03958871771536221,0.03963392903618379,4.521132082158097e-05,0.039538234595205,-5.048312015720757e-05
13004,13.666667840690355,0.5399999999999988,1.7160068621848563,1.3205237001656656e-05,0.00017532335936776278,0.00016211812236610612,0.7482949549720435,0.7878836726874057,0.03958871771536221,0.03964845340808065,5.973569271844337e-05,0.03952018897686649,-6.852873849572116e-05
13004,13.666667840690355,0.5999999999999989,1.8221188003905069,1.3205237001656656e-05,0.00022835432588541593,0.00021514908888375928,0.7482949549720435,0.7878836726874057,0.03958871771536221,0.039666683776549694,7.796606118748439e-05,0.03949662946843968,-9.208824692252815e-05
14596,13.833285435584482,-0.6,0.5488116360940264,7.233785406679516e-06,2.4008757570914696e-07,-6.993697830970369e-06,0.7482949549720435,0.7878836726874057,0.03958871771536221,0.039585516563611534,-3.2011517506758125e-06,0.039590740431675986,2.0227163137764848e-06
14596,13.833285435584482,-0.54,0.5827482523739896,7.233785406679516e-06,3.4469670806558383e-07,-6.889088698613932e-06,0.7482949549720435,0.7878836726874057,0.03958871771536221,0.03958556826835635,-3.1494470058568425e-06,0.039590709716562644,1.9920012004348564e-06
14596,13.833285435584482,-0.4800000000000001,0.6187833918061408,7.233785406679516e-06,4.925640069153303e-07,-6.741221399764186e-06,0.7482949549720435,0.7878836726874057,0.03958871771536221,0.03958564038289847,-3.0773324637412003e-06,0.039590665328812835,1.9476134506257736e-06
14596,13.833285435584482,-0.42000000000000015,0.6570468198150566,7.233785406679516e-06,7.005641783353056e-07,-6.53322122834421e-06,0.7482949549720435,0.7878836726874057,0.03958871771536221,0.03958574044179142,-2.9772735707922493e-06,0.03959060150764526,1.8837922830527987e-06
14596,13.833285435584482,-0.3600000000000002,0.6976763260710309,7.233785406679516e-06,9.917325749508876e-07,-6.242052831728628e-06,0.7482949549720435,0.7878836726874057,0.03958871771536221,0.03958587855190299,-2.83916345922286e-06,0.03959051021069304,1.7924953308323666e-06
14596,13.833285435584482,-0.30000000000000027,0.7408182206817177,7.233785406679516e-06,1.3973473249606627e-06,-5.836438081718853e-06,0.7482949549720435,0.7878836726874057,0.03958871771536221,0.03958606819133437,-2.6495240278423537e-06,0.039590380272423564,1.6625570613548746e-06
14596,13.833285435584482,-0.24000000000000032,0.7866278610665531,7.233785406679516e-06,1.9596526297238626e-06,-5.274132776955653e-06,0.7482949549720435,0.7878836726874057,0.03958871771536221,0.03958632722818256,-2.390487179648737e-06,0.03959019627721583,1.4785618536183875e-06
14596,13.833285435584482,-0.18000000000000038,0.8352702114112717,7.233785406679516e-06,2.735398605402395e-06,-4.498386801277121e-06,0.7482949549720435,0.7878836726874057,0.03958871771536221,0.0395866792101599,-2.0385052023064176e-06,0.03958993705991731,1.2193445551034188e-06
14596,13.833285435584482,-0.12000000000000044,0.8869204367171571,7.233785406679516e-06,3.8004137010716477e-06,-3.4333717056078683e-06,0.7482949549720435,0.7878836726874057,0.03958871771536221,0.0395871549849377,-1.5627304245091622e-06,0.03958957372351213,8.560081499187078e-07
14596,13.833285435584482,-0.0600000000000005,0.9417645335842483,7.233785406679516e-06,5.255473524146126e-06,-1.97831188253339e-06,0.7482949549720435,0.7878836726874057,0.03958871771536221,0.03958779472055618,-9.229948060296422e-07,0.039589067035327385,3.493199651760648e-07
14596,13.833285435584482,-5.551115123125783e-16,0.9999999999999994,7.233785406679516e-06,7.233785406679516e-06,0.0,0.7482949549720435,0.7878836726874057,0.03958871771536221,0.039588650405082526,-6.731027968331915e-08,0.03958836402928101,-3.5368608120034395e-07
14596,13.833285435584482,0.05999999999999939,1.061836546545359,7.233785406679516e-06,9.910471639562601e-06,2.6766862328830854e-06,0.7482949549720435,0.7878836726874057,0.03958871771536221,0.03958978891453169,1.0711991694778433e-06,0.03958739360134833,-1.3241140138786633e-06
14596,13.833285435584482,0.11999999999999933,1.1274968515793748,7.233785406679516e-06,1.3514506112866087e-05,6.280720706186571e-06,0.7482949549720435,0.7878836726874057,0.03958871771536221,0.03959129574737441,2.5780320122015254e-06,0.03958606083806682,-2.6568772953927677e-06
14596,13.833285435584482,0.17999999999999927,1.1972173631218093,7.233785406679516e-06,1.8343638851892052e-05,1.1109853445212536e-05,0.7482949549720435,0.7878836726874057,0.03958871771536221,0.03959327953206726,4.561816705050958e-06,0.03958423976302672,-4.477952335490976e-06
14596,13.833285435584482,0.23999999999999921,1.2712491503214036,7.233785406679516e-06,2.4782929895161843e-05,1.7549144488482327e-05,0.7482949549720435,0.7878836726874057,0.03958871771536221,0.0395958774201447,7.1597047824889515e-06,0.03958176412366088,-6.953591701330808e-06
14596,13.833285435584482,0.29999999999999916,1.349858807576002,7.233785406679516e-06,3.332760670771151e-05,2.6093821301031994e-05,0.7482949549720435,0.7878836726874057,0.03958871771536221,0.03959926148045323,1.0543765091020063e-05,0.03957841577025234,-1.0301945109869592e-05
14596,13.833285435584482,0.3599999999999991,1.433329414560339,7.233785406679516e-06,4.461105571995638e-05,3.737727031327687e-05,0.7482949549720435,0.7878836726874057,0.03958871771536221,0.03960364620900103,1.492849363882165e-05,0.03957391010146083,-1.4807613901379746e-05
14596,13.833285435584482,0.41999999999999915,1.5219615556186326,7.233785406679516e-06,5.943885551018546e-05,5.2205070103505946e-05,0.7482949549720435,0.7878836726874057,0.03958871771536221,0.03960929726226403,2.0579546901822177e-05,0.03956787796682115,-2.083974854105719e-05
14596,13.833285435584482,0.479999999999999,1.6160744021928917,7.233785406679516e-06,7.88298524636577e-05,7.159606705697819e-05,0.7482949549720435,0.7878836726874057,0.03958871771536221,0.039616541508296965,2.7823792934755787e-05,0.03955984332836826,-2.8874386993948953e-05
14596,13.833285435584482,0.5399999999999988,1.7160068621848563,7.233785406679516e-06,0.0001040653640983491,9.683157869166958e-05,0.7482949549720435,0.7878836726874057,0.03958871771536221,0.03962577846820281,3.706075284060084e-05,0.039549195893390676,-3.95218219715332e-05
14596,13.833285435584482,0.5999999999999989,1.8221188003905069,7.233785406679516e-06,0.00013674766402638205,0.00012951387861970254,0.7482949549720435,0.7878836726874057,0.03958871771536221,0.039637493189065176,4.877547370296664e-05,0.03953515784190531,-5.355987345689872e-05
16384,14.0,-0.6,0.5488116360940264,3.893350722705691e-06,1.1806048805240721e-07,-3.7752902346532835e-06,0.7482949549720435,0.7878836726874057,0.03958871771536221,0.03958694439381161,-1.7733215506021693e-06,0.03958976475772302,1.0470423608133217e-06
16384,14.0,-0.54,0.5827482523739896,3.893350722705691e-06,1.7104447880278428e-07,-3.7223062439029064e-06,0.7482949549720435,0.7878836726874057,0.03958871771536221,0.039586971240390234,-1.7464749719753314e-06,0.03958974985907249,1.032143710277822e-06
16384,14.0,-0.4800000000000001,0.6187833918061408,3.893350722705691e-06,2.4664291653486714e-07,-3.6467078061708236e-06,0.7482949549720435,0.7878836726874057,0.03958871771536221,0.039587009060598866,-1.7086547633438087e-06,0.03958972811649031,1.0104011280986924e-06
16384,14.0,-0.42000000000000015,0.6570468198150566,3.893350722705691e-06,3.5398500319860915e-07,-3.5393657195070816e-06,0.7482949549720435,0.7878836726874057,0.03958871771536221,0.03958706206423768,-1.6556511245324756e-06,0.03958969654701927,9.78831657061363e-07
16384,14.0,-0.3600000000000002,0.6976763260710309,3.893350722705691e-06,5.056607985665096e-07,-3.387689924139181e-06,0.7482949549720435,0.7878836726874057,0.03958871771536221,0.03958713596194374,-1.5817534184670023e-06,0.03958965094177802,9.332264158112835e-07
16384,14.0,-0.30000000000000027,0.7408182206817177,3.893350722705691e-06,7.189414904518188e-07,-3.174409232253872e-06,0.7482949549720435,0.7878836726874057,0.03958871771536221,0.03958723845545431,-1.4792599078994328e-06,0.039589585394785964,8.676794237549856e-07
16384,14.0,-0.24000000000000032,0.7866278610665531,3.893350722705691e-06,1.0173943792990414e-06,-2.8759563434066493e-06,0.7482949549720435,0.7878836726874057,0.03958871771536221,0.03958737987142491,-1.337843937299077e-06,0.03958949166434822,7.739489860103532e-07
16384,14.0,-0.18000000000000038,0.8352702114112717,3.893350722705691e-06,1.4330072556356654e-06,-2.4603434670700253e-06,0.7482949549720435,0.7878836726874057,0.03958871771536221,0.039587573975059964,-1.1437403022451775e-06,0.03958935831289889,6.405975366829963e-07
16384,14.0,-0.12000000000000044,0.8869204367171571,3.893350722705691e-06,2.0089656809219036e-06,-1.884385041783787e-06,0.7482949549720435,0.7878836726874057,0.03958871771536221,0.03958783900707452,-8.787082876882124e-07,0.03958916955574321,4.5184038099943535e-07
16384,14.0,-0.0600000000000005,0.9417645335842483,3.893350722705691e-06,2.8032613317297006e-06,-1.0900893909759901e-06,0.7482949549720435,0.7878836726874057,0.03958871771536221,0.039588198995635704,-5.187197265055232e-07,0.03958890372996082,1.8601459861322667e-07
16384,14.0,-5.551115123125783e-16,0.9999999999999994,3.893350722705691e-06,3.893350722705691e-06,0.0,0.7482949549720435,0.7878836726874057,0.03958871771536221,0.03958868540382943,-3.2311532782713925e-08,0.03958853127119255,-1.864441696586283e-07
16384,14.0,0.05999999999999939,1.061836546545359,3.893350722705691e-06,5.382131980979921e-06,1.48878125827423e-06,0.7482949549720435,0.7878836726874057,0.03958871771536221,0.03958933918271801,6.214673557991546e-07,0.03958801205743234,-7.056579298669874e-07
16384,14.0,0.11999999999999933,1.1274968515793748,3.893350722705691e-06,7.405563428042328e-06,3.512212705336637e-06,0.7482949549720435,0.7878836726874057,0.03958871771536221,0.039590213309899314,1.495594537104239e-06,0.039587291944569,-1.4257707932063823e-06
16384,14.0,0.17999999999999927,1.1972173631218093,3.893350722705691e-06,1.0142311940519733e-05,6.248961217814042e-06,0.7482949549720435,0.7878836726874057,0.03958871771536221,0.039591375903303416,2.6581879412068687e-06,0.0395862982775963,-2.4194377659103594e-06
16384,14.0,0.23999999999999921,1.2712491503214036,3.893350722705691e-06,1.3825891458818518e-05,9.932540736112827e-06,0.7482949549720435,0.7878836726874057,0.03958871771536221,0.039592914009193514,4.196293831304487e-06,0.03958493411350861,-3.7836018536019367e-06
16384,14.0,0.29999999999999916,1.349858807576002,3.893350722705691e-06,1.875983234089773e-05,1.486648161819204e-05,0.7482949549720435,0.7878836726874057,0.03958871771536221,0.039594938171348404,6.220455986194473e-06,0.039583070836467504,-5.646878894705054e-06
16384,14.0,0.3599999999999991,1.433329414560339,3.893350722705691e-06,2.5336509696050058e-05,2.1443158973344367e-05,0.7482949549720435,0.7878836726874057,0.03958871771536221,0.0395975878942989,8.870178936692952e-06,0.03958053878259371,-8.178932768498903e-06
16384,14.0,0.41999999999999915,1.5219615556186326,3.893350722705691e-06,3.406035193598278e-05,3.016700121327709e-05,0.7482949549720435,0.7878836726874057,0.03958871771536221,0.03960103811628124,1.2320400919030305e-05,0.039577115420802444,-1.1602294559764914e-05
16384,14.0,0.479999999999999,1.6160744021928917,3.893350722705691e-06,4.557624734047305e-05,4.168289661776736e-05,0.7482949549720435,0.7878836726874057,0.03958871771536221,0.039605506806095425,1.6789090733215772e-05,0.039572510557968066,-1.620715739414358e-05
16384,14.0,0.5399999999999988,1.7160068621848563,3.893350722705691e-06,6.070406323699373e-05,5.681071251428804e-05,0.7482949549720435,0.7878836726874057,0.03958871771536221,0.039611263790957585,2.254607559537547e-05,0.0395663479524615,-2.2369762900709134e-05
16384,14.0,0.5999999999999989,1.8221188003905069,3.893350722705691e-06,8.048028526430606e-05,7.658693454160037e-05,0.7482949549720435,0.7878836726874057,0.03958871771536221,0.039618640908390956,2.992319302874691e-05,0.03955814263156576,-3.057508379644691e-05
