bank_size_B,per_call_hazard_h,expected_failures_Bh,full_bank_probability,stop_probability,omi_B1488_scale_marker
100,0.000001,0.00009999999999999999,0.9999000049498354,0.00009999505016455856,False
100,0.000001258925411794166,0.0001258925411794166,0.9998741153037181,0.0001258846962819415,False
100,0.000001584893192461114,0.0001584893192461114,0.9998415231139478,0.0001584768860521946,False
100,0.000001995262314968879,0.0001995262314968879,0.9998004934735282,0.0001995065264718265,False
100,0.000002511886431509582,0.0002511886431509582,0.9997488425866737,0.000251157413326264,False
100,0.000003162277660168379,0.0003162277660168379,0.9996838217288696,0.0003161782711303962,False
100,0.000003981071705534969,0.0003981071705534969,0.9996019712714598,0.0003980287285402229,False
100,0.000005011872336272725,0.0005011872336272725,0.9994989370843982,0.0005010629156018132,False
100,0.00000630957344480193,0.000630957344480193,0.9993692396779555,0.0006307603220444546,False
100,0.000007943282347242822,0.0007943282347242822,0.999205984008138,0.0007940159918620182,False
100,0.00001,0.001,0.9990004948383437,0.0009995051616562556,False
100,0.00001258925411794166,0.001258925411794166,0.9987418587877992,0.001258141212200803,False
100,0.00001584893192461114,0.001584893192461114,0.9984163495478283,0.001583650452171681,False
100,0.00001995262314968879,0.001995262314968878,0.9980067070317179,0.001993292968282101,False
100,0.00002511886431509582,0.002511886431509582,0.9974912342461322,0.002508765753867825,False
100,0.0000316227766016838,0.003162277660168379,0.9968426672303422,0.003157332769657795,False
100,0.00003981071705534969,0.003981071705534969,0.9960267633230258,0.003973236676974246,False
100,0.00005011872336272725,0.005011872336272725,0.9950005411694605,0.004999458830539538,False
100,0.00006309573444801929,0.006309573444801929,0.9937100923050037,0.006289907694996266,False
100,0.00007943282347242822,0.007943282347242822,0.9920878691552004,0.007912130844799581,False
100,0.0001,0.01,0.9900493386913719,0.009950661308628095,False
100,0.0001258925411794167,0.01258925411794167,0.9874888764437566,0.0125111235562434,False
100,0.0001584893192461114,0.01584893192461114,0.9842747651810694,0.01572523481893062,False
100,0.0001995262314968879,0.01995262314968879,0.98024316166197,0.01975683833802999,False
100,0.000251188643150958,0.02511886431509579,0.9751909123338154,0.02480908766618461,False
100,0.0003162277660168379,0.03162277660168379,0.9688671489706996,0.03113285102930041,False
100,0.0003981071705534974,0.03981071705534973,0.9609637002432169,0.03903629975678313,False
100,0.0005011872336272725,0.05011872336272725,0.9511045486475014,0.04889545135249862,False
100,0.000630957344480193,0.0630957344480193,0.9388348928607363,0.06116510713926371,False
100,0.0007943282347242813,0.07943282347242814,0.9236109109631251,0.07638908903687491,False
100,0.001,0.1,0.9047921471137089,0.09520785288629108,False
100,0.001258925411794167,0.1258925411794168,0.8816396624653418,0.1183603375346582,False
100,0.001584893192461114,0.1584893192461114,0.853324786174961,0.146675213825039,False
100,0.001995262314968879,0.1995262314968879,0.8189554843616216,0.1810445156383784,False
100,0.002511886431509579,0.251188643150958,0.7776298407530512,0.2223701592469488,False
100,0.003162277660168379,0.3162277660168379,0.7285282887368694,0.2714717112631306,False
100,0.003981071705534973,0.3981071705534973,0.6710566451039589,0.3289433548960411,False
100,0.005011872336272725,0.5011872336272725,0.6050480581795824,0.3949519418204176,False
100,0.00630957344480193,0.630957344480193,0.5310196285808173,0.4689803714191827,False
100,0.007943282347242814,0.7943282347242814,0.4504537693964246,0.5495462306035754,False
100,0.01,1,0.3660323412732292,0.6339676587267709,False
200,0.000001,0.0002,0.9998000198986809,0.0001999801013190527,False
200,0.000001258925411794166,0.0002517850823588332,0.9997482464543928,0.0002517535456072473,False
200,0.000001584893192461114,0.0003169786384922228,0.999683071342819,0.0003169286571810259,False
200,0.000001995262314968879,0.0003990524629937758,0.9996010267499104,0.0003989732500896404,False
200,0.000002511886431509582,0.0005023772863019165,0.9994977482533938,0.0005022517466062304,False
200,0.000003162277660168379,0.0006324555320336759,0.9993677434264384,0.0006322565735615848,False
200,0.000003981071705534969,0.0007962143411069938,0.9992041009697883,0.0007958990302117108,False
200,0.000005011872336272725,0.001002374467254545,0.9989981252328418,0.001001874767158184,False
200,0.00000630957344480193,0.001261914688960386,0.9987388772144948,0.001261122785505164,False
200,0.000007943282347242822,0.001588656469448564,0.9984125984776714,0.001587401522328613,False
200,0.00001,0.002,0.9980019886872556,0.001998011312744352,False
200,0.00001258925411794166,0.002517850823588332,0.9974853004949082,0.002514699505091755,False
200,0.00001584893192461114,0.003169786384922228,0.9968352070444112,0.003164792955588802,False
200,0.00001995262314968879,0.003990524629937757,0.9960173872802932,0.003982612719706791,False
200,0.00002511886431509582,0.005023772863019164,0.9949887623978722,0.005011237602127849,False
200,0.0000316227766016838,0.006324555320336759,0.9936953032109028,0.006304696789097175,False
200,0.00003981071705534969,0.007962143411069938,0.9920693132557428,0.007930686744257232,False
200,0.00005011872336272725,0.01002374467254545,0.9900260769275191,0.009973923072480906,False
200,0.00006309573444801929,0.01261914688960386,0.987459747548819,0.01254025245118096,False
200,0.00007943282347242822,0.01588656469448564,0.984238340124906,0.01576165987509404,False
200,0.0001,0.02,0.9801976930432228,0.0198023069567772,False
200,0.0001258925411794167,0.02517850823588335,0.9751342811001528,0.02486571889984723,False
200,0.0001584893192461114,0.03169786384922228,0.9687968133722493,0.03120318662775068,False
200,0.0001995262314968879,0.03990524629937758,0.960876655985055,0.03912334401494499,False
200,0.000251188643150958,0.05023772863019159,0.9509973154984591,0.04900268450154088,False
200,0.0003162277660168379,0.06324555320336758,0.9387035523546118,0.06129644764538822,False
200,0.0003981071705534974,0.07962143411069947,0.9234512331851352,0.07654876681486478,False
200,0.0005011872336272725,0.1002374467254545,0.9045998624579672,0.0954001375420328,False
200,0.000630957344480193,0.1261914688960386,0.8814109560528303,0.1185890439471697,False
200,0.0007943282347242813,0.1588656469448563,0.8530571148501337,0.1469428851498663,False
200,0.001,0.2,0.8186488294786356,0.1813511705213644,False
200,0.001258925411794167,0.2517850823588335,0.7772884944320018,0.2227115055679982,False
200,0.001584893192461114,0.3169786384922228,0.7281631907005428,0.2718368092994572,False
200,0.001995262314968879,0.3990524629937758,0.6706880853659782,0.3293119146340218,False
200,0.002511886431509579,0.5023772863019159,0.6047081692296157,0.3952918307703843,False
200,0.003162277660168379,0.6324555320336759,0.5307534674898713,0.4692465325101287,False
200,0.003981071705534973,0.7962143411069946,0.4503170209381807,0.5496829790618193,False
200,0.005011872336272725,1.002374467254545,0.3660831527068833,0.6339168472931167,False
200,0.00630957344480193,1.261914688960386,0.2819818459381092,0.7180181540618908,False
200,0.007943282347242814,1.588656469448563,0.2029085983634473,0.7970914016365527,False
200,0.01,2,0.1339796748579617,0.8660203251420383,False
300,0.000001,0.0003,0.9997000448455367,0.0002999551544633494,False
300,0.000001258925411794166,0.0003776776235382498,0.9996223934500295,0.0003776065499705439,False
300,0.000001584893192461114,0.0004754679577383342,0.9995246446826335,0.0004753553173665326,False
300,0.000001995262314968879,0.0005985786944906637,0.9994015998212058,0.0005984001787942006,False
300,0.000002511886431509582,0.0007535659294528747,0.999246716984317,0.0007532830156830039,False
300,0.000003162277660168379,0.0009486832980505137,0.9990517650610984,0.0009482349389016154,False
300,0.000003981071705534969,0.001194321511660491,0.9988063890319271,0.001193610968072911,False
300,0.000005011872336272725,0.001503561700881817,0.998497564319532,0.001502435680468039,False
300,0.00000630957344480193,0.001892872033440579,0.9981089123586647,0.001891087641335276,False
300,0.000007943282347242822,0.002382984704172847,0.9976198429080035,0.00238015709199646,False
300,0.00001,0.003,0.9970044805482196,0.002995519451780448,False
300,0.00001258925411794166,0.003776776235382498,0.9962303231297911,0.003769676870208905,False
300,0.00001584893192461114,0.004754679577383342,0.9952565685180347,0.004743431481965321,False
300,0.00001995262314968879,0.005985786944906635,0.9940320328259407,0.005967967174059341,False
300,0.00002511886431509582,0.007535659294528747,0.992492568665285,0.007507431334714987,False
300,0.0000316227766016838,0.009486832980505138,0.9905578764670201,0.009442123532979907,False
300,0.00003981071705534969,0.01194321511660491,0.9881275870742143,0.01187241292578567,False
300,0.00005011872336272725,0.01503561700881817,0.9850764823147593,0.01492351768524069,False
300,0.00006309573444801929,0.01892872033440579,0.9812487168842127,0.01875128311578733,False
300,0.00007943282347242822,0.02382984704172847,0.9764509175953693,0.02354908240463072,False
300,0.0001,0.03,0.9704440777842511,0.02955592221574888,False
300,0.0001258925411794167,0.03776776235382502,0.9629342556253802,0.03706574437461985,False
300,0.0001584893192461114,0.04754679577383342,0.953562255990139,0.046437744009861,False
300,0.0001995262314968879,0.05985786944906636,0.9418927712299714,0.05810722877002861,False
300,0.000251188643150958,0.07535659294528739,0.9274039397279515,0.07259606027204846,False
300,0.0003162277660168379,0.09486832980505139,0.9094790344984806,0.09052096550151945,False
300,0.0003981071705534974,0.1194321511660492,0.8874031140357493,0.1125968859642507,False
300,0.0005011872336272725,0.1503561700881818,0.8603690438896767,0.1396309561103233,False
300,0.000630957344480193,0.1892872033440579,0.827499360492138,0.172500639507862,False
300,0.0007943282347242813,0.2382984704172844,0.7878928589503073,0.2121071410496927,False
300,0.001,0.3,0.7407070321560992,0.2592929678439008,False
300,0.001258925411794167,0.3776776235382502,0.6852883658692237,0.3147116341307763,False
300,0.001584893192461114,0.4754679577383342,0.6213596990050181,0.3786403009949819,False
300,0.001995262314968879,0.5985786944906637,0.5492636858064632,0.4507363141935368,False
300,0.002511886431509579,0.7535659294528738,0.4702391173400952,0.5297608826599048,False
300,0.003162277660168379,0.9486832980505138,0.3866689154115556,0.6133310845884444,False
300,0.003981071705534973,1.194321511660492,0.3021882293039848,0.6978117706960152,False
300,0.005011872336272725,1.503561700881817,0.2214979006775593,0.7785020993224407,False
300,0.00630957344480193,1.892872033440579,0.149737895096588,0.850262104903412,False
300,0.007943282347242814,2.382984704172844,0.09140094297576004,0.9085990570242399,False
300,0.01,3,0.04904089407128572,0.9509591059287142,False
400,0.000001,0.0004,0.9996000797894028,0.0003999202105972044,False
400,0.000001258925411794166,0.0005035701647176664,0.9994965562886333,0.0005034437113666801,False
400,0.000001584893192461114,0.0006339572769844457,0.9993662431294117,0.000633756870588309,False
400,0.000001995262314968879,0.0007981049259875515,0.9992022126794751,0.0007977873205249342,False
400,0.000002511886431509582,0.001004754572603833,0.9989957487636044,0.001004251236395581,False
400,0.000003162277660168379,0.001264911064067352,0.9987358866012516,0.001264113398748434,False
400,0.000003981071705534969,0.001592428682213988,0.9984088353948428,0.00159116460515718,False
400,0.000005011872336272725,0.00200474893450909,0.9979972542187326,0.002002745781267357,False
400,0.00000630957344480193,0.002523829377920772,0.9974793448596698,0.002520655140330175,False
400,0.000007943282347242822,0.003177312938897129,0.9968277167989358,0.003172283201064219,False
400,0.00001,0.004,0.9960079694237172,0.003992030576282835,False
400,0.00001258925411794166,0.005035701647176665,0.9949769247034174,0.005023075296582635,False
400,0.00001584893192461114,0.006339572769844456,0.9936804300032742,0.006319569996725782,False
400,0.00001995262314968879,0.007981049259875514,0.9920506357646616,0.00794936423533843,False
400,0.00002511886431509582,0.01004754572603833,0.9900026372980493,0.009997362701950729,False
400,0.0000316227766016838,0.01264911064067352,0.9874303556234082,0.0125696443765918,False
400,0.00003981071705534969,0.01592428682213988,0.9842015223037209,0.01579847769627907,False
400,0.00005011872336272725,0.0200474893450909,0.980151632996494,0.01984836700350601,False
400,0.00006309573444801929,0.02523829377920772,0.9750767530291775,0.02492324697082249,False
400,0.00007943282347242822,0.03177312938897129,0.9687251101718302,0.03127488982816984,False
400,0.0001,0.04,0.9607875174472561,0.0392124825527439,False
400,0.0001258925411794167,0.0503570164717667,0.9508868661767117,0.0491131338232883,False
400,0.0001584893192461114,0.06339572769844457,0.9385672656002249,0.06143273439977515,False
400,0.0001995262314968879,0.07981049259875515,0.9232839480170217,0.07671605198297826,False
400,0.000251188643150958,0.1004754572603832,0.9043958940852758,0.09560410591472424,False
400,0.0003162277660168379,0.1264911064067352,0.8811643592031675,0.1188356407968325,False
400,0.0003981071705534974,0.1592428682213989,0.852762180071147,0.147237819928853,False
400,0.0005011872336272725,0.200474893450909,0.8183009111589733,0.1816990888410267,False
400,0.000630957344480193,0.2523829377920772,0.7768852734499642,0.2231147265500358,False
400,0.0007943282347242813,0.3177312938897126,0.7277064411964342,0.2722935588035658,False
400,0.001,0.4,0.6701859060067401,0.3298140939932599,False
400,0.001258925411794167,0.503570164717667,0.6041774035763681,0.3958225964236319,False
400,0.001584893192461114,0.6339572769844456,0.5302216322911951,0.4697783677088049,False
400,0.001995262314968879,0.7981049259875516,0.4498225078518817,0.5501774921481184,False
400,0.002511886431509579,1.004754572603832,0.3656719699330335,0.6343280300669665,False
400,0.003162277660168379,1.264911064067352,0.2816992432525219,0.7183007567474782,False
400,0.003981071705534973,1.592428682213989,0.2027854193466379,0.7972145806533621,False
400,0.005011872336272725,2.00474893450909,0.1340168746958112,0.8659831253041887,False
400,0.00630957344480193,2.523829377920772,0.07951376143866352,0.9204862385613365,False
400,0.007943282347242814,3.177312938897126,0.04117189928981877,0.9588281007101812,False
400,0.01,4,0.01795055327504514,0.9820494467249549,False
500,0.000001,0.0005,0.9995001247292797,0.0004998752707202625,False
500,0.000001258925411794166,0.0006294627058970831,0.9993707349682099,0.0006292650317900605,False
500,0.000001584893192461114,0.000792446596230557,0.9992078666791748,0.0007921333208251724,False
500,0.000001995262314968879,0.0009976311574844395,0.9990028653167804,0.0009971346832196026,False
500,0.000002511886431509582,0.001255943215754791,0.998744843575421,0.001255156424578963,False
500,0.000003162277660168379,0.00158113883008419,0.9984201080153101,0.001579891984689885,False
500,0.000003981071705534969,0.001990535852767485,0.9980114399955273,0.001988560004472673,False
500,0.000005011872336272725,0.002505936168136362,0.9974971948047713,0.002502805195228719,False
500,0.00000630957344480193,0.003154786722400965,0.9968501744668734,0.003149825533126593,False
500,0.000007943282347242822,0.003971641173621411,0.9960362196506661,0.003963780349333867,False
500,0.00001,0.005,0.9950124543172274,0.004987545682772598,False
500,0.00001258925411794166,0.006294627058970831,0.9937251032292592,0.006274896770740779,False
500,0.00001584893192461114,0.007924465962305571,0.9921067875409854,0.007893212459014642,False
500,0.00001995262314968879,0.009976311574844392,0.990073188208212,0.009926811791788004,False
500,0.00002511886431509582,0.01255943215754791,0.9875189525853572,0.01248104741464284,False
500,0.0000316227766016838,0.0158113883008419,0.9843127094038436,0.01568729059615637,False
500,0.00003981071705534969,0.01990535852767485,0.9802910567177699,0.01970894328223005,False
500,0.00005011872336272725,0.02505936168136362,0.9752514052596418,0.02474859474035818,False
500,0.00006309573444801929,0.03154786722400964,0.9689436102570873,0.03105638974291269,False
500,0.00007943282347242822,0.03971641173621411,0.9610604303475077,0.03893956965249235,False
500,0.0001,0.05,0.9512270462715808,0.04877295372841917,False
500,0.0001258925411794167,0.06294627058970838,0.9389902031059657,0.0610097968940343,False
500,0.0001584893192461114,0.07924465962305571,0.9238080749552998,0.07619192504470018,False
500,0.0001995262314968879,0.09976311574844393,0.9050427763159513,0.09495722368404869,False
500,0.000251188643150958,0.125594321575479,0.8819586570639768,0.1180413429360232,False
500,0.0003162277660168379,0.158113883008419,0.8537312004757663,0.1462687995242337,False
500,0.0003981071705534974,0.1990535852767487,0.8194734999886419,0.1805265000113581,False
500,0.0005011872336272725,0.2505936168136363,0.7782897187656944,0.2217102812343056,False
500,0.000630957344480193,0.3154786722400965,0.7293670024644809,0.2706329975355191,False
500,0.0007943282347242813,0.3971641173621406,0.6721176090671724,0.3278823909328276,False
500,0.001,0.5,0.6063789448611847,0.3936210551388153,False
500,0.001258925411794167,0.6294627058970838,0.5326667621582557,0.4673332378417443,False
500,0.001584893192461114,0.792446596230557,0.4524512610002229,0.5475487389997771,False
500,0.001995262314968879,0.9976311574844394,0.3683846097945971,0.6316153902054029,False
500,0.002511886431509579,1.25594321575479,0.2843574357468794,0.7156425642531206,False
500,0.003162277660168379,1.58113883008419,0.2052258676252309,0.7947741323747691,False
500,0.003981071705534973,1.990535852767487,0.1360805031827542,0.8639194968172458,False
500,0.005011872336272725,2.505936168136362,0.08108664979799698,0.918913350202003,False
500,0.00630957344480193,3.154786722400965,0.04222336806622282,0.9577766319337772,False
500,0.007943282347242814,3.971641173621407,0.01854603722830885,0.9814539627716912,False
500,0.01,5,0.006570483042414603,0.9934295169575854,False
600,0.000001,0.0005999999999999999,0.9994001796641679,0.0005998203358320575,False
600,0.000001258925411794166,0.0007553552470764996,0.9992449294867654,0.0007550705132346458,False
600,0.000001584893192461114,0.0009509359154766684,0.9990495153279447,0.000950484672055274,False
600,0.000001995262314968879,0.001197157388981327,0.9988035577251856,0.001196442274814413,False
600,0.000002511886431509582,0.001507131858905749,0.9984940014039356,0.001505998596064373,False
600,0.000003162277660168379,0.001897366596101027,0.9981044292716961,0.00189557072830393,False
600,0.000003981071705534969,0.002388643023320982,0.9976142027709972,0.002385797229002784,False
600,0.000005011872336272725,0.003007123401763635,0.9969973859520378,0.003002614047962204,False
600,0.00000630957344480193,0.003785744066881158,0.9962214009297966,0.003778599070203392,False
600,0.000007943282347242822,0.004765969408345693,0.9952453509637897,0.004754649036210257,False
600,0.00001,0.006,0.9940179342332252,0.005982065766774847,False
600,0.00001258925411794166,0.007553552470764996,0.9924748567232881,0.007525143276711943,False
600,0.00001584893192461114,0.009509359154766684,0.9905356371782934,0.009464362821706596,False
600,0.00001995262314968879,0.01197157388981327,0.988099682284072,0.01190031771592803,False
600,0.00002511886431509582,0.01507131858905749,0.9850414988558156,0.0149585011441844,False
600,0.0000316227766016838,0.01897366596101028,0.9812049066308522,0.01879509336914775,False
600,0.00003981071705534969,0.02388643023320982,0.976396128337109,0.02360387166289102,False
600,0.00005011872336272725,0.03007123401763635,0.9703756760096204,0.02962432399037962,False
600,0.00006309573444801929,0.03785744066881157,0.9628490443869139,0.03715095561308612,False
600,0.00007943282347242822,0.04765969408345693,0.9534563944728387,0.0465436055271613,False
600,0.0001,0.06,0.9417617081065256,0.0582382918934744,False
600,0.0001258925411794167,0.07553552470765004,0.9272423806568049,0.07275761934319513,False
600,0.0001584893192461114,0.09509359154766685,0.9092809760490035,0.09071902395099651,False
600,0.0001995262314968879,0.1197157388981327,0.8871619924952752,0.1128380075047248,False
600,0.000251188643150958,0.1507131858905748,0.860078067422926,0.139921932577074,False
600,0.0003162277660168379,0.1897366596101028,0.8271521141922885,0.1728478858077115,False
600,0.0003981071705534974,0.2388643023320984,0.7874842868003451,0.2125157131996549,False
600,0.0005011872336272725,0.3007123401763635,0.7402348916836365,0.2597651083163635,False
600,0.000630957344480193,0.3785744066881158,0.6847551916148974,0.3152448083851026,False
600,0.0007943282347242813,0.4765969408345688,0.6207751571848886,0.3792248428151114,False
600,0.001,0.6,0.5486469074854967,0.4513530925145033,False
600,0.001258925411794167,0.7553552470765005,0.469620144395711,0.5303798556042889,False
600,0.001584893192461114,0.9509359154766684,0.3860878755476066,0.6139121244523934,False
600,0.001995262314968879,1.197157388981327,0.3016905965457012,0.6983094034542988,False
600,0.002511886431509579,1.507131858905748,0.2211248274767918,0.7788751725232081,False
600,0.003162277660168379,1.897366596101028,0.1495128501455487,0.8504871498544513,False
600,0.003981071705534973,2.388643023320984,0.09131772592987768,0.9086822740701224,False
600,0.005011872336272725,3.007123401763635,0.0490613200045659,0.9509386799954341,False
600,0.00630957344480193,3.785744066881158,0.02242143722795678,0.9775785627720432,False
600,0.007943282347242814,4.765969408345688,0.008354132376858139,0.9916458676231419,False
600,0.01,6,0.002405009291311067,0.997594990708689,False
700,0.000001,0.0007,0.9993002445930679,0.0006997554069321232,False
700,0.000001258925411794166,0.0008812477882559163,0.9991191398423056,0.0008808601576943964,False
700,0.000001584893192461114,0.00110942523472278,0.9988911890717436,0.001108810928256432,False
700,0.000001995262314968879,0.001396683620478215,0.9986042898967561,0.001395710103243908,False
700,0.000002511886431509582,0.001758320502056708,0.9982432222333212,0.001756777766678819,False
700,0.000003162277660168379,0.002213594362117865,0.9977888503388413,0.002211149661158651,False
700,0.000003981071705534969,0.002786750193874478,0.9972171236582946,0.002782876341705376,False
700,0.000005011872336272725,0.003508310635390908,0.9964978275349853,0.003502172465014719,False
700,0.00000630957344480193,0.004416701411361351,0.9955930239981186,0.004406976001881446,False
700,0.000007943282347242822,0.005560297643069975,0.9944551102392982,0.005544889760701777,False
700,0.00001,0.007,0.9930244081771802,0.006975591822819815,False
700,0.00001258925411794166,0.008812477882559162,0.9912261832039714,0.008773816796028622,False
700,0.00001584893192461114,0.0110942523472278,0.9889669749685839,0.01103302503141612,False
700,0.00001995262314968879,0.01396683620478215,0.9861301101354133,0.0138698898645867,False
700,0.00002511886431509582,0.01758320502056708,0.9825702604773475,0.01742973952265248,False
700,0.0000316227766016838,0.02213594362117866,0.9781069162253977,0.02189308377460231,False
700,0.00003981071705534969,0.02786750193874479,0.9725166754287443,0.02748332457125569,False
700,0.00005011872336272725,0.03508310635390908,0.9655243227672533,0.03447567723274669,False
700,0.00006309573444801929,0.0441670141136135,0.9567928127735048,0.04320718722649519,False
700,0.00007943282347242822,0.05560297643069975,0.9459125227249587,0.05408747727504126,False
700,0.0001,0.07000000000000001,0.9323905563157225,0.06760944368427746,False
700,0.0001258925411794167,0.08812477882559172,0.9156415366658223,0.08435846333417774,False
700,0.0001584893192461114,0.110942523472278,0.8949823191842465,0.1050176808157535,False
700,0.0001995262314968879,0.1396683620478215,0.8696344764299014,0.1303655235700986,False
700,0.000251188643150958,0.1758320502056706,0.838740315248468,0.161259684751532,False
700,0.0003162277660168379,0.2213594362117866,0.8014005106425691,0.1985994893574309,False
700,0.0003981071705534974,0.2786750193874482,0.7567438141270503,0.2432561858729497,False
700,0.0005011872336272725,0.3508310635390908,0.7040407725478971,0.2959592274521029,False
700,0.000630957344480193,0.4416701411361351,0.6428720669556052,0.3571279330443948,False
700,0.0007943282347242813,0.5560297643069969,0.5733547084308122,0.4266452915691878,False
700,0.001,0.7000000000000001,0.496411413431099,0.503588586568901,False
700,0.001258925411794167,0.8812477882559172,0.4140357455919597,0.5859642544080403,False
700,0.001584893192461114,1.10942523472278,0.3294583538464064,0.6705416461535936,False
700,0.001995262314968879,1.396683620478215,0.2470711686214313,0.7529288313785687,False
700,0.002511886431509579,1.758320502056706,0.1719532643773235,0.8280467356226765,False
700,0.003162277660168379,2.213594362117866,0.1089243408607086,0.8910756591392914,False
700,0.003981071705534973,2.786750193874481,0.06127936680102652,0.9387206331989735,False
700,0.005011872336272725,3.508310635390907,0.02968445640048969,0.9703155435995103,False
700,0.00630957344480193,4.416701411361351,0.01190622326903772,0.9880937767309623,False
700,0.007943282347242814,5.56029764306997,0.003763150419192461,0.9962368495808075,False
700,0.01,7,0.0008803111816824596,0.9991196888183176,False
800,0.000001,0.0007999999999999999,0.9992003195149803,0.0007996804850196604,False
800,0.000001258925411794166,0.001007140329435333,0.9989933660328371,0.00100663396716294,False
800,0.000001584893192461114,0.001267914553968891,0.9987328879065944,0.001267112093405576,False
800,0.000001995262314968879,0.001596209851975103,0.9984050618235588,0.001594938176441185,False
800,0.000002511886431509582,0.002009509145207666,0.9979925060477546,0.00200749395224542,False
800,0.000003162277660168379,0.002529822128134704,0.9974733711851881,0.002526628814811915,False
800,0.000003981071705534969,0.003184857364427975,0.9968202025944863,0.003179797405513662,False
800,0.000005011872336272725,0.00400949786901818,0.9959985194281298,0.00400148057187022,False
800,0.00000630957344480193,0.005047658755841544,0.9949650434216762,0.005034956578323757,False
800,0.000007943282347242822,0.006354625877794257,0.9936654969785793,0.00633450302142069,False
800,0.00001,0.008,0.9920318751555564,0.007968124844443647,False
800,0.00001258925411794166,0.01007140329435333,0.9899790806922699,0.01002091930773008,False
800,0.00001584893192461114,0.01267914553968891,0.987400796971492,0.01259920302850803,False
800,0.00001995262314968879,0.01596209851975103,0.9841644639210692,0.01583553607893085,False
800,0.00002511886431509582,0.02009509145207666,0.9801052218570929,0.01989477814290708,False
800,0.0000316227766016838,0.02529822128134704,0.9750187072065704,0.02498129279342964,False
800,0.00003981071705534969,0.03184857364427975,0.9686526365049618,0.03134736349503819,False
800,0.00005011872336272725,0.0400949786901818,0.9606972236656938,0.03930277633430623,False
800,0.00006309573444801929,0.05047658755841544,0.9507746742979236,0.04922532570207638,False
800,0.00007943282347242822,0.06354625877794258,0.9384283390774244,0.0615716609225756,False
800,0.0001,0.08,0.9231126536824614,0.07688734631753857,False
800,0.0001258925411794167,0.1007140329435334,0.9041858322673676,0.0958141677326324,False
800,0.0001584893192461114,0.1267914553968891,0.8809085120562832,0.1190914879437168,False
800,0.0001995262314968879,0.1596209851975103,0.8524532486658984,0.1475467513341016,False
800,0.000251188643150958,0.2009509145207664,0.8179319332383054,0.1820680667616946,False
800,0.0003162277660168379,0.2529822128134703,0.7764506279299287,0.2235493720700713,False
800,0.0003981071705534974,0.3184857364427979,0.7272033357596954,0.2727966642403046,False
800,0.0005011872336272725,0.400949786901818,0.6696163812036059,0.3303836187963941,False
800,0.000630957344480193,0.5047658755841544,0.6035507281034256,0.3964492718965744,False
800,0.0007943282347242813,0.6354625877794251,0.5295566645587794,0.4704433354412206,False
800,0.001,0.8,0.4491491486100751,0.5508508513899248,False
800,0.001258925411794167,1.007140329435334,0.3650303349922815,0.6349696650077186,False
800,0.001584893192461114,1.267914553968891,0.2811349793495393,0.7188650206504608,False
800,0.001995262314968879,1.596209851975103,0.2023402885701562,0.7976597114298438,False
800,0.002511886431509579,2.009509145207664,0.1337159895947054,0.8662840104052947,False
800,0.003162277660168379,2.529822128134704,0.0793544636490435,0.9206455363509565,False
800,0.003981071705534973,3.184857364427979,0.04112192629959177,0.9588780737004082,False
800,0.005011872336272725,4.00949786901818,0.01796052270323277,0.9820394772967672,False
800,0.00630957344480193,5.047658755841544,0.006322438258124694,0.9936775617418753,False
800,0.007943282347242814,6.354625877794251,0.001695125291130979,0.998304874708869,False
800,0.01,8,0.0003222223628802337,0.9996777776371197,False
900,0.000001,0.0009,0.999100404428906,0.0008995955710939807,False
900,0.000001258925411794166,0.00113303287061475,0.9988676080563663,0.001132391943633682,False
900,0.000001584893192461114,0.001426403873215003,0.998574611828521,0.00142538817147897,False
900,0.000001995262314968879,0.001795736083471991,0.9982058734976625,0.001794126502337456,False
900,0.000002511886431509582,0.002260697788358624,0.9977418528314167,0.002258147168583302,False
900,0.000003162277660168379,0.002846049894151541,0.9971579917791882,0.00284200822081182,False
900,0.000003981071705534969,0.003582964534981472,0.9964234395166645,0.003576560483335545,False
900,0.000005011872336272725,0.004510685102645452,0.9954994615060501,0.004500538493949935,False
900,0.00000630957344480193,0.005678616100321737,0.9943374589504645,0.005662541049535452,False
900,0.000007943282347242822,0.00714895411251854,0.9928765106834169,0.007123489316583131,False
900,0.00001,0.009000000000000001,0.9910403341758109,0.008959665824189056,False
900,0.00001258925411794166,0.0113303287061475,0.9887335472116343,0.01126645278836569,False
900,0.00001584893192461114,0.01426403873215003,0.9858370992528933,0.01416290074710669,False
900,0.00001995262314968879,0.01795736083471991,0.9822027358155022,0.01779726418449779,False
900,0.00002511886431509582,0.02260697788358624,0.9776463674413108,0.02235363255868916,False
900,0.0000316227766016838,0.02846049894151541,0.9719402486912777,0.02805975130872229,False
900,0.00003981071705534969,0.03582964534981473,0.9648039503223524,0.03519604967764756,False
900,0.00005011872336272725,0.04510685102645453,0.9558942574473634,0.04410574255263655,False
900,0.00006309573444801929,0.05678616100321737,0.9447943893578495,0.05520561064215046,False
900,0.00007943282347242822,0.07148954112518539,0.9310033712701759,0.06899662872982415,False
900,0.0001,0.09000000000000001,0.9139270723159584,0.08607292768404162,False
900,0.0001258925411794167,0.1133032870614751,0.8928734516020658,0.1071265483979342,False
900,0.0001584893192461114,0.1426403873215003,0.8670560188502033,0.1329439811497967,False
900,0.0001995262314968879,0.1795736083471991,0.8356114676412778,0.1643885323587222,False
900,0.000251188643150958,0.2260697788358622,0.7976397882016244,0.2023602117983756,False
900,0.0003162277660168379,0.2846049894151542,0.7522775061989795,0.2477224938010205,False
900,0.0003981071705534974,0.3582964534981476,0.6988160083608475,0.3011839916391525,False
900,0.0005011872336272725,0.4510685102645453,0.6368751860116287,0.3631248139883713,False
900,0.000630957344480193,0.5678616100321737,0.566634483154999,0.433365516845001,False
900,0.0007943282347242813,0.7148954112518532,0.4891043133597283,0.5108956866402717,False
900,0.001,0.9,0.4063866225452042,0.5936133774547958,False
900,0.001258925411794167,1.133032870614751,0.3218252213322057,0.6781747786677943,False
900,0.001584893192461114,1.426403873215003,0.2398994461397477,0.7601005538602523,False
900,0.001995262314968879,1.795736083471991,0.1657076890318425,0.8342923109681575,False
900,0.002511886431509579,2.260697788358621,0.1039815436946674,0.8960184563053326,False
900,0.003162277660168379,2.846049894151542,0.05781197160586977,0.9421880283941302,False
900,0.003981071705534973,3.582964534981476,0.02759514190281631,0.9724048580971837,False
900,0.005011872336272725,4.510685102645452,0.01086697938548129,0.9891330206145187,False
900,0.00630957344480193,5.678616100321737,0.003357338815554525,0.9966426611844454,False
900,0.007943282347242814,7.148954112518532,0.0007635755769891614,0.9992364244230109,False
900,0.01,9,0.000117943805895644,0.9998820561941043,False
1000,0.000001,0.001,0.9990004993338457,0.0009995006661542849,False
1000,0.000001258925411794166,0.001258925411794166,0.9987418659109002,0.001258134089099805,False
1000,0.000001584893192461114,0.001584893192461114,0.9984163608335477,0.001583639166452322,False
1000,0.000001995262314968879,0.001995262314968879,0.9980067249111372,0.001993275088862823,False
1000,0.000002511886431509582,0.002511886431509582,0.9974912625684922,0.002508737431507813,False
1000,0.000003162277660168379,0.003162277660168379,0.9968427120893035,0.003157287910696471,False
1000,0.000003981071705534969,0.003981071705534969,0.9960268343619459,0.003973165638054055,False
1000,0.000005011872336272725,0.005011872336272725,0.9950006536433879,0.004999346356612144,False
1000,0.00000630957344480193,0.006309573444801929,0.9937102703346361,0.006289729665363897,False
1000,0.000007943282347242822,0.007943282347242822,0.99208815085599,0.007911849144009997,False
1000,0.00001,0.01,0.9900497842463927,0.009950215753607328,False
1000,0.00001258925411794166,0.01258925411794166,0.987489580788002,0.01251041921199803,False
1000,0.00001584893192461114,0.01584893192461114,0.9842758778848939,0.0157241221151061,False
1000,0.00001995262314968879,0.01995262314968878,0.9802449180087737,0.01975508199122633,False
1000,0.00002511886431509582,0.02511886431509582,0.9751936817152809,0.02480631828471913,False
1000,0.0000316227766016838,0.0316227766016838,0.9688715098939354,0.03112849010606455,False
1000,0.00003981071705534969,0.03981071705534969,0.960970555880842,0.03902944411915799,False
1000,0.00005011872336272725,0.05011872336272725,0.9511153034609061,0.04888469653909389,False
1000,0.00006309573444801929,0.06309573444801929,0.9388517198580384,0.06114828014196161,False
1000,0.00007943282347242822,0.07943282347242822,0.9236371507797366,0.07636284922026337,False
1000,0.0001,0.1,0.9048328935585562,0.09516710644144377,False
1000,0.0001258925411794167,0.1258925411794168,0.8817026015289827,0.1182973984710173,False
1000,0.0001584893192461114,0.1584893192461114,0.8534213593526168,0.1465786406473832,False
1000,0.0001995262314968879,0.1995262314968879,0.8191024269616851,0.1808975730383149,False
1000,0.000251188643150958,0.251188643150958,0.7778510727700934,0.2221489272299066,False
1000,0.0003162277660168379,0.3162277660168379,0.728856962665793,0.271143037334207,False
1000,0.0003981071705534974,0.3981071705534974,0.6715368171836348,0.3284631828163652,False
1000,0.0005011872336272725,0.5011872336272726,0.6057348863363836,0.3942651136636164,False
1000,0.000630957344480193,0.630957344480193,0.5319762242840221,0.4680237757159779,False
1000,0.0007943282347242813,0.7943282347242813,0.4517420804181724,0.5482579195818276,False
1000,0.001,1,0.3676954247709637,0.6323045752290363,False
1000,0.001258925411794167,1.258925411794168,0.2837338795081598,0.7162661204918402,False
1000,0.001584893192461114,1.584893192461114,0.2047121435806918,0.7952878564193082,False
1000,0.001995262314968879,1.995262314968879,0.1357072207335175,0.8642927792664825,False
1000,0.002511886431509579,2.511886431509579,0.08085915126454063,0.9191408487354593,False
1000,0.003162277660168379,3.16227766016838,0.04211765674252878,0.9578823432574712,False
1000,0.003981071705534973,3.981071705534974,0.01851790334647159,0.9814820966535284,False
1000,0.005011872336272725,5.011872336272725,0.006575044775463005,0.993424955224537,False
1000,0.00630957344480193,6.309573444801931,0.001782812810855725,0.9982171871891443,False
1000,0.007943282347242814,7.943282347242814,0.0003439554968738176,0.9996560445031262,False
1000,0.01,10,0.00004317124741065786,0.9999568287525893,False
1100,0.000001,0.0011,0.9989006042288003,0.001099395771199663,False
1100,0.000001258925411794166,0.001384817952973583,0.9986161395944458,0.00138386040555416,False
1100,0.000001584893192461114,0.001743382511707226,0.9982581349176992,0.001741865082300786,False
1100,0.000001995262314968879,0.002194788546465767,0.9978076160560546,0.002192383943945386,False
1100,0.000002511886431509582,0.002763075074660541,0.9972407352431699,0.002759264756830082,False
1100,0.000003162277660168379,0.003478505426185217,0.9965275320840062,0.00347246791599376,False
1100,0.000003981071705534969,0.004379178876088466,0.995630387067473,0.004369612932527023,False
1100,0.000005011872336272725,0.005513059569899998,0.9945020957148476,0.0054979042851524,False
1100,0.00000630957344480193,0.006940530789282123,0.9930834773245009,0.006916522675499137,False
1100,0.000007943282347242822,0.008737610581967105,0.9913004169988736,0.008699583001126387,False
1100,0.00001,0.011,0.9890602243767417,0.01093977562325832,False
1100,0.00001258925411794166,0.01384817952973583,0.9862471794497937,0.01375282055020632,False
1100,0.00001584893192461114,0.01743382511707225,0.9827171289458198,0.01728287105418025,False
1100,0.00001995262314968879,0.02194788546465766,0.9782910027065125,0.02170899729348752,False
1100,0.00002511886431509582,0.02763075074660541,0.9727471492032053,0.02725285079679474,False
1100,0.0000316227766016838,0.03478505426185217,0.9658124601261595,0.03418753987384049,False
1100,0.00003981071705534969,0.04379178876088467,0.9571523924227239,0.04284760757727613,False
1100,0.00005011872336272725,0.05513059569899997,0.9463602416581572,0.05363975834184276,False
1100,0.00006309573444801929,0.06940530789282122,0.9329464292008428,0.06705357079915719,False
1100,0.00007943282347242822,0.08737610581967105,0.9163292127896494,0.08367078721035059,False
1100,0.0001,0.11,0.8958292078938491,0.1041707921061509,False
1100,0.0001258925411794167,0.1384817952973584,0.8706715113413924,0.1293284886586076,False
1100,0.0001584893192461114,0.1743382511707226,0.8400011080773059,0.1599988919226941,False
1100,0.0001995262314968879,0.2194788546465767,0.802919552729915,0.197080447270085,False
1100,0.000251188643150958,0.2763075074660538,0.7585532973145043,0.2414467026854957,False
1100,0.0003162277660168379,0.3478505426185217,0.7061655674254506,0.2938344325745494,False
1100,0.0003981071705534974,0.4379178876088471,0.6453225046903384,0.3546774953096616,False
1100,0.0005011872336272725,0.5513059569899997,0.5761172056690117,0.4238827943309883,False
1100,0.000630957344480193,0.6940530789282123,0.499437841530149,0.500562158469851,False
1100,0.0007943282347242813,0.8737610581967095,0.4172339144154055,0.5827660855845944,False
1100,0.001,1.1,0.3326879328624075,0.6673120671375925,False
1100,0.001258925411794167,1.384817952973584,0.2501510417595559,0.7498489582404442,False
1100,0.001584893192461114,1.743382511707225,0.1746859461484117,0.8253140538515883,False
1100,0.001995262314968879,2.194788546465767,0.1111381726871874,0.8888618273128126,False
1100,0.002511886431509579,2.763075074660537,0.06287848892127161,0.9371215110787284,False
1100,0.003162277660168379,3.478505426185218,0.03068390439224137,0.9693160956077587,False
1100,0.003981071705534973,4.379178876088471,0.0124265620940426,0.9875734379059574,False
1100,0.005011872336272725,5.513059569899997,0.003978218073837699,0.9960217819261623,False
1100,0.00630957344480193,6.940530789282123,0.0009467085966497297,0.9990532914033503,False
1100,0.007943282347242814,8.737610581967095,0.0001549360500714313,0.9998450639499286,False
1100,0.01,11,0.00001580207276540893,0.9999841979272346,False
1200,0.000001,0.0012,0.9988007191127711,0.001199280887228871,False
1200,0.000001258925411794166,0.001510710494152999,0.9984904291050107,0.001509570894989265,False
1200,0.000001584893192461114,0.001901871830953337,0.9980999340770011,0.00190006592299885,False
1200,0.000001995262314968879,0.002394314777962655,0.9976085469244881,0.002391453075511918,False
1200,0.000002511886431509582,0.003014263717811499,0.9969902708396426,0.003009729160357355,False
1200,0.000003162277660168379,0.003794733192202055,0.9962124517317781,0.003787548268221919,False
1200,0.000003981071705534969,0.004777286046641963,0.9952340975704125,0.004765902429587521,False
1200,0.000005011872336272725,0.00601424680352727,0.9940037875951966,0.005996212404803414,False
1200,0.00000630957344480193,0.007571488133762316,0.9924570796705265,0.007542920329473457,False
1200,0.000007943282347242822,0.009531938816691387,0.9905133086150371,0.009486691384962942,False
1200,0.00001,0.012,0.9880716535772883,0.01192834642271168,False
1200,0.00001258925411794166,0.01510710494152999,0.9850063412279111,0.01499365877208891,False
1200,0.00001584893192461114,0.01901871830953337,0.9811608485202078,0.0188391514797922,False
1200,0.00001995262314968879,0.02394314777962654,0.976340982129884,0.02365901787011604,False
1200,0.00002511886431509582,0.03014263717811499,0.9703067544681118,0.02969324553188823,False
1200,0.0000316227766016838,0.03794733192202055,0.9627630687964595,0.03723693120354055,False
1200,0.00003981071705534969,0.04777286046641963,0.9533493994316963,0.04665060056830372,False
1200,0.00005011872336272725,0.0601424680352727,0.9416289525911278,0.05837104740887222,False
1200,0.00006309573444801929,0.07571488133762315,0.9270782822767932,0.07292171772320677,False
1200,0.00007943282347242822,0.09531938816691386,0.9090790961611455,0.09092090383885454,False
1200,0.0001,0.12,0.8869151148557208,0.1130848851442792,False
1200,0.0001258925411794167,0.1510710494153001,0.859778432486099,0.140221567513901,False
1200,0.0001584893192461114,0.1901871830953337,0.8267918934046284,0.1732081065953716,False
1200,0.0001995262314968879,0.2394314777962654,0.7870564009281867,0.2129435990718133,False
1200,0.000251188643150958,0.3014263717811496,0.7397342820619554,0.2602657179380446,False
1200,0.0003162277660168379,0.3794733192202056,0.6841806200127726,0.3158193799872274,False
1200,0.0003981071705534974,0.4777286046641968,0.6201315019574483,0.3798684980425517,False
1200,0.0005011872336272725,0.601424680352727,0.547947694865885,0.452052305134115,False
1200,0.000630957344480193,0.7571488133762316,0.4688896724435548,0.5311103275564453,False
1200,0.0007943282347242813,0.9531938816691375,0.3853617957779232,0.6146382042220768,False
1200,0.001,1.2,0.3010134290933991,0.6989865709066009,False
1200,0.001258925411794167,1.510710494153001,0.2205430800222485,0.7794569199777515,False
1200,0.001584893192461114,1.901871830953337,0.1490638476448642,0.8509361523551359,False
1200,0.001995262314968879,2.394314777962655,0.09101721604410107,0.9089827839558989,False
1200,0.002511886431509579,3.014263717811495,0.04889618932664094,0.951103810673359,False
1200,0.003162277660168379,3.794733192202055,0.02235409235864531,0.9776459076413547,False
1200,0.003981071705534973,4.777286046641968,0.008338927069004255,0.9916610729309957,False
1200,0.005011872336272725,6.01424680352727,0.002407013120590418,0.9975929868794096,False
1200,0.00630957344480193,7.571488133762316,0.0005027208473672063,0.9994972791526328,False
1200,0.007943282347242814,9.531938816691376,0.00006979152777006941,0.9999302084722299,False
1200,0.01,12,0.000005784069691292562,0.9999942159303087,False
1300,0.000001,0.0013,0.998700843984759,0.001299156015240999,False
1300,0.000001258925411794166,0.001636603035332416,0.9983647344406024,0.001635265559397636,False
1300,0.000001584893192461114,0.002060361150199449,0.9979417583074797,0.002058241692520335,False
1300,0.000001995262314968879,0.002593841009459542,0.9974095175085125,0.002590482491487522,False
1300,0.000002511886431509582,0.003265452360962457,0.9967398693421071,0.003260130657892879,False
1300,0.000003162277660168379,0.004110960958218893,0.995897471001111,0.004102528998888966,False
1300,0.000003981071705534969,0.00517539321719546,0.9948379658079566,0.005162034192043419,False
1300,0.000005011872336272725,0.006515434037154542,0.9935057291592649,0.006494270840735061,False
1300,0.00000630957344480193,0.008202445478242509,0.9918310771233383,0.008168922876661711,False
1300,0.000007943282347242822,0.01032626705141567,0.9897268252078446,0.01027317479215539,False
1300,0.00001,0.013,0.9870840708594516,0.0129159291405484,False
1300,0.00001258925411794166,0.01636603035332416,0.9837670641557331,0.01623293584426688,False
1300,0.00001584893192461114,0.02060361150199449,0.9796070326987956,0.02039296730120443,False
1300,0.00001995262314968879,0.02593841009459542,0.9743948485155588,0.0256051514844412,False
1300,0.00002511886431509582,0.03265452360962457,0.9678724821117556,0.03212751788824442,False
1300,0.0000316227766016838,0.04110960958218893,0.9597233054099321,0.04027669459006789,False
1300,0.00003981071705534969,0.05175393217195461,0.9495615166319029,0.05043848336809709,False
1300,0.00005011872336272725,0.06515434037154542,0.9369213174090043,0.06307868259099569,False
1300,0.00006309573444801929,0.08202445478242508,0.9212470454552365,0.0787529545447635,False
1300,0.00007943282347242822,0.1032626705141567,0.9018863434040463,0.09811365659595372,False
1300,0.0001,0.13,0.8780897229382886,0.1219102770617114,False
1300,0.0001258925411794167,0.1636603035332418,0.8490216382862722,0.1509783617137278,False
1300,0.0001584893192461114,0.2060361150199448,0.8137903967344524,0.1862096032655476,False
1300,0.0001995262314968879,0.2593841009459543,0.7715066548521368,0.2284933451478632,False
1300,0.000251188643150958,0.3265452360962454,0.7213821494085981,0.2786178505914019,False
1300,0.0003162277660168379,0.4110960958218893,0.6628801266927806,0.3371198733072194,False
1300,0.0003981071705534974,0.5175393217195465,0.5959238627584131,0.4040761372415869,False
1300,0.0005011872336272725,0.6515434037154543,0.5211555450078564,0.4788444549921436,False
1300,0.000630957344480193,0.8202445478242508,0.4402099853920505,0.5597900146079495,False
1300,0.0007943282347242813,1.032626705141566,0.3559243592488335,0.6440756407511665,False
1300,0.001,1.3,0.2723545868194768,0.7276454131805232,False
1300,0.001258925411794167,1.636603035332418,0.194439526629882,0.805560473370118,False
1300,0.001584893192461114,2.060361150199448,0.1271998759179707,0.8728001240820293,False
1300,0.001995262314968879,2.593841009459543,0.07453904825064314,0.9254609517493568,False
1300,0.002511886431509579,3.265452360962453,0.03802313591950683,0.9619768640804932,False
1300,0.003162277660168379,4.110960958218893,0.0162855886523098,0.9837144113476902,False
1300,0.003981071705534973,5.175393217195466,0.005595892422692585,0.9944041075773075,False
1300,0.005011872336272725,6.515434037154542,0.001456358614626009,0.998543641385374,False
1300,0.00630957344480193,8.20244547824251,0.0002669546376487676,0.9997330453623512,False
1300,0.007943282347242814,10.32626705141566,0.00003143785675596301,0.999968562143244,False
1300,0.01,13,0.00000211715657119134,0.9999978828434288,False
1400,0.000001,0.0014,0.9986009788437653,0.001399021156234692,False
1400,0.000001258925411794166,0.001762495576511833,0.9982390555992287,0.001760944400771347,False
1400,0.000001584893192461114,0.00221885046944556,0.9977836076051617,0.002216392394838285,False
1400,0.000001995262314968879,0.00279336724095643,0.9972105278002044,0.00278947219979564,False
1400,0.000002511886431509582,0.003516641004113415,0.996489530734764,0.003510469265236016,False
1400,0.000003162277660168379,0.004427188724235731,0.9955825898605067,0.004417410139493261,False
1400,0.000003981071705534969,0.005573500387748957,0.9944419917173225,0.005558008282677496,False
1400,0.000005011872336272725,0.007016621270781815,0.9930079202819453,0.006992079718054711,False
1400,0.00000630957344480193,0.008833402822722701,0.9912054694337182,0.008794530566281766,False
1400,0.000007943282347242822,0.01112059528613995,0.9889409662810548,0.01105903371894523,False
1400,0.00001,0.014,0.9860974752356388,0.01390252476436116,False
1400,0.00001258925411794166,0.01762495576511832,0.982529346269113,0.01747065373088696,False
1400,0.00001584893192461114,0.0221885046944556,0.9780556775785115,0.02194432242148847,False
1400,0.00001995262314968879,0.0279336724095643,0.9724525941156824,0.02754740588431759,False
1400,0.00002511886431509582,0.03516641004113415,0.9654443167745226,0.03455568322547742,False
1400,0.0000316227766016838,0.04427188724235731,0.9566931395679571,0.0433068604320429,False
1400,0.00003981071705534969,0.05573500387748957,0.9457886839869777,0.05421131601302231,False
1400,0.00005011872336272725,0.07016621270781816,0.9322372178551631,0.06776278214483689,False
1400,0.00006309573444801929,0.08833402822722701,0.9154524865750351,0.08454751342496492,False
1400,0.00007943282347242822,0.1112059528613995,0.8947505006478956,0.1052494993521044,False
1400,0.0001,0.14,0.8693521495067426,0.1306478504932574,False
1400,0.0001258925411794167,0.1762495576511834,0.8383994236677483,0.1616005763322517,False
1400,0.0001584893192461114,0.221885046944556,0.8009933516524125,0.1990066483475875,False
1400,0.0001995262314968879,0.279336724095643,0.7562641225955088,0.2437358774044912,False
1400,0.000251188643150958,0.3516641004113412,0.7034853164230995,0.2965146835769005,False
1400,0.0003162277660168379,0.4427188724235731,0.6422427784581705,0.3577572215418295,False
1400,0.0003981071705534974,0.5573500387748963,0.5726612002195557,0.4273387997804443,False
1400,0.0005011872336272725,0.7016621270781815,0.4956734094098398,0.5043265905901602,False
1400,0.000630957344480193,0.8833402822722701,0.4132844944717721,0.5867155055282279,False
1400,0.0007943282347242813,1.112059528613994,0.3287356216797817,0.6712643783202183,False
1400,0.001,1.4,0.2464242913846615,0.7535757086153385,False
1400,0.001258925411794167,1.762495576511834,0.17142559862789,0.82857440137211,False
1400,0.001584893192461114,2.21885046944556,0.1085428069191839,0.8914571930808162,False
1400,0.001995262314968879,2.79336724095643,0.06104416236395974,0.9389558376360403,False
1400,0.002511886431509579,3.516641004113411,0.02956792513001771,0.9704320748699823,False
1400,0.003162277660168379,4.427188724235731,0.01186451203193984,0.9881354879680602,False
1400,0.003981071705534973,5.573500387748963,0.00375516079553475,0.9962448392044653,False
1400,0.005011872336272725,7.016621270781815,0.0008811669517925736,0.9991188330482075,False
1400,0.00630957344480193,8.833402822722702,0.0001417581525321753,0.9998582418474679,False
1400,0.007943282347242814,11.12059528613994,0.00001416130107746839,0.9999858386989225,False
1400,0.01,14,7.749477765951684e-7,0.9999992250522234,False
1488,0.000001,0.001488,0.9985131057801595,0.001486894219840496,True
1488,0.000001258925411794166,0.001873281012749719,0.9981284713060523,0.001871528693947688,True
1488,0.000001584893192461114,0.002358321070382138,0.9976444557195577,0.002355544280442268,True
1488,0.000001995262314968879,0.002968950324673692,0.9970354496967848,0.002964550303215185,True
1488,0.000002511886431509582,0.003737687010086259,0.9962692847705258,0.003730715229474213,True
1488,0.000003162277660168379,0.004705469158330549,0.9953055768126696,0.004694423187330377,True
1488,0.000003981071705534969,0.005923834697836034,0.9940936648938581,0.005906335106141913,True
1488,0.000005011872336272725,0.007457666036373814,0.992570054805487,0.00742994519451301,True
1488,0.00000630957344480193,0.009388645285865272,0.9906552610952474,0.009344738904752625,True
1488,0.000007943282347242822,0.01181960413269732,0.988249926601901,0.01175007339809897,True
1488,0.00001,0.01488,0.9852300868273616,0.01476991317263843,True
1488,0.00001258925411794166,0.01873281012749719,0.9814414427293319,0.01855855727066813,True
1488,0.00001584893192461114,0.02358321070382138,0.9766925174699203,0.02330748253007975,True
1488,0.00001995262314968879,0.02968950324673691,0.9707466129892156,0.02925338701078439,True
1488,0.00002511886431509582,0.03737687010086258,0.9633125708364062,0.0366874291635938,True
1488,0.0000316227766016838,0.04705469158330549,0.9540345086499002,0.04596549135009975,True
1488,0.00003981071705534969,0.05923834697836035,0.942480993255713,0.057519006744287,True
1488,0.00005011872336272725,0.07457666036373815,0.928134585465958,0.07186541453404205,True
1488,0.00006309573444801929,0.09388645285865271,0.9103834315166025,0.0896165684833975,True
1488,0.00007943282347242822,0.1181960413269732,0.8885176773179878,0.1114823226820122,True
1488,0.0001,0.1488,0.8617350341945229,0.1382649658054771,True
1488,0.0001258925411794167,0.1873281012749721,0.8291618614502934,0.1708381385497066,True
1488,0.0001584893192461114,0.2358321070382138,0.7898985200160337,0.2101014799839663,True
1488,0.0001995262314968879,0.2968950324673691,0.7430999986902158,0.2569000013097842,True
1488,0.000251188643150958,0.3737687010086254,0.6881037506204107,0.3118962493795893,True
1488,0.0003162277660168379,0.4705469158330549,0.6246140552893018,0.3753859447106982,True
1488,0.0003981071705534974,0.592383469783604,0.5529424137542833,0.4470575862457167,True
1488,0.0005011872336272725,0.7457666036373816,0.474281832592171,0.525718167407829,True
1488,0.000630957344480193,0.9388645285865271,0.3909557702463146,0.6090442297536854,True
1488,0.0007943282347242813,1.181960413269731,0.3065329288598579,0.6934670711401421,True
1488,0.001,1.488,0.2256557894266726,0.7743442105733274,True
1488,0.001258925411794167,1.873281012749721,0.1534376223085937,0.8465623776914063,True
1488,0.001584893192461114,2.358321070382138,0.09440210655778232,0.9055978934422176,True
1488,0.001995262314968879,2.968950324673692,0.05120509768176873,0.9487949023182313,True
1488,0.002511886431509579,3.737687010086254,0.02369741736692039,0.9763025826330796,True
1488,0.003162277660168379,4.705469158330549,0.008978478163956969,0.9910215218360431,True
1488,0.003981071705534973,5.923834697836041,0.002643483583587589,0.9973565164164124,True
1488,0.005011872336272725,7.457666036373814,0.0005662826913382156,0.9994337173086618,True
1488,0.00630957344480193,9.388645285865273,0.00008121670206490411,0.999918783297935,True
1488,0.007943282347242814,11.81960413269731,0.000007019648317337114,0.9999929803516827,True
1488,0.01,14.88,3.200144294909126e-7,0.9999996799855705,True
1500,0.000001,0.0015,0.9985011236887915,0.001498876311208486,False
1500,0.000001258925411794166,0.001888388117691249,0.9981133925788978,0.001886607421102249,False
1500,0.000001584893192461114,0.002377339788691671,0.9976254819660745,0.002374518033925521,False
1500,0.000001995262314968879,0.002992893472453318,0.9970115777916418,0.002988422208358155,False
1500,0.000002511886431509582,0.003767829647264373,0.9962392550018179,0.003760744998182131,False
1500,0.000003162277660168379,0.004743416490252569,0.9952678082784772,0.004732191721522838,False
1500,0.000003981071705534969,0.005971607558302454,0.9940461752357522,0.005953824764247773,False
1500,0.000005011872336272725,0.007517808504409087,0.9925103608381931,0.007489639161806894,False
1500,0.00000630957344480193,0.009464360167202894,0.9905802563526059,0.009419743647394063,False
1500,0.000007943282347242822,0.01191492352086423,0.9881557313388201,0.01184426866117994,False
1500,0.00001,0.015,0.9851118657192447,0.01488813428075531,False
1500,0.00001258925411794166,0.01888388117691249,0.9812931856063751,0.01870681439362487,False
1500,0.00001584893192461114,0.02377339788691671,0.9765067792624652,0.02349322073753479,False
1500,0.00001995262314968879,0.02992893472453318,0.970514211197844,0.02948578880215602,False
1500,0.00002511886431509582,0.03767829647264373,0.9630222431353322,0.03697775686466775,False
1500,0.0000316227766016838,0.04743416490252569,0.9536725409678924,0.04632745903210755,False
1500,0.00003981071705534969,0.05971607558302454,0.9420308416990933,0.05796915830090665,False
1500,0.00005011872336272725,0.07517808504409088,0.9275765362641994,0.07242346373580055,False
1500,0.00006309573444801929,0.09464360167202894,0.9096943749353232,0.09030562506467676,False
1500,0.00007943282347242822,0.1191492352086423,0.8876711176133195,0.1123288823866805,False
1500,0.0001,0.15,0.8607015207090731,0.1392984792909269,False
1500,0.0001258925411794167,0.1888388117691251,0.8279101048887579,0.1720898951112421,False
1500,0.0001584893192461114,0.2377339788691671,0.788397543109276,0.211602456890724,False
1500,0.0001995262314968879,0.2992893472453318,0.7413227345845372,0.2586772654154628,False
1500,0.000251188643150958,0.3767829647264369,0.6860324875360851,0.3139675124639149,False
1500,0.0003162277660168379,0.4743416490252569,0.6222479297117882,0.3777520702882118,False
1500,0.0003981071705534974,0.5971607558302461,0.5503066259487059,0.4496933740512941,False
1500,0.0005011872336272725,0.7517808504409088,0.4714372343333139,0.5285627656666861,False
1500,0.000630957344480193,0.9464360167202894,0.3880059040884097,0.6119940959115904,False
1500,0.0007943282347242813,1.191492352086422,0.3036238070056924,0.6963761929943076,False
1500,0.001,1.5,0.2229627637029021,0.7770372362970979,False
1500,0.001258925411794167,1.888388117691251,0.1511356069122121,0.8488643930877879,False
1500,0.001584893192461114,2.377339788691671,0.09262226750514267,0.9073777324948573,False
1500,0.001995262314968879,2.992893472453318,0.04999245155622611,0.9500075484437739,False
1500,0.002511886431509579,3.767829647264369,0.02299290091025381,0.9770070990897461,False
1500,0.003162277660168379,4.743416490252569,0.008643632647327126,0.9913563673526729,False
1500,0.003981071705534973,5.97160755830246,0.002519925605277463,0.9974800743947225,False
1500,0.005011872336272725,7.517808504409087,0.0005331483531141183,0.9994668516468859,False
1500,0.00630957344480193,9.464360167202896,0.00007527636150593854,0.9999247236384941,False
1500,0.007943282347242814,11.91492352086422,0.000006379011449903287,0.99999362098855,False
1500,0.01,15,2.836559490316129e-7,0.9999997163440509,False
1600,0.000001,0.0016,0.9984012785188389,0.001598721481161136,False
1600,0.000001258925411794166,0.002014280658870666,0.9979877453776179,0.002012254622382081,False
1600,0.000001584893192461114,0.002535829107937783,0.9974673813862461,0.002532618613753868,False
1600,0.000001995262314968879,0.003192419703950206,0.9968126674749044,0.003187332525095621,False
1600,0.000002511886431509582,0.004019018290415332,0.9959890421274775,0.00401095787252248,False
1600,0.000003162277660168379,0.005059644256269407,0.9949531262235439,0.005046873776456073,False
1600,0.000003981071705534969,0.006369714728855951,0.9936505163005129,0.006349483699487068,False
1600,0.000005011872336272725,0.00801899573803636,0.9920130507030266,0.007986949296973411,False
1600,0.00000630957344480193,0.01009531751168309,0.9899554376310981,0.01004456236890194,False
1600,0.000007943282347242822,0.01270925175558851,0.987371119885687,0.01262888011431296,False
1600,0.00001,0.016,0.9841272413246495,0.01587275867535054,False
1600,0.00001258925411794166,0.02014280658870666,0.9800585802083119,0.01994141979168806,False
1600,0.00001584893192461114,0.02535829107937783,0.9749603338599375,0.02503966614006248,False
1600,0.00001995262314968879,0.03192419703950206,0.9685796920450455,0.03142030795495454,False
1600,0.00002511886431509582,0.04019018290415331,0.9606062459115414,0.03939375408845858,False
1600,0.0000316227766016838,0.05059644256269407,0.9506614794027718,0.04933852059722821,False
1600,0.00003981071705534969,0.06369714728855951,0.9382879302080136,0.0617120697919864,False
1600,0.00005011872336272725,0.08018995738036361,0.9229391555589721,0.0770608444410279,False
1600,0.00006309573444801929,0.1009531751168309,0.9039724812863228,0.09602751871367721,False
1600,0.00007943282347242822,0.1270925175558852,0.8806477475836134,0.1193522524163866,False
1600,0.0001,0.16,0.8521369713886761,0.1478630286113239,False
1600,0.0001258925411794167,0.2014280658870668,0.8175520192730322,0.1824479807269678,False
1600,0.0001584893192461114,0.2535829107937783,0.7759998066132147,0.2240001933867853,False
1600,0.0001995262314968879,0.3192419703950206,0.7266765411610442,0.2733234588389558,False
1600,0.000251188643150958,0.4019018290415327,0.6690126474109517,0.3309873525890483,False
1600,0.0003162277660168379,0.5059644256269407,0.6028755776127805,0.3971244223872195,False
1600,0.0003981071705534974,0.6369714728855957,0.5288246915400283,0.4711753084599717,False
1600,0.0005011872336272725,0.8018995738036361,0.4483860979762128,0.5516139020237871,False
1600,0.000630957344480193,1.009531751168309,0.3642734813941752,0.6357265186058247,False
1600,0.0007943282347242813,1.27092517555885,0.2804302609786196,0.7195697390213804,False
1600,0.001,1.6,0.2017349576971553,0.7982650423028447,False
1600,0.001258925411794167,2.014280658870668,0.1332471454645772,0.8667528545354227,False
1600,0.001584893192461114,2.535829107937782,0.07903687661386589,0.9209631233861341,False
1600,0.001995262314968879,3.192419703950206,0.04094159237865406,0.959058407621346,False
1600,0.002511886431509579,4.019018290415327,0.01787996587329136,0.9821200341267087,False
1600,0.003162277660168379,5.059644256269407,0.006297130901027367,0.9937028690989727,False
1600,0.003981071705534973,6.369714728855957,0.001691012822589058,0.9983089871774109,False
1600,0.005011872336272725,8.018995738036359,0.0003225803757733396,0.9996774196242266,False
1600,0.00630957344480193,10.09531751168309,0.00003997322552779881,0.9999600267744722,False
1600,0.007943282347242814,12.7092517555885,0.000002873449752631888,0.9999971265502474,False
1600,0.01,16,1.03827251140121e-7,0.9999998961727489,False
1700,0.000001,0.0017,0.9983014433329089,0.001698556667091067,False
1700,0.000001258925411794166,0.002140173200050082,0.997862113993398,0.00213788600660203,False
1700,0.000001584893192461114,0.002694318427183894,0.9973093058617054,0.002690694138294591,False
1700,0.000001995262314968879,0.003391945935447094,0.9966137968420733,0.003386203157926704,False
1700,0.000002511886431509582,0.00427020693356629,0.9957388920959555,0.004261107904044548,False
1700,0.000003162277660168379,0.005375872022286244,0.9946385436642389,0.005361456335761128,False
1700,0.000003981071705534969,0.006767821899409447,0.9932550148488964,0.006744985151103555,False
1700,0.000005011872336272725,0.008520182971663633,0.9915159897515263,0.008484010248473672,False
1700,0.00000630957344480193,0.01072627485616328,0.9893310130204481,0.01066898697955188,False
1700,0.000007943282347242822,0.0135035799903128,0.986587131426595,0.01341286857340496,False
1700,0.00001,0.017,0.983143601067219,0.01685639893278101,False
1700,0.00001258925411794166,0.02140173200050082,0.9788255281181809,0.02117447188181909,False
1700,0.00001584893192461114,0.02694318427183894,0.9734163374863707,0.02658366251362931,False
1700,0.00001995262314968879,0.03391945935447094,0.9666490289556712,0.03335097104432883,False
1700,0.00002511886431509582,0.0427020693356629,0.9581963098588471,0.04180369014115293,False
1700,0.0000316227766016838,0.05375872022286245,0.9476599247610021,0.05234007523899786,False
1700,0.00003981071705534969,0.06767821899409449,0.9345598901901488,0.06544010980985115,False
1700,0.00005011872336272725,0.08520182971663633,0.918324959247662,0.081675040752338,False
1700,0.00006309573444801929,0.1072627485616328,0.8982865778202151,0.1017134221797849,False
1700,0.00007943282347242822,0.135035799903128,0.8736799473765537,0.1263200526234463,False
1700,0.0001,0.17,0.8436576449978271,0.1563423550021729,False
1700,0.0001258925411794167,0.2140173200050085,0.8073235249462509,0.1926764750537491,False
1700,0.0001584893192461114,0.2694318427183894,0.7637970274347772,0.2362029725652228,False
1700,0.0001995262314968879,0.3391945935447094,0.7123197102132865,0.2876802897867135,False
1700,0.000251188643150958,0.4270206933566285,0.6524150539915471,0.3475849460084529,False
1700,0.0003162277660168379,0.5375872022286245,0.5841063420657584,0.4158936579342416,False
1700,0.0003981071705534974,0.6767821899409455,0.5081813323622835,0.4918186676377165,False
1700,0.0005011872336272725,0.8520182971663633,0.4264620573354802,0.5735379426645197,False
1700,0.000630957344480193,1.072627485616328,0.3419926548767079,0.6580073451232921,False
1700,0.0007943282347242813,1.350357999031278,0.2590084488040897,0.7409915511959102,False
1700,0.001,1.7,0.1825282055227024,0.8174717944772976,False
1700,0.001258925411794167,2.140173200050085,0.1174759683518602,0.8825240316481399,False
1700,0.001584893192461114,2.694318427183894,0.06744412583646389,0.9325558741635361,False
1700,0.001995262314968879,3.391945935447094,0.03352934161699671,0.9664706583830033,False
1700,0.002511886431509579,4.270206933566285,0.01390399501471755,0.9860960049852825,False
1700,0.003162277660168379,5.375872022286245,0.004587637999277528,0.9954123620007225,False
1700,0.003981071705534973,6.767821899409455,0.001134765391554389,0.9988652346084456,False
1700,0.005011872336272725,8.520182971663631,0.0001951766299684991,0.9998048233700315,False
1700,0.00630957344480193,10.72627485616328,0.00002122656737294897,0.9999787734326271,False
1700,0.007943282347242814,13.50357999031278,0.000001294356272244258,0.9999987056437277,False
1700,0.01,17,3.800413182278205e-8,0.9999999619958682,False
1800,0.000001,0.0018,0.9982016181300035,0.001798381869996479,False
1800,0.000001258925411794166,0.002266065741229499,0.9977364984242466,0.002263501575753391,False
1800,0.000001584893192461114,0.002852807746430005,0.9971512553884815,0.002848744611518517,False
1800,0.000001995262314968879,0.003591472166943982,0.9964149658852314,0.003585034114768626,False
1800,0.000002511886431509582,0.004521395576717248,0.9954888048914683,0.004511195108531707,False
1800,0.000003162277660168379,0.005692099788303082,0.9943240605691035,0.005675939430896504,False
1800,0.000003981071705534969,0.007165929069962944,0.9928596708182199,0.007140329181780092,False
1800,0.000005011872336272725,0.009021370205290905,0.9910191778588356,0.008980822141164357,False
1800,0.00000630957344480193,0.01135723220064347,0.9887069822720668,0.01129301772793323,False
1800,0.000007943282347242822,0.01429790822503708,0.9858037654668771,0.01419623453312291,False
1800,0.00001,0.018,0.9821609439633029,0.01783905603669711,False
1800,0.00001258925411794166,0.02266065741229499,0.9775940273817012,0.0224059726182988,False
1800,0.00001584893192461114,0.02852807746430006,0.9718747862633591,0.0281252137366409,False
1800,0.00001995262314968879,0.03591472166943981,0.9647222142434572,0.03527778575654283,False
1800,0.00002511886431509582,0.04521395576717248,0.9557924197711907,0.04420758022880933,False
1800,0.0000316227766016838,0.05692099788303083,0.9446678470260628,0.05533215297393723,False
1800,0.00003981071705534969,0.07165929069962945,0.9308466625576163,0.06915333744238372,False
1800,0.00005011872336272725,0.09021370205290906,0.9137338314208464,0.08626616857915359,False
1800,0.00006309573444801929,0.1135723220064347,0.8926364381620719,0.1073635618379281,False
1800,0.00007943282347242822,0.1429790822503708,0.8667672773164329,0.1332327226835671,False
1800,0.0001,0.18,0.835262693512019,0.164737306487981,False
1800,0.0001258925411794167,0.2266065741229501,0.7972230005757864,0.2027769994242136,False
1800,0.0001584893192461114,0.2852807746430006,0.7517861398243642,0.2482138601756358,False
1800,0.0001995262314968879,0.3591472166943982,0.6982465248536103,0.3017534751463897,False
1800,0.000251188643150958,0.4521395576717243,0.6362292317223323,0.3637707682776677,False
1800,0.0003162277660168379,0.5692099788303083,0.5659214463329556,0.4340785536670444,False
1800,0.0003981071705534974,0.7165929069962952,0.4883438135413879,0.511656186458612,False
1800,0.0005011872336272725,0.9021370205290905,0.4056100025573467,0.5943899974426533,False
1800,0.000630957344480193,1.135723220064347,0.3210746375003328,0.6789253624996672,False
1800,0.0007943282347242813,1.429790822503706,0.2392230293470913,0.7607769706529087,False
1800,0.001,1.8,0.1651500869836983,0.8348499130163017,False
1800,0.001258925411794167,2.266065741229502,0.1035714730855232,0.8964285269144768,False
1800,0.001584893192461114,2.852807746430005,0.05755174425815771,0.9424482557418423,False
1800,0.001995262314968879,3.591472166943982,0.02745903820427381,0.9725409617957261,False
1800,0.002511886431509579,4.521395576717243,0.01081216142912602,0.989187838570874,False
1800,0.003162277660168379,5.692099788303083,0.003342224060957893,0.9966577759390421,False
1800,0.003981071705534973,7.165929069962952,0.0007614918566365686,0.9992385081433635,False
1800,0.005011872336272725,9.021370205290903,0.0001180912409644753,0.9998819087590355,False
1800,0.00630957344480193,11.35723220064347,0.00001127172392242906,0.9999887282760775,False
1800,0.007943282347242814,14.29790822503706,5.830476617743307e-7,0.9999994169523382,False
1800,0.01,18,1.391074134914935e-8,0.9999999860892587,False
1900,0.000001,0.0019,0.9981018029091242,0.001898197090875797,False
1900,0.000001258925411794166,0.002391958282408916,0.997610898668173,0.002389101331827015,False
1900,0.000001584893192461114,0.003011297065676117,0.9969932299626045,0.003006770037395468,False
1900,0.000001995262314968879,0.00379099839844087,0.9962161745964631,0.003783825403536945,False
1900,0.000002511886431509582,0.004772584219868206,0.9952387804982364,0.004761219501763558,False
1900,0.000003162277660168379,0.006008327554319921,0.9940096769066894,0.005990323093310601,False
1900,0.000003981071705534969,0.007564036240516442,0.9924644841458253,0.007535515854174668,False
1900,0.000005011872336272725,0.009522557438918177,0.9905226149001604,0.009477385099839641,False
1900,0.00000630957344480193,0.01198818954512367,0.9880833451375212,0.01191665486247884,False
1900,0.000007943282347242822,0.01509223645976136,0.9850210215122587,0.01497897848774132,False
1900,0.00001,0.019,0.9811792690302344,0.01882073096976555,False
1900,0.00001258925411794166,0.02391958282408916,0.9763640760470509,0.02363592395294911,False
1900,0.00001584893192461114,0.03011297065676117,0.9703356763186388,0.02966432368136118,False
1900,0.00001995262314968879,0.03790998398440869,0.9627992402374601,0.03720075976253989,False
1900,0.00002511886431509582,0.04772584219868206,0.9533945604806623,0.04660543951933771,False
1900,0.0000316227766016838,0.06008327554319921,0.9416852162762054,0.05831478372379462,False
1900,0.00003981071705534969,0.07564036240516442,0.9271481884573033,0.07285181154269671,False
1900,0.00005011872336272725,0.09522557438918178,0.9091656567485866,0.09083434325141337,False
1900,0.00006309573444801929,0.1198818954512367,0.8870218373608423,0.1129781626391577,False
1900,0.00007943282347242822,0.1509223645976136,0.8599093012063145,0.1400906987936855,False
1900,0.0001,0.19,0.8269512773451485,0.1730487226548515,False
1900,0.0001258925411794167,0.2391958282408918,0.7872488451137036,0.2127511548862964,False
1900,0.0001584893192461114,0.3011297065676117,0.7399641262420087,0.2600358737579913,False
1900,0.0001995262314968879,0.379099839844087,0.6844513811419862,0.3155486188580138,False
1900,0.000251188643150958,0.4772584219868201,0.6204449649367436,0.3795550350632564,False
1900,0.0003162277660168379,0.6008327554319921,0.5483026982499855,0.4516973017500145,False
1900,0.0003981071705534974,0.756403624051645,0.4692806780516157,0.5307193219483843,False
1900,0.0005011872336272725,0.9522557438918178,0.3857775184092171,0.6142224815907829,False
1900,0.000630957344480193,1.198818954512367,0.3014360728979247,0.6985639271020753,False
1900,0.0007943282347242813,1.509223645976135,0.2209490000586254,0.7790509999413746,False
1900,0.001,1.9,0.1494265017979962,0.8505734982020039,False
1900,0.001258925411794167,2.391958282408918,0.09131271857215889,0.9086872814278411,False
1900,0.001584893192461114,3.011297065676117,0.04911032986308846,0.9508896701369115,False
1900,0.001995262314968879,3.79099839844087,0.02248772993268533,0.9775122700673147,False
1900,0.002511886431509579,4.772584219868201,0.008407859370327552,0.9915921406296725,False
1900,0.003162277660168379,6.008327554319921,0.002434904775704844,0.9975650952242952,False
1900,0.003981071705534973,7.564036240516449,0.0005110041705885206,0.9994889958294115,False
1900,0.005011872336272725,9.522557438918177,0.00007145087603357291,0.9999285491239664,False
1900,0.00630957344480193,11.98818954512367,0.000005985506650753791,0.9999940144933492,False
1900,0.007943282347242814,15.09223645976135,2.62636016984019e-7,0.9999997373639831,False
1900,0.01,19,5.091781224875455e-9,0.9999999949082188,False
2000,0.000001,0.002,0.998001997669273,0.001998002330727,False
2000,0.000001258925411794166,0.002517850823588332,0.9974853147231866,0.002514685276813422,False
2000,0.000001584893192461114,0.003169786384922228,0.9968352295801048,0.003164770419895158,False
2000,0.000001995262314968879,0.003990524629937758,0.9960174229678542,0.003982577032145773,False
2000,0.000002511886431509582,0.005023772863019165,0.9949888189004845,0.005011181099515483,False
2000,0.000003162277660168379,0.006324555320336759,0.9936953926455582,0.006304607354441827,False
2000,0.000003981071705534969,0.007962143411069938,0.9920694547690794,0.007930545230920627,False
2000,0.000005011872336272725,0.01002374467254545,0.990026300750769,0.009973699249230972,False
2000,0.00000630957344480193,0.01261914688960386,0.9874601013685355,0.01253989863146454,False
2000,0.000007943282347242822,0.01588656469448564,0.9842388990688576,0.01576110093114236,False
2000,0.00001,0.02,0.9801985752863286,0.01980142471367141,False
2000,0.00001258925411794166,0.02517850823588332,0.9751356721648637,0.02486432783513626,False
2000,0.00001584893192461114,0.03169786384922228,0.9687990037860785,0.03120099621392147,False
2000,0.00001995262314968879,0.03990524629937757,0.9608800992820274,0.03911990071797256,False
2000,0.00002511886431509582,0.05023772863019164,0.9510027168574045,0.04899728314259555,False
2000,0.0000316227766016838,0.0632455532033676,0.9387120026841542,0.06128799731584578,False
2000,0.00003981071705534969,0.07962143411069939,0.9234644092699346,0.07653559073006544,False
2000,0.00005011872336272725,0.1002374467254545,0.9046203204775316,0.0953796795224684,False
2000,0.00006309573444801929,0.1261914688960386,0.8814425518803966,0.1185574481196034,False
2000,0.00007943282347242822,0.1588656469448564,0.8531055863005099,0.1468944136994901,False
2000,0.0001,0.2,0.8187225652655495,0.1812774347344505,False
2000,0.0001258925411794167,0.2517850823588335,0.7773994775429761,0.2226005224570239,False
2000,0.0001584893192461114,0.3169786384922229,0.7283280165992683,0.2716719834007317,False
2000,0.0001995262314968879,0.3990524629937757,0.6709287858545226,0.3290712141454774,False
2000,0.000251188643150958,0.5023772863019159,0.6050522914095851,0.3949477085904149,False
2000,0.0003162277660168379,0.6324555320336759,0.5312324720264052,0.4687675279735948,False
2000,0.0003981071705534974,0.7962143411069947,0.4509616968331265,0.5490383031668735,False
2000,0.0005011872336272725,1.002374467254545,0.3669147525249516,0.6330852474750484,False
2000,0.000630957344480193,1.261914688960386,0.2829987032034842,0.7170012967965158,False
2000,0.0007943282347242813,1.588656469448563,0.2040709072205386,0.7959290927794614,False
2000,0.001,2,0.1351999253974994,0.8648000746025005,False
2000,0.001258925411794167,2.517850823588335,0.08050491438075091,0.9194950856192491,False
2000,0.001584893192461114,3.169786384922228,0.04190706172940176,0.9580929382705983,False
2000,0.001995262314968879,3.990524629937758,0.01841644975921565,0.9815835502407844,False
2000,0.002511886431509579,5.023772863019158,0.006538202343221863,0.9934617976567781,False
2000,0.003162277660168379,6.324555320336759,0.001773897009481481,0.9982261029905185,False
2000,0.003981071705534973,7.962143411069947,0.0003429127443492638,0.9996570872556507,False
2000,0.005011872336272725,10.02374467254545,0.00004323121379934335,0.9999567687862007,False
2000,0.00630957344480193,12.61914688960386,0.00000317842151855129,0.9999968215784815,False
2000,0.007943282347242814,15.88656469448563,1.183053838297147e-7,0.9999998816946162,False
2000,0.01,20,1.863756602992233e-9,0.9999999981362434,False
2100,0.000001,0.0021,0.9979022024094517,0.002097797590548289,False
2100,0.000001258925411794166,0.002643743364767749,0.9973597465872969,0.002640253412703131,False
2100,0.000001584893192461114,0.003328275704168339,0.9966772542370139,0.003322745762986079,False
2100,0.000001995262314968879,0.004190050861434646,0.9958187109914924,0.00418128900850756,False
2100,0.000002511886431509582,0.005274961506170123,0.9947389200824409,0.005261079917559086,False
2100,0.000003162277660168379,0.006640783086353596,0.9933812077542813,0.006618792245718708,False
2100,0.000003981071705534969,0.008360250581623435,0.991674582625374,0.008325417374625999,False
2100,0.000005011872336272725,0.01052493190617272,0.9895302352859924,0.01046976471400762,False
2100,0.00000630957344480193,0.01325010423408405,0.9868372507169901,0.01316274928300987,False
2100,0.000007943282347242822,0.01668089292920993,0.9834573976431844,0.01654260235681559,False
2100,0.00001,0.021,0.9792188617508818,0.0207811382491182,False
2100,0.00001258925411794166,0.02643743364767749,0.973908813788226,0.02609118621177398,False
2100,0.00001584893192461114,0.0332827570416834,0.9672647648056691,0.03273523519433086,False
2100,0.00001995262314968879,0.04190050861434645,0.9589647837367663,0.0410352162632337,False
2100,0.00002511886431509582,0.05274961506170123,0.9486168738095174,0.05138312619048258,False
2100,0.0000316227766016838,0.06640783086353597,0.9357481765168085,0.06425182348319147,False
2100,0.00003981071705534969,0.08360250581623437,0.9197952666091428,0.08020473339085721,False
2100,0.00005011872336272725,0.1052493190617272,0.9000977084280347,0.09990229157196528,False
2100,0.00006309573444801929,0.1325010423408405,0.8758983595906269,0.1241016404093731,False
2100,0.00007943282347242822,0.1668089292920993,0.8463557032772708,0.1536442967227292,False
2100,0.0001,0.21,0.8105757343128609,0.1894242656871391,False
2100,0.0001258925411794167,0.2643743364767752,0.7676733366268769,0.2323266633731231,False
2100,0.0001584893192461114,0.332827570416834,0.7168748875130387,0.2831251124869613,False
2100,0.0001995262314968879,0.4190050861434645,0.6576733542960641,0.3423266457039359,False
2100,0.000251188643150958,0.5274961506170117,0.5900414960693787,0.4099585039306213,False
2100,0.0003162277660168379,0.6640783086353597,0.5146936906128802,0.4853063093871198,False
2100,0.0003981071705534974,0.8360250581623444,0.433357820856721,0.566642179143279,False
2100,0.0005011872336272725,1.052493190617272,0.3489742900923538,0.6510257099076462,False
2100,0.000630957344480193,1.325010423408405,0.2656890572017704,0.7343109427982295,False
2100,0.0007943282347242813,1.668089292920991,0.188482116519033,0.811517883480967,False
2100,0.001,2.1,0.1223278307900168,0.8776721692099833,False
2100,0.001258925411794167,2.643743364767752,0.07097632554144646,0.9290236744585535,False
2100,0.001584893192461114,3.32827570416834,0.03576033448946265,0.9642396655105373,False
2100,0.001995262314968879,4.190050861434646,0.01508225253277993,0.9849177474672201,False
2100,0.002511886431509579,5.274961506170117,0.005084301246970843,0.9949156987530292,False
2100,0.003162277660168379,6.640783086353597,0.001292334152712993,0.998707665847287,False
2100,0.003981071705534973,8.360250581623443,0.0002301138757864085,0.9997698861242136,False
2100,0.005011872336272725,10.52493190617272,0.00002615696196203906,0.9999738430380379,False
2100,0.00630957344480193,13.25010423408405,0.000001687804214254383,0.9999983121957857,False
2100,0.007943282347242814,16.68089292920991,5.329110608598583e-8,0.9999999467088939,False
2100,0.01,21,6.821951929566875e-1,0.9999999993178048,False
2200,0.000001,0.0022,0.9978024171286625,0.002197582871337533,False
2200,0.000001258925411794166,0.002769635905947165,0.9972341942585138,0.002765805741486216,False
2200,0.000001584893192461114,0.003486765023414451,0.9965193039293634,0.003480696070636613,False
2200,0.000001995262314968879,0.004389577092931534,0.9956200386594668,0.004379961340533201,False
2200,0.000002511886431509582,0.005526150149321081,0.994489084028338,0.005510915971661978,False
2200,0.000003162277660168379,0.006957010852370434,0.9930671222014401,0.006932877798559889,False
2200,0.000003981071705534969,0.008758357752176931,0.9912798676521259,0.008720132347874054,False
2200,0.000005011872336272725,0.0110261191398,0.9890344183812239,0.01096558161877614,False
2200,0.00000630957344480193,0.01388106157856425,0.9862147929349224,0.01378520706507758,False
2200,0.000007943282347242822,0.01747522116393421,0.9826765167421407,0.01732348325785926,False
2200,0.00001,0.022,0.9782401274441707,0.02175987255582934,False
2200,0.00001258925411794166,0.02769635905947165,0.9726834989726735,0.02731650102732652,False
2200,0.00001584893192461114,0.03486765023414451,0.9657329555235149,0.0342670444764851,False
2200,0.00001995262314968879,0.04389577092931533,0.9570532859765137,0.04294671402348627,False
2200,0.00002511886431509582,0.05526150149321081,0.946237016282963,0.05376298371703703,False
2200,0.0000316227766016838,0.06957010852370435,0.9327937081349446,0.06720629186505545,False
2200,0.00003981071705534969,0.08758357752176933,0.916140702320544,0.08385929767945599,False
2200,0.00005011872336272725,0.1102611913979999,0.8955977069912857,0.1044022930087143,False
2200,0.00006309573444801929,0.1388106157856424,0.8703890397586033,0.1296109602413967,False
2200,0.00007943282347242822,0.1747522116393421,0.8396592262116986,0.1603407737883014,False
2200,0.0001,0.22,0.8025099697157211,0.1974900302842789,False
2200,0.0001258925411794167,0.2769635905947168,0.7580688806615044,0.2419311193384956,False
2200,0.0001584893192461114,0.3486765023414451,0.7056018615711018,0.2943981384288982,False
2200,0.0001995262314968879,0.4389577092931533,0.6446798081560068,0.3553201918439932,False
2200,0.000251188643150958,0.5526150149321075,0.5754031048667068,0.4245968951332932,False
2200,0.0003162277660168379,0.6957010852370434,0.4986698086173085,0.5013301913826915,False
2200,0.0003981071705534974,0.8758357752176942,0.4164411350598117,0.5835588649401883,False
2200,0.0005011872336272725,1.102611913979999,0.3319110346678703,0.6680889653321297,False
2200,0.000630957344480193,1.388106157856425,0.2494381575522942,0.7505618424477059,False
2200,0.0007943282347242813,1.747522116393419,0.1740841393384019,0.8259158606615981,False
2200,0.001,2.2,0.1106812606722618,0.8893187393277382,False
2200,0.001258925411794167,2.769635905947168,0.06257554369339108,0.937424456306609,False
2200,0.001584893192461114,3.486765023414451,0.0305151797817658,0.9694848202182342,False
2200,0.001995262314968879,4.389577092931534,0.01235169342824708,0.987648306571753,False
2200,0.002511886431509579,5.526150149321075,0.003953704369022476,0.9960462956309776,False
2200,0.003162277660168379,6.957010852370435,0.000941501988752209,0.9990584980112478,False
2200,0.003981071705534973,8.758357752176941,0.0001544194454770964,0.9998455805545229,False
2200,0.005011872336272725,11.02611913979999,0.00001582621904300893,0.9999841737809569,False
2200,0.00630957344480193,13.88106157856425,8.962571669705006e-7,0.9999991037428331,False
2200,0.007943282347242814,17.47522116393419,2.400517961173706e-8,0.9999999759948204,False
2200,0.01,22,2.497055036832786e-1,0.9999999997502945,False
2300,0.000001,0.0023,0.9977026418259074,0.002297358174092601,False
2300,0.000001258925411794166,0.002895528447126582,0.9971086577348476,0.002891342265152419,False
2300,0.000001584893192461114,0.003645254342660562,0.9963613786531857,0.003638621346814253,False
2300,0.000001995262314968879,0.004589103324428421,0.9954214059638681,0.004578594036131922,False
2300,0.000002511886431509582,0.005777338792472039,0.9942393107224122,0.005760689277587772,False
2300,0.000003162277660168379,0.007273238618387272,0.9927531359556261,0.007246864044373913,False
2300,0.000003981071705534969,0.00915646492273043,0.9908853097867769,0.009114690213223087,False
2300,0.000005011872336272725,0.01152730637342727,0.9885388499119192,0.0114611500880808,False
2300,0.00000630957344480193,0.01451201892304444,0.9855927277745258,0.01440727222547422,False
2300,0.000007943282347242822,0.01826954939865849,0.9818962558730202,0.01810374412697979,False
2300,0.00001,0.023,0.977262371387451,0.02273762861254902,False
2300,0.00001258925411794166,0.02895528447126582,0.9714597257761883,0.02854027422381167,False
2300,0.00001584893192461114,0.03645254342660562,0.9642035720918229,0.03579642790817705,False
2300,0.00001995262314968879,0.04589103324428421,0.9551455983913054,0.04485440160869458,False
2300,0.00002511886431509582,0.05777338792472039,0.9438631292614702,0.0561368707385298,False
2300,0.0000316227766016838,0.07273238618387273,0.9298485679929195,0.07015143200708052,False
2300,0.00003981071705534969,0.0915646492273043,0.9125006584808151,0.08749934151918493,False
2300,0.00005011872336272725,0.1152730637342727,0.8911202031264571,0.1088797968735429,False
2300,0.00006309573444801929,0.1451201892304444,0.8649143730397852,0.1350856269602148,False
2300,0.00007943282347242822,0.1826954939865849,0.8330157325488685,0.1669842674511315,False
2300,0.0001,0.23,0.7945244648102826,0.2054755351897174,False
2300,0.0001258925411794167,0.2895528447126585,0.7485845872314052,0.2514154127685948,False
2300,0.0001584893192461114,0.3645254342660563,0.6945061066092216,0.3054938933907784,False
2300,0.0001995262314968879,0.4589103324428421,0.6319429734064763,0.3680570265935237,False
2300,0.000251188643150958,0.5777338792472033,0.5611278787946739,0.4388721212053261,False
2300,0.0003162277660168379,0.7273238618387272,0.4831447957528162,0.5168552042471839,False
2300,0.0003981071705534974,0.915646492273044,0.4001848140805619,0.5998151859194381,False
2300,0.0005011872336272725,1.152730637342727,0.31568209481891,0.68431790518109,False
2300,0.000630957344480193,1.451201892304444,0.2341812459209876,0.7658187540790125,False
2300,0.0007943282347242813,1.826954939865847,0.160786010518573,0.839213989481427,False
2300,0.001,2.3,0.1001435354889078,0.8998564645110921,False
2300,0.001258925411794167,2.895528447126585,0.05516908122042656,0.9448309187795735,False
2300,0.001584893192461114,3.645254342660563,0.02603935926236579,0.9739606407376342,False
2300,0.001995262314968879,4.589103324428422,0.01011548707421634,0.9898845129257836,False
2300,0.002511886431509579,5.777338792472032,0.003074518498867591,0.9969254815011324,False
2300,0.003162277660168379,7.273238618387273,0.000685910832708006,0.999314089167292,False
2300,0.003981071705534973,9.156464922730439,0.000103624195020674,0.9998963758049794,False
2300,0.005011872336272725,11.52730637342727,0.000009575623100297283,0.9999904243768997,False
2300,0.00630957344480193,14.51201892304444,4.759301479175708e-7,0.999999524069852,False
2300,0.007943282347242814,18.26954939865847,1.081322364114516e-8,0.9999999891867764,False
2300,0.01,23,9.140029014200144e-11,0.9999999999085997,False
2400,0.000001,0.0024,0.9976028765001886,0.00239712349981136,False
2400,0.000001258925411794166,0.003021420988305999,0.9969831370143085,0.003016862985691482,False
2400,0.000001584893192461114,0.003803743661906674,0.9962034784045141,0.003796521595485935,False
2400,0.000001995262314968879,0.004788629555925309,0.9952228128967885,0.004777187103211511,False
2400,0.000002511886431509582,0.006028527435622997,0.9939896001489039,0.006010399851096082,False
2400,0.000003162277660168379,0.00758946638440411,0.9924392489854403,0.007560751014559663,False
2400,0.000003981071705534969,0.009554572093283926,0.9904909089667933,0.00950909103320674,False
2400,0.000005011872336272725,0.01202849360705454,0.9880435297535967,0.01195647024640334,False
2400,0.00000630957344480193,0.01514297626752463,0.98497105498815,0.01502894501185004,False
2400,0.000007943282347242822,0.01906387763338277,0.9811166145435076,0.01888338545649237,False
2400,0.00001,0.024,0.9762855926029568,0.02371440739704322,False
2400,0.00001258925411794166,0.03021420988305999,0.970237492259196,0.02976250774080402,False
2400,0.00001584893192461114,0.03803743661906674,0.9626766106688942,0.03732338933110579,False
2400,0.00001995262314968879,0.04788629555925308,0.9532417133863464,0.04675828661365355,False
2400,0.00002511886431509582,0.06028527435622998,0.9414951977664405,0.05850480223355947,False
2400,0.0000316227766016838,0.0758946638440411,0.9269127266383762,0.07308727336162379,False
2400,0.00003981071705534969,0.09554572093283926,0.908875077396776,0.09112492260322402,False
2400,0.00005011872336272725,0.1202849360705454,0.8866650843578643,0.1133349156421357,False
2400,0.00006309573444801929,0.1514297626752463,0.8594741414692895,0.1405258585307105,False
2400,0.00007943282347242822,0.1906387763338277,0.8264248030771653,0.1735751969228347,False
2400,0.0001,0.24,0.7866184209595365,0.2133815790404635,False
2400,0.0001258925411794167,0.3021420988306002,0.7392189529682536,0.2607810470317464,False
2400,0.0001584893192461114,0.3803743661906674,0.6835848349996104,0.3164151650003896,False
2400,0.0001995262314968879,0.4788629555925309,0.6194577782420306,0.3805422217579694,False
2400,0.000251188643150958,0.6028527435622991,0.5472068080577165,0.4527931919422835,False
2400,0.0003162277660168379,0.7589466384404111,0.4681031208010619,0.531896879198938,False
2400,0.0003981071705534974,0.9554572093283936,0.3845630797200006,0.6154369202799994,False
2400,0.0005011872336272725,1.202849360705454,0.3002466763088371,0.6997533236911629,False
2400,0.000630957344480193,1.514297626752463,0.2198575249242241,0.7801424750757759,False
2400,0.0007943282347242813,1.906387763338275,0.1485037136451858,0.8514962863548141,False
2400,0.001,2.4,0.09060908449456684,0.9093909155054332,False
2400,0.001258925411794167,3.021420988306002,0.0486392501456999,0.9513607498543001,False
2400,0.001584893192461114,3.803743661906674,0.02222003067469128,0.9777799693253088,False
2400,0.001995262314968879,4.78862955592531,0.008284133616418568,0.9917158663835814,False
2400,0.002511886431509579,6.028527435622991,0.002390837330666715,0.9976091626693333,False
2400,0.003162277660168379,7.58946638440411,0.0004997054451788448,0.9995002945548211,False
2400,0.003981071705534973,9.554572093283936,0.00006953770466217188,0.9999304622953378,False
2400,0.005011872336272725,12.02849360705454,0.000005793712162694423,0.9999942062878373,False
2400,0.00630957344480193,15.14297626752463,2.527282503776019e-7,0.9999997472717497,False
2400,0.007943282347242814,19.06387763338275,4.870857348480369e-9,0.9999999951291426,False
2400,0.01,24,3.345546219372923e-11,0.9999999999665445,False
2500,0.000001,0.0025,0.9975031211505087,0.002496878849491346,False
2500,0.000001258925411794166,0.003147313529485415,0.9968576320949072,0.003142367905092813,False
2500,0.000001584893192461114,0.003962232981152785,0.9960456031793821,0.003954396820617934,False
2500,0.000001995262314968879,0.004988155787422197,0.9950242594503219,0.004975740549678087,False
2500,0.000002511886431509582,0.006279716078773956,0.9937399522920574,0.00626004770794264,False
2500,0.000003162277660168379,0.007905694150420948,0.9921254612594942,0.00787453874050581,False
2500,0.000003981071705534969,0.009952679263837423,0.9900966651296665,0.009903334870333458,False
2500,0.000005011872336272725,0.01252968084068181,0.9875484577818369,0.01245154221816314,False
2500,0.00000630957344480193,0.01577393361200483,0.9843497743283012,0.01565022567169883,False
2500,0.000007943282347242822,0.01985820586810706,0.9803375922616786,0.0196624077383214,False
2500,0.00001,0.025,0.9753097901138995,0.02469020988610049,False
2500,0.00001258925411794166,0.03147313529485415,0.9690167964845624,0.0309832035154376,False
2500,0.00001584893192461114,0.03962232981152785,0.9611520674191133,0.0388479325808867,False
2500,0.00001995262314968879,0.04988155787422197,0.9513416233819803,0.04865837661801975,False
2500,0.00002511886431509582,0.06279716078773956,0.9391332068568531,0.06086679314314691,False
2500,0.0000316227766016838,0.07905694150420949,0.923986154711948,0.076013845288052,False
2500,0.00003981071705534969,0.09952679263837423,0.9052639016044752,0.09473609839552477,False
2500,0.00005011872336272725,0.1252968084068181,0.8822322387721403,0.1177677612278597,False
2500,0.00006309573444801929,0.1577393361200482,0.8540681284532115,0.1459318715467885,False
2500,0.00007943282347242822,0.1985820586810705,0.8198860219018309,0.1801139780981691,False
2500,0.0001,0.25,0.7787910474734403,0.2212089525265597,False
2500,0.0001258925411794167,0.3147313529485419,0.7299704933125508,0.2700295066874492,False
2500,0.0001584893192461114,0.3962232981152786,0.6728353029505816,0.3271646970494184,False
2500,0.0001995262314968879,0.4988155787422197,0.6072192510600676,0.3927807489399324,False
2500,0.000251188643150958,0.6279716078773949,0.5336311063850796,0.4663688936149204,False
2500,0.0003162277660168379,0.7905694150420949,0.4535297360748119,0.5464702639251882,False
2500,0.0003981071705534974,0.9952679263837434,0.369551160064659,0.630448839935341,False
2500,0.0005011872336272725,1.252968084068181,0.2855659795536289,0.7144340204463711,False
2500,0.000630957344480193,1.577393361200482,0.2064099158568606,0.7935900841431394,False
2500,0.0007943282347242813,1.985820586810703,0.1371596502412371,0.8628403497587629,False
2500,0.001,2.5,0.0819823881078466,0.9180176118921534,False
2500,0.001258925411794167,3.147313529485419,0.04288229208102218,0.9571177079189778,False
2500,0.001584893192461114,3.962232981152785,0.01896090292428201,0.981039097075718,False
2500,0.001995262314968879,4.988155787422198,0.00678433665835046,0.9932156633416496,False
2500,0.002511886431509579,6.279716078773949,0.001859186452712807,0.9981408135472872,False
2500,0.003162277660168379,7.905694150420948,0.0003640495528486392,0.9996359504471514,False
2500,0.003981071705534973,9.952679263837434,0.00004666373879882699,0.9999533362612012,False
2500,0.005011872336272725,12.52968084068181,0.000003505474293689689,0.9999964945257063,False
2500,0.00630957344480193,15.77393361200483,1.342036616473939e-7,0.9999998657963384,False
2500,0.007943282347242814,19.85820586810704,2.194096052815257e-9,0.999999997805904,False
2500,0.01,25,1.224578115514872e-11,0.9999999999877542,False
2600,0.000001,0.0026,0.9974033757758699,0.002596624224130095,False
2600,0.000001258925411794166,0.003273206070664832,0.9967321429746545,0.003267857025345489,False
2600,0.000001584893192461114,0.004120722300398897,0.9958877529738243,0.004112247026175742,False
2600,0.000001995262314968879,0.005187682018919085,0.9948257456165638,0.005174254383436216,False
2600,0.000002511886431509582,0.006530904721924914,0.9934903671361207,0.006509632863879289,False
2600,0.000003162277660168379,0.008221921916437785,0.9918117727464087,0.008188227253591251,False
2600,0.000003981071705534969,0.01035078643439092,0.9897025782129131,0.01029742178708692,False
2600,0.000005011872336272725,0.01303086807430908,0.9870536338722826,0.01294636612771738,False
2600,0.00000630957344480193,0.01640489095648502,0.9837288855476414,0.01627111445235863,False
2600,0.000007943282347242822,0.02065253410283134,0.9795591885359993,0.02044081146400067,False
2600,0.00001,0.026,0.9743349629444668,0.02566503705553325,False
2600,0.00001258925411794166,0.03273206070664832,0.9677976365175903,0.03220236348240968,False
2600,0.00001584893192461114,0.04120722300398897,0.9596299385129392,0.04037006148706079,False
2600,0.00001995262314968879,0.05187682018919085,0.9494453208136588,0.05055467918634116,False
2600,0.00002511886431509582,0.06530904721924914,0.9367771416291706,0.06322285837082942,False
2600,0.0000316227766016838,0.08221921916437787,0.9210688229469659,0.0789311770530341,False
2600,0.00003981071705534969,0.1035078643439092,0.9016670738682795,0.09833292613172051,False
2600,0.00005011872336272725,0.1303086807430908,0.8778215550154242,0.1221784449845758,False
2600,0.00006309573444801929,0.1640489095648502,0.8486961187600026,0.1513038812399974,False
2600,0.00007943282347242822,0.2065253410283134,0.8133989764187214,0.1866010235812786,False
2600,0.0001,0.26,0.7710415615298404,0.2289584384701596,False
2600,0.0001258925411794167,0.3273206070664835,0.7208377422783055,0.2791622577216945,False
2600,0.0001584893192461114,0.4120722300398897,0.6622548098172174,0.3377451901827826,False
2600,0.0001995262314968879,0.5187682018919085,0.5952225184811342,0.4047774815188658,False
2600,0.000251188643150958,0.6530904721924907,0.520392205485369,0.479607794514631,False
2600,0.0003162277660168379,0.8221921916437787,0.4394100623642368,0.5605899376357633,False
2600,0.0003981071705534974,1.035078643439093,0.355125250204908,0.644874749795092,False
2600,0.0005011872336272725,1.303086807430909,0.2716031020924358,0.7283968979075641,False
2600,0.000630957344480193,1.640489095648502,0.1937848312388693,0.8062151687611306,False
2600,0.0007943282347242813,2.065253410283131,0.1266821495066927,0.8733178504933073,False
2600,0.001,2.6,0.07417702096160793,0.9258229790383921,False
2600,0.001258925411794167,3.273206070664835,0.03780672951605259,0.9621932704839474,False
2600,0.001584893192461114,4.120722300398897,0.01617980843354714,0.9838201915664528,False
2600,0.001995262314968879,5.187682018919086,0.005556069714111706,0.9944439302858883,False
2600,0.002511886431509579,6.530904721924906,0.00144575886515329,0.9985542411348467,False
2600,0.003162277660168379,8.221921916437786,0.0002652203977522417,0.9997347796022478,False
2600,0.003981071705534973,10.35078643439093,0.00003131401200634828,0.9999686859879936,False
2600,0.005011872336272725,13.03086807430908,0.000002120980414395389,0.9999978790195856,False
2600,0.00630957344480193,16.40489095648502,7.126477856218482e-8,0.9999999287352215,False
2600,0.007943282347242814,20.65253410283131,9.883388374084491e-1,0.9999999990116611,False
2600,0.01,26,4.482351946938673e-12,0.9999999999955177,False
2700,0.000001,0.0027,0.9973036403752749,0.002696359624725142,False
2700,0.000001258925411794166,0.003399098611844249,0.9966066696515616,0.003393330348438361,False
2700,0.000001584893192461114,0.004279211619645008,0.9957299277838755,0.004270072216124521,False
2700,0.000001995262314968879,0.005387208250415973,0.994627271387611,0.005372728612389022,False
2700,0.000002511886431509582,0.006782093365075872,0.9932408446653462,0.006759155334653766,False
2700,0.000003162277660168379,0.008538149682454624,0.9914981834148151,0.008501816585184896,False
2700,0.000003981071705534969,0.01074889360494442,0.9893086481540739,0.01069135184592607,False
2700,0.000005011872336272725,0.01353205530793636,0.9865590579006392,0.01344094209936075,False
2700,0.00000630957344480193,0.01703584830096521,0.9831083883989888,0.01689161160101116,False
2700,0.000007943282347242822,0.02144686233755562,0.9787814028753263,0.02121859712467367,False
2700,0.00001,0.027,0.9733611101198216,0.02663888988017837,False
2700,0.00001258925411794166,0.03399098611844249,0.966580010426017,0.03341998957398296,False
2700,0.00001584893192461114,0.04279211619645008,0.9581102201268956,0.04188977987310438,False
2700,0.00001995262314968879,0.05387208250415972,0.9475527981319126,0.05244720186808738,False
2700,0.00002511886431509582,0.06782093365075872,0.934426987217245,0.06557301278275496,False
2700,0.0000316227766016838,0.08538149682454625,0.9181607021691653,0.08183929783083466,False
2700,0.00003981071705534969,0.1074889360494442,0.8980845371799661,0.1019154628200339,False
2700,0.00005011872336272725,0.1353205530793636,0.8734329222905644,0.1265670777094356,False
2700,0.00006309573444801929,0.1703584830096521,0.8433578985119006,0.1566421014880994,False
2700,0.00007943282347242822,0.2144686233755562,0.8069632572882703,0.1930367427117297,False
2700,0.0001,0.27,0.7633691880961812,0.2366308119038188,False
2700,0.0001258925411794167,0.3399098611844252,0.7118192522206581,0.2881807477793419,False
2700,0.0001584893192461114,0.4279211619645008,0.6518406974228754,0.3481593025771246,False
2700,0.0001995262314968879,0.5387208250415972,0.5834628034083472,0.4165371965916528,False
2700,0.000251188643150958,0.6782093365075865,0.5074817496386833,0.4925182503613167,False
2700,0.0003162277660168379,0.8538149682454624,0.4257299743518754,0.5742700256481246,False
2700,0.0003981071705534974,1.074889360494443,0.3412624744867067,0.6587375255132933,False
2700,0.0005011872336272725,1.353205530793636,0.2583229458268874,0.7416770541731126,False
2700,0.000630957344480193,1.703584830096521,0.1819319612741798,0.8180680387258202,False
2700,0.0007943282347242813,2.144686233755559,0.1170050155086432,0.8829949844913568,False
2700,0.001,2.7,0.06711478606235183,0.9328852139376482,False
2700,0.001258925411794167,3.399098611844252,0.03333191224945108,0.9666680877505489,False
2700,0.001584893192461114,4.279211619645008,0.01380663157190844,0.9861933684280916,False
2700,0.001995262314968879,5.387208250415974,0.004550173763867288,0.9954498262361328,False
2700,0.002511886431509579,6.782093365075864,0.001124265236076465,0.9988757347639236,False
2700,0.003162277660168379,8.538149682454625,0.0001932205625125525,0.9998067794374874,False
2700,0.003981071705534973,10.74889360494443,0.00002101347584172517,0.9999789865241583,False
2700,0.005011872336272725,13.53205530793636,0.000001283295081166856,0.9999987167049188,False
2700,0.00630957344480193,17.03584830096521,3.784299624298557e-8,0.9999999621570037,False
2700,0.007943282347242814,21.4468623375556,4.45200954751516e-1,0.999999999554799,False
2700,0.01,27,1.64068577754858e-12,0.9999999999983593,False
2800,0.000001,0.0028,0.9972039149477263,0.002796085052273689,False
2800,0.000001258925411794166,0.003524991153023665,0.9964812121236399,0.003518787876360063,False
2800,0.000001584893192461114,0.00443770093889112,0.9955721276055712,0.004427872394428767,False
2800,0.000001995262314968879,0.005586734481912861,0.9944288367555623,0.005571163244437738,False
2800,0.000002511886431509582,0.007033282008226831,0.9929913848639901,0.007008615136009921,False
2800,0.000003162277660168379,0.008854377448471461,0.991184693233354,0.008815306766645992,False
2800,0.000003981071705534969,0.01114700077549791,0.9889148748907154,0.01108512510928461,False
2800,0.000005011872336272725,0.01403324254156363,0.9860647297426742,0.01393527025732577,False
2800,0.00000630957344480193,0.0176668056454454,0.9824882826353177,0.01751171736468227,False
2800,0.000007943282347242822,0.0222411905722799,0.9780042347889062,0.02199576521109381,False
2800,0.00001,0.028,0.9723882306661014,0.02761176933389864,False
2800,0.00001258925411794166,0.03524991153023665,0.9653639162800106,0.03463608371998939,False
2800,0.00001584893192461114,0.0443770093889112,0.9565929084435614,0.04340709155643863,False
2800,0.00001995262314968879,0.0558673448191286,0.9456640478023203,0.05433595219767973,False
2800,0.00002511886431509582,0.07033282008226831,0.9320827287922246,0.06791727120777535,False
2800,0.0000316227766016838,0.08854377448471462,0.9152617632963947,0.08473823670360525,False
2800,0.00003981071705534969,0.1114700077549791,0.8945162347578192,0.1054837652421808,False
2800,0.00005011872336272725,0.1403324254156363,0.8690662303543348,0.1309337696456652,False
2800,0.00006309573444801929,0.176668056454454,0.8380532551764147,0.1619467448235853,False
2800,0.00007943282347242822,0.222411905722799,0.8005784584096599,0.1994215415903401,False
2800,0.0001,0.28,0.7557731598519937,0.2442268401480063,False
2800,0.0001258925411794167,0.3524991153023669,0.7029135936064126,0.2970864063935874,False
2800,0.0001584893192461114,0.443770093889112,0.6415903493913653,0.3584096506086347,False
2800,0.0001995262314968879,0.5586734481912861,0.5719354231251548,0.4280645768748452,False
2800,0.000251188643150958,0.7033282008226823,0.4948915904229084,0.5051084095770916,False
2800,0.0003162277660168379,0.8854377448471462,0.4124757864816706,0.5875242135183294,False
2800,0.0003981071705534974,1.114700077549793,0.3279408502369021,0.6720591497630979,False
2800,0.0005011872336272725,1.403324254156363,0.2456921287959747,0.7543078712040253,False
2800,0.000630957344480193,1.76668056454454,0.1708040733707882,0.8291959266292118,False
2800,0.0007943282347242813,2.224119057227988,0.1080671089611925,0.8919328910388075,False
2800,0.001,2.8,0.06072493138443254,0.9392750686155674,False
2800,0.001258925411794167,3.524991153023669,0.02938673586493044,0.9706132641350695,False
2800,0.001584893192461114,4.437700938891119,0.01178154093389523,0.9882184590661047,False
2800,0.001995262314968879,5.586734481912861,0.003726389758717478,0.9962736102412825,False
2800,0.002511886431509579,7.033282008226823,0.0008742621964943331,0.9991257378035057,False
2800,0.003162277660168379,8.854377448471462,0.0001407666457560451,0.999859233354244,False
2800,0.003981071705534973,11.14700077549793,0.00001410123260032118,0.9999858987673996,False
2800,0.005011872336272725,14.03324254156363,7.764551969314158e-7,0.9999992235448031,False
2800,0.00630957344480193,17.6668056454454,2.009537380933546e-8,0.9999999799046262,False
2800,0.007943282347242814,22.24119057227988,2.005424482067075e-1,0.9999999997994575,False
2800,0.01,28,6.005440564497951e-13,0.9999999999993995,False
2900,0.000001,0.0029,0.9971041994922267,0.002895800507773272,False
2900,0.000001258925411794166,0.003650883694203082,0.996355770388901,0.003644229611099004,False
2900,0.000001584893192461114,0.004596190258137231,0.9954143524349479,0.004585647565052087,False
2900,0.000001995262314968879,0.005786260713409748,0.9942304417125177,0.005769558287482268,False
2900,0.000002511886431509582,0.007284470651377789,0.9927419877163123,0.00725801228368772,False
2900,0.000003162277660168379,0.0091706052144883,0.9908713021706766,0.009128697829323351,False
2900,0.000003981071705534969,0.01154510794605141,0.988521258360428,0.01147874163957197,False
2900,0.000005011872336272725,0.0145344297751909,0.9855706492742172,0.01442935072578277,False
2900,0.00000630957344480193,0.0182977629899256,0.9818685680097577,0.01813143199024225,False
2900,0.000007943282347242822,0.02303551880700418,0.977227683786375,0.02277231621362497,False
2900,0.00001,0.029,0.9714163236104169,0.02858367638958315,False
2900,0.00001258925411794166,0.03650883694203082,0.9641493521521671,0.03585064784783287,False
2900,0.00001584893192461114,0.04596190258137231,0.9550779996515605,0.04492200034843952,False
2900,0.00001995262314968879,0.05786260713409748,0.9437790623054787,0.0562209376945213,False
2900,0.00002511886431509582,0.07284470651377788,0.929744351562459,0.07025564843754095,False
2900,0.0000316227766016838,0.091706052144883,0.9123719773383243,0.08762802266167569,False
2900,0.00003981071705534969,0.1154510794605141,0.8909621100457304,0.1090378899542696,False
2900,0.00005011872336272725,0.145344297751909,0.864721369514666,0.135278630485334,False
2900,0.00006309573444801929,0.182977629899256,0.832781977557864,0.167218022442136,False
2900,0.00007943282347242822,0.2303551880700418,0.7942441768951947,0.2057558231048053,False
2900,0.0001,0.29,0.7482527171121548,0.2517472828878452,False
2900,0.0001258925411794167,0.3650883694203085,0.6941193547874397,0.3058806452125603,False
2900,0.0001584893192461114,0.4596190258137231,0.6315011904896264,0.3684988095103736,False
2900,0.0001995262314968879,0.5786260713409749,0.5606357874306783,0.4393642125693217,False
2900,0.000251188643150958,0.728447065137778,0.4826137815708489,0.5173862184291511,False
2900,0.0003162277660168379,0.91706052144883,0.3996342392679433,0.6003657607320567,False
2900,0.0003981071705534974,1.154510794605142,0.31513925290456,0.68486074709544,False
2900,0.0005011872336272725,1.45344297751909,0.2336789012647393,0.7663210987352607,False
2900,0.000630957344480193,1.82977629899256,0.1603568239232413,0.8396431760767588,False
2900,0.0007943282347242813,2.303551880700416,0.09981196095279832,0.9001880390472017,False
2900,0.001,2.9,0.05494344105065337,0.9450565589493466,False
2900,0.001258925411794167,3.650883694203086,0.02590851188891543,0.9740914881110846,False
2900,0.001584893192461114,4.596190258137231,0.0100534808982277,0.9899465191017723,False
2900,0.001995262314968879,5.786260713409749,0.003051747329770658,0.9969482526702294,False
2900,0.002511886431509579,7.28447065137778,0.0006798523726363009,0.9993201476273637,False
2900,0.003162277660168379,9.170605214488301,0.0001025524835438807,0.9998974475164562,False
2900,0.003981071705534973,11.54510794605142,0.000009462725840602107,0.9999905372741594,False
2900,0.005011872336272725,14.5344297751909,4.697927091667984e-7,0.9999995302072908,False
2900,0.00630957344480193,18.2977629899256,1.0671037936426e-8,0.9999999893289621,False
2900,0.007943282347242814,23.03551880700416,9.033510171869863e-11,0.9999999999096649,False
2900,0.01,29,2.198185470200408e-13,0.9999999999997802,False
3000,0.000001,0.003,0.9970044940077792,0.002995505992220759,False
3000,0.000001258925411794166,0.003776776235382498,0.9962303444453569,0.003769655554643148,False
3000,0.000001584893192461114,0.004754679577383342,0.9952566022680424,0.004743397731957644,False
3000,0.000001995262314968879,0.005985786944906636,0.994032086250579,0.005967913749420961,False
3000,0.000002511886431509582,0.007535659294528747,0.9924926532065771,0.007507346793422909,False
3000,0.000003162277660168379,0.009486832980505138,0.9905580101954437,0.00944198980455635,False
3000,0.000003981071705534969,0.01194321511660491,0.9881277985008279,0.01187220149917212,False
3000,0.000005011872336272725,0.01503561700881817,0.9850768163711604,0.0149231836288396,False
3000,0.00000630957344480193,0.01892872033440579,0.9812492442755945,0.01875075572440554,False
3000,0.000007943282347242822,0.02382984704172847,0.9764517493777585,0.02354825062224153,False
3000,0.00001,0.03,0.9704453879808511,0.02955461201914888,False
3000,0.00001258925411794166,0.03776776235382499,0.9629363161175079,0.03706368388249215,False
3000,0.00001584893192461114,0.04754679577383342,0.953565489945553,0.04643451005444699,False
3000,0.00001995262314968879,0.05985786944906636,0.9418978341369733,0.05810216586302674,False
3000,0.00002511886431509582,0.07535659294528746,0.9274118407734071,0.0725881592265929,False
3000,0.0000316227766016838,0.09486832980505139,0.9094913153961566,0.09050868460384343,False
3000,0.00003981071705534969,0.1194321511660491,0.8874221067123024,0.1125778932876976,False
3000,0.00005011872336272725,0.1503561700881818,0.8603982306278897,0.1396017693721103,False
3000,0.00006309573444801929,0.1892872033440579,0.8275438557889685,0.1724561442110315,False
3000,0.00007943282347242822,0.2382984704172847,0.7879600130448797,0.2120399869551203,False
3000,0.0001,0.3,0.7408071077509111,0.2591928922490889,False
3000,0.0001258925411794167,0.3776776235382502,0.6854351417769141,0.3145648582230859,False
3000,0.0001584893192461114,0.4754679577383343,0.6215706859807427,0.3784293140192573,False
3000,0.0001995262314968879,0.5985786944906636,0.5495593968118963,0.4504406031881037,False
3000,0.000251188643150958,0.7535659294528738,0.4706405739549488,0.5293594260450512,False
3000,0.0003162277660168379,0.9486832980505138,0.3871924860306066,0.6128075139693934,False
3000,0.0003981071705534974,1.194321511660492,0.3028373825630489,0.6971626174369511,False
3000,0.0005011872336272725,1.503561700881818,0.2222530659158439,0.7777469340841561,False
3000,0.000630957344480193,1.892872033440579,0.1505485816074642,0.8494514183925358,False
3000,0.0007943282347242813,2.382984704172844,0.09218741618062992,0.90781258381937,False
3000,0.001,3,0.04971239399803616,0.9502876060019638,False
3000,0.001258925411794167,3.776776235382502,0.02284197167672269,0.9771580283232773,False
3000,0.001584893192461114,4.754679577383342,0.008578884437794207,0.9914211155622058,False
3000,0.001995262314968879,5.985786944906637,0.002499245212601615,0.9975007547873984,False
3000,0.002511886431509579,7.535659294528738,0.0005286734922687507,0.9994713265077313,False
3000,0.003162277660168379,9.486832980505138,0.00007471238534193933,0.999925287614658,False
3000,0.003981071705534973,11.94321511660492,0.00000635002505613299,0.9999936499749439,False
3000,0.005011872336272725,15.03561700881817,2.842471664282967e-7,0.9999997157528335,False
3000,0.00630957344480193,18.92872033440579,5.666530601572745e-9,0.9999999943334694,False
3000,0.007943282347242814,23.82984704172844,4.069178707799723e-11,0.9999999999593082,False
3000,0.01,30,8.046069742102495e-14,0.9999999999999195,False
3100,0.000001,0.0031,0.9969047984933866,0.003095201506613354,False
3100,0.000001258925411794166,0.003902668776561915,0.9961049342910194,0.003895065708980572,False
3100,0.000001584893192461114,0.004913168896629454,0.9950988771008921,0.004901122899107935,False
3100,0.000001995262314968879,0.006185313176403524,0.9938337703618496,0.006166229638150389,False
3100,0.000002511886431509582,0.007786847937679705,0.9922433813190524,0.007756618680947569,False
3100,0.000003162277660168379,0.009803060746521975,0.9902448172763256,0.009755182723674372,False
3100,0.000003981071705534969,0.0123413222871584,0.9877344952495554,0.01226550475044463,False
3100,0.000005011872336272725,0.01553680424244545,0.9845832309094578,0.01541676909054224,False
3100,0.00000630957344480193,0.01955967767888598,0.9806303111862693,0.01936968881373069,False
3100,0.000007943282347242822,0.02462417527645275,0.9756764310734709,0.02432356892652909,False
3100,0.00001,0.031,0.9694754228064587,0.03052457719354129,False
3100,0.00001258925411794166,0.03902668776561915,0.9617248062534756,0.03827519374652444,False
3100,0.00001584893192461114,0.04913168896629454,0.9520553755262254,0.04794462447377457,False
3100,0.00001995262314968879,0.06185313176403524,0.9400203558073479,0.05997964419265212,False
3100,0.00002511886431509582,0.07786847937679704,0.9250851817075433,0.07491481829245672,False
3100,0.0000316227766016838,0.09803060746521977,0.9066197486623371,0.09338025133766292,False
3100,0.00003981071705534969,0.1234132228715841,0.8838961686499552,0.1161038313500448,False
3100,0.00005011872336272725,0.1553680424244545,0.8560967050959964,0.1439032949040036,False
3100,0.00006309573444801929,0.1955967767888598,0.8223386813224947,0.1776613186775053,False
3100,0.00007943282347242822,0.2462417527645275,0.7817255703211986,0.2182744296788014,False
3100,0.0001,0.31,0.7334355871266574,0.2665644128733426,False
3100,0.0001258925411794167,0.3902668776561919,0.6768595780283518,0.3231404219716482,False
3100,0.0001584893192461114,0.4913168896629454,0.6117963409871318,0.3882036590128682,False
3100,0.0001995262314968879,0.6185313176403524,0.5387018406519383,0.4612981593480617,False
3100,0.000251188643150958,0.7786847937679696,0.4589644106964371,0.541035589303563,False
3100,0.0003162277660168379,0.9803060746521977,0.3751380800433513,0.6248619199566487,False
3100,0.0003981071705534974,1.234132228715842,0.2910157317197582,0.7089842682802419,False
3100,0.0005011872336272725,1.553680424244545,0.2113859019434121,0.7886140980565879,False
3100,0.000630957344480193,1.955967767888598,0.1413402614837794,0.8586597385162206,False
3100,0.0007943282347242813,2.462417527645272,0.08514530343792834,0.9148546965620716,False
3100,0.001,3.1,0.0449793837036458,0.9550206162963542,False
3100,0.001258925411794167,3.902668776561919,0.02013838819910869,0.9798616118008913,False
3100,0.001584893192461114,4.913168896629454,0.007320574728500442,0.9926794252714995,False
3100,0.001995262314968879,6.185313176403525,0.002046770573624619,0.9979532294263754,False
3100,0.002511886431509579,7.786847937679696,0.000411112283603308,0.9995888877163966,False
3100,0.003162277660168379,9.803060746521977,0.00005443008624061263,0.9999455699137594,False
3100,0.003981071705534973,12.34132228715842,0.000004261226510494682,0.9999957387734895,False
3100,0.005011872336272725,15.53680424244545,1.719831960904895e-7,0.9999998280168039,False
3100,0.00630957344480193,19.55967767888598,3.009038975388994e-9,0.999999996990961,False
3100,0.007943282347242814,24.62417527645272,1.832976887276058e-11,0.9999999999816702,False
3100,0.01,31,2.945121745749464e-14,0.9999999999999706,False
3200,0.000001,0.0032,0.996805112948052,0.003194887051948037,False
3200,0.000001258925411794166,0.004028561317741331,0.9959795399239012,0.004020460076098797,False
3200,0.000001584893192461114,0.005071658215875565,0.994941176929535,0.005058823070465013,False
3200,0.000001995262314968879,0.006384839407900412,0.9936354940384343,0.006364505961565681,False
3200,0.000002511886431509582,0.008038036580830663,0.9919941720380102,0.008005827961989787,False
3200,0.000003162277660168379,0.01011928851253881,0.9899317233820034,0.01006827661799659,False
3200,0.000003981071705534969,0.0127394294577119,0.9873413485442758,0.0126586514557242,False
3200,0.000005011872336272725,0.01603799147607272,0.9840898927651256,0.0159101072348744,False
3200,0.00000630957344480193,0.02019063502336618,0.9800117684953789,0.01998823150462115,False
3200,0.000007943282347242822,0.02541850351117703,0.9749017283843158,0.02509827161568423,False
3200,0.00001,0.032,0.9685064271172649,0.03149357288273513,False
3200,0.00001258925411794166,0.04028561317741332,0.9605148206399322,0.03948517936006779,False
3200,0.00001584893192461114,0.05071658215875565,0.9505476526002808,0.04945234739971915,False
3200,0.00001995262314968879,0.06384839407900411,0.938146619842075,0.06185338015792496,False
3200,0.00002511886431509582,0.08038036580830663,0.9227643596842647,0.07723564031573527,False
3200,0.0000316227766016838,0.1011928851253881,0.9037572484202666,0.09624275157973339,False
3200,0.00003981071705534969,0.127394294577119,0.8803842399740383,0.1196157600259617,False
3200,0.00005011872336272725,0.1603799147607272,0.8518166848639084,0.1481833151360916,False
3200,0.00006309573444801929,0.2019063502336617,0.8171662469229513,0.1828337530770487,False
3200,0.00007943282347242822,0.2541850351117703,0.7755404553240917,0.2244595446759083,False
3200,0.0001,0.32,0.7261374180074652,0.2738625819925348,False
3200,0.0001258925411794167,0.4028561317741336,0.6683913042174124,0.3316086957825876,False
3200,0.0001584893192461114,0.5071658215875565,0.6021756998637466,0.3978243001362534,False
3200,0.0001995262314968879,0.6384839407900412,0.5280587954737788,0.4719412045262212,False
3200,0.000251188643150958,0.8038036580830654,0.4475779223958104,0.5524220776041896,False
3200,0.0003162277660168379,1.011928851253881,0.3634589620819438,0.6365410379180562,False
3200,0.0003981071705534974,1.273942945771191,0.2796555543824061,0.7203444456175938,False
3200,0.0005011872336272725,1.603799147607272,0.2010500928583339,0.7989499071416661,False
3200,0.000630957344480193,2.019063502336618,0.1326951692470325,0.8673048307529675,False
3200,0.0007943282347242813,2.5418503511177,0.0786411312725367,0.9213588687274633,False
3200,0.001,3.2,0.04069699315707305,0.9593030068429269,False
3200,0.001258925411794167,4.028561317741336,0.01775480177445821,0.9822451982255418,False
3200,0.001584893192461114,5.071658215875565,0.006246827864875463,0.9937531721351245,False
3200,0.001995262314968879,6.384839407900412,0.001676213986499864,0.9983237860135001,False
3200,0.002511886431509579,8.038036580830655,0.0003196931796300636,0.9996803068203699,False
3200,0.003162277660168379,10.11928851253881,0.00003965385758467373,0.9999603461424154,False
3200,0.003981071705534973,12.73942945771191,0.000002859524366160611,0.9999971404756338,False
3200,0.005011872336272725,16.03799147607272,1.04058098834069e-7,0.9999998959419012,False
3200,0.00630957344480193,20.19063502336618,1.597858759096267e-9,0.9999999984021413,False
3200,0.007943282347242814,25.418503511177,8.256713480900256e-12,0.9999999999917433,False
3200,0.01,32,1.078009807931376e-14,0.9999999999999892,False
3300,0.000001,0.0033,0.9967054373707784,0.003294562629221565,False
3300,0.000001258925411794166,0.004154453858920749,0.9958541613420148,0.004145838657985235,False
3300,0.000001584893192461114,0.005230147535121676,0.9947835017500101,0.005216498249989932,False
3300,0.000001995262314968879,0.0065843656393973,0.9934372572724395,0.006562742727560522,False
3300,0.000002511886431509582,0.008289225223981622,0.9917450253477263,0.00825497465227365,False
3300,0.000003162277660168379,0.01043551627855565,0.9896187284811674,0.01038127151883261,False
3300,0.000003981071705534969,0.0131375366282654,0.9869483583226796,0.01305164167732042,False
3300,0.000005011872336272725,0.01653917870969999,0.9835968018142425,0.01640319818575753,False
3300,0.00000630957344480193,0.02082159236784637,0.9793936159566753,0.02060638404332471,False
3300,0.000007943282347242822,0.02621283174590131,0.9741276408214846,0.02587235917851538,False
3300,0.00001,0.033,0.9675383999442638,0.03246160005573617,False
3300,0.00001258925411794166,0.04154453858920748,0.9593063573591555,0.04069364264084452,False
3300,0.00001584893192461114,0.05230147535121676,0.9490423173804297,0.05095768261957034,False
3300,0.00001995262314968879,0.06584365639397299,0.9362766187815262,0.06372338121847376,False
3300,0.00002511886431509582,0.08289225223981621,0.9204493600597992,0.07955063994020084,False
3300,0.0000316227766016838,0.1043551627855565,0.9009037860440137,0.09909621395598633,False
3300,0.00003981071705534969,0.131375366282654,0.8768862650219432,0.1231137349780568,False
3300,0.00005011872336272725,0.1653917870969999,0.8475580624167646,0.1524419375832354,False
3300,0.00006309573444801929,0.2082159236784637,0.8120263466583394,0.1879736533416606,False
3300,0.00007943282347242822,0.2621283174590131,0.769404277766132,0.230595722233868,False
3300,0.0001,0.33,0.7189118704973513,0.2810881295026487,False
3300,0.0001258925411794167,0.4154453858920752,0.6600289780264297,0.3399710219735703,False
3300,0.0001584893192461114,0.5230147535121676,0.5927063455811353,0.4072936544188647,False
3300,0.0001995262314968879,0.6584365639397299,0.5176260232186284,0.4823739767813716,False
3300,0.000251188643150958,0.8289225223981612,0.436473922481644,0.563526077518356,False
3300,0.0003162277660168379,1.043551627855565,0.3521434483601825,0.6478565516398175,False
3300,0.0003981071705534974,1.313753662826541,0.2687388363328851,0.7312611636671149,False
3300,0.0005011872336272725,1.653917870969999,0.1912196578235639,0.8087803421764361,False
3300,0.000630957344480193,2.082159236784637,0.124578855003175,0.875421144996825,False
3300,0.0007943282347242813,2.621283174590128,0.07263380689379832,0.9273661931062017,False
3300,0.001,3.3,0.03682231981966005,0.96317768018034,False
3300,0.001258925411794167,4.154453858920752,0.01565333744357239,0.9843466625564277,False
3300,0.001584893192461114,5.230147535121676,0.005330573052066642,0.9946694269479334,False
3300,0.001995262314968879,6.5843656393973,0.001372744637207721,0.9986272553627923,False
3300,0.002511886431509579,8.289225223981612,0.000248602956365563,0.9997513970436345,False
3300,0.003162277660168379,10.43551627855565,0.00002888895700797788,0.999971111042992,False
3300,0.003981071705534973,13.13753662826541,0.000001918902827748765,0.9999980810971723,False
3300,0.005011872336272725,16.53917870969999,6.296015063741251e-8,0.9999999370398494,False
3300,0.00630957344480193,20.82159236784637,8.484943647799053e-1,0.9999999991515056,False
3300,0.007943282347242814,26.21283174590129,3.719267710297794e-12,0.9999999999962808,False
3300,0.01,33,3.945864539126257e-15,0.999999999999996,False
3400,0.000001,0.0034,0.9966057717605692,0.003394228239430808,False
3400,0.000001258925411794166,0.004280346400100165,0.9957287985433732,0.00427120145662685,False
3400,0.000001584893192461114,0.005388636854367788,0.9946258515583566,0.005374148441643412,False
3400,0.000001995262314968879,0.006783891870894188,0.9932390600559733,0.006760939944026712,False
3400,0.000002511886431509582,0.008540413867132579,0.9914959412324809,0.00850405876751914,False
3400,0.000003162277660168379,0.01075174404457249,0.989305832542518,0.01069416745748197,False
3400,0.000003981071705534969,0.01353564379881889,0.9865555245224815,0.01344447547751848,False
3400,0.000005011872336272725,0.01704036594332727,0.9831039579329488,0.0168960420670512,False
3400,0.00000630957344480193,0.02145254971232656,0.9787758533240661,0.02122414667593386,False
3400,0.000007943282347242822,0.02700715998062559,0.9733541678965576,0.0266458321034424,False
3400,0.00001,0.034,0.9665713403194189,0.03342865968058106,False
3400,0.00001258925411794166,0.04280346400100165,0.9580994144958357,0.04190058550416431,False
3400,0.00001584893192461114,0.05388636854367788,0.94753936608538,0.05246063391461997,False
3400,0.00001995262314968879,0.06783891870894188,0.9344103451809421,0.06558965481905787,False
3400,0.00002511886431509582,0.08540413867132579,0.9181401682271115,0.08185983177288847,False
3400,0.0000316227766016838,0.1075174404457249,0.8980593329980282,0.1019406670019718,False
3400,0.00003981071705534969,0.135356437988189,0.8734021883522231,0.1265978116477769,False
3400,0.00005011872336272725,0.1704036594332727,0.8433207307772201,0.1566792692227799,False
3400,0.00006309573444801929,0.2145254971232656,0.8069187758919534,0.1930812241080466,False
3400,0.00007943282347242822,0.2700715998062559,0.7633166504478978,0.2366833495521022,False
3400,0.0001,0.34,0.7117582219632798,0.2882417780367202,False
3400,0.0001258925411794167,0.428034640010017,0.6517712739316399,0.3482287260683601,False
3400,0.0001584893192461114,0.5388636854367789,0.5833858991182018,0.4166141008817982,False
3400,0.0001995262314968879,0.6783891870894188,0.5073993695583406,0.4926006304416594,False
3400,0.000251188643150958,0.854041386713257,0.4256454026747933,0.5743545973252067,False
3400,0.0003162277660168379,1.075174404457249,0.3411802188414408,0.6588197811585592,False
3400,0.0003981071705534974,1.353564379881891,0.2582482665615056,0.7417517334384944,False
3400,0.0005011872336272725,1.704036594332727,0.1818698863468104,0.8181301136531896,False
3400,0.000630957344480193,2.145254971232656,0.116958975989619,0.883041024010381,False
3400,0.0007943282347242813,2.700715998062556,0.06708537655190078,0.9329146234480992,False
3400,0.001,3.4,0.0333165458113379,0.9666834541886621,False
3400,0.001258925411794167,4.28034640010017,0.01380060314020726,0.9861993968597927,False
3400,0.001584893192461114,5.388636854367788,0.004548710109844777,0.9954512898901552,False
3400,0.001995262314968879,6.783891870894188,0.001124216749269267,0.9988757832507308,False
3400,0.002511886431509579,8.540413867132569,0.0001933210773692904,0.9998066789226308,False
3400,0.003162277660168379,10.75174404457249,0.00002104642241241512,0.9999789535775876,False
3400,0.003981071705534973,13.53564379881891,0.000001287692493869586,0.9999987123075061,False
3400,0.005011872336272725,17.04036594332726,3.809391688586043e-8,0.9999999619060831,False
3400,0.00630957344480193,21.45254971232656,4.505671624383418e-1,0.9999999995494329,False
3400,0.007943282347242814,27.00715998062557,1.675358159498051e-12,0.9999999999983247,False
3400,0.01,34,1.444314035603395e-15,0.9999999999999986,False
3500,0.000001,0.0035,0.9965061161164277,0.003493883883572302,False
3500,0.000001258925411794166,0.004406238941279581,0.9956034515259893,0.00439654847401072,False
3500,0.000001584893192461114,0.0055471261736139,0.9944682263506146,0.005531773649385396,False
3500,0.000001995262314968879,0.006983418102391076,0.9930409023811454,0.006959097618854604,False
3500,0.000002511886431509582,0.008791602510283538,0.9912469196765574,0.008753080323442575,False
3500,0.000003162277660168379,0.01106797181058933,0.9889930355347655,0.01100696446523453,False
3500,0.000003981071705534969,0.01393375096937239,0.9861628470814214,0.01383715291857857,False
3500,0.000005011872336272725,0.01754155317695454,0.9826113609974473,0.01738863900255272,False
3500,0.00000630957344480193,0.02208350705680675,0.9781584803516141,0.02184151964838588,False
3500,0.000007943282347242822,0.02780148821534988,0.9725813091215022,0.0274186908784978,False
3500,0.00001,0.035,0.9656052472756607,0.03439475272433934,False
3500,0.00001258925411794166,0.04406238941279581,0.9568939901370731,0.0431060098629269,False
3500,0.00001584893192461114,0.05547126173613899,0.9460387949398283,0.05396120506017166,False
3500,0.00001995262314968879,0.06983418102391076,0.9325477916104029,0.06745220838959709,False
3500,0.00002511886431509582,0.08791602510283537,0.915836769615813,0.08416323038418705,False
3500,0.0000316227766016838,0.1106797181058933,0.8952238608368565,0.1047761391631435,False
3500,0.00003981071705534969,0.1393375096937239,0.8699319547437124,0.1300680452562876,False
3500,0.00005011872336272725,0.1754155317695454,0.8391045835027588,0.1608954164972412,False
3500,0.00006309573444801929,0.2208350705680675,0.8018433312742336,0.1981566687257664,False
3500,0.00007943282347242822,0.2780148821534988,0.7572771892335398,0.2427228107664602,False
3500,0.0001,0.35,0.7046757569628919,0.2953242430371081,False
3500,0.0001258925411794167,0.4406238941279586,0.643616882993071,0.356383117006929,False
3500,0.0001584893192461114,0.55471261736139,0.5742120188645151,0.4257879811354849,False
3500,0.0001995262314968879,0.6983418102391076,0.4973747622411581,0.5026252377588418,False
3500,0.000251188643150958,0.8791602510283528,0.4150855285651259,0.5849144714348741,False
3500,0.0003162277660168379,1.106797181058933,0.3305583059141061,0.6694416940858938,False
3500,0.0003981071705534974,1.393375096937241,0.2481672098163411,0.751832790183659,False
3500,0.0005011872336272725,1.754155317695454,0.1729772761664555,0.8270227238335446,False
3500,0.000630957344480193,2.208350705680675,0.1098051676923154,0.8901948323076846,False
3500,0.0007943282347242813,2.780148821534985,0.06196078574940535,0.9380392142505947,False
3500,0.001,3.5,0.03014454901905266,0.9698554509809474,False
3500,0.001258925411794167,4.406238941279586,0.01216715909435046,0.9878328409056495,False
3500,0.001584893192461114,5.5471261736139,0.003881527081855177,0.9961184729181448,False
3500,0.001995262314968879,6.983418102391076,0.0009206834724252606,0.9990793165275748,False
3500,0.002511886431509579,8.791602510283528,0.0001503322386088896,0.9998496677613911,False
3500,0.003162277660168379,11.06797181058933,0.00001533291410415008,0.9999846670858958,False
3500,0.003981071705534973,13.93375096937241,8.641146048616746e-7,0.9999991358853951,False
3500,0.005011872336272725,17.54155317695454,2.304865044024426e-8,0.9999999769513496,False
3500,0.00630957344480193,22.08350705680676,2.39260007248721e-1,0.9999999997607399,False
3500,0.007943282347242814,27.80148821534985,7.546713980349534e-13,0.9999999999992454,False
3500,0.01,35,5.286656479856968e-16,0.9999999999999994,False
3600,0.000001,0.0036,0.9964064704373574,0.003593529562642583,False
3600,0.000001258925411794166,0.004532131482458998,0.9954781202878765,0.004521879712123478,False
3600,0.000001584893192461114,0.00570561549286001,0.9943106261228247,0.005689373877175274,False
3600,0.000001995262314968879,0.007182944333887963,0.9928427842400669,0.007157215759933111,False
3600,0.000002511886431509582,0.009042791153434496,0.9909979606642438,0.009002039335756162,False
3600,0.000003162277660168379,0.01138419957660616,0.9886803374266301,0.01131966257336992,False
3600,0.000003981071705534969,0.01433185813992589,0.985770325937264,0.01422967406273601,False
3600,0.000005011872336272725,0.01804274041058181,0.9821190108840024,0.01788098911599756,False
3600,0.00000630957344480193,0.02271446440128695,0.977541496793537,0.02245850320646303,False
3600,0.000007943282347242822,0.02859581645007416,0.9718090640086737,0.02819093599132627,False
3600,0.00001,0.036,0.9646401198468862,0.03535988015311375,False
3600,0.00001258925411794166,0.04532131482458998,0.9556900823723744,0.04430991762762559,False
3600,0.00001584893192461114,0.05705615492860011,0.94454060017445,0.05545939982555004,False
3600,0.00001995262314968879,0.07182944333887963,0.9306889506547988,0.06931104934520116,False
3600,0.00002511886431509582,0.09042791153434496,0.913539149692068,0.08646085030793205,False
3600,0.0000316227766016838,0.1138419957660617,0.8923973412048568,0.1076026587951432,False
3600,0.00003981071705534969,0.1433185813992589,0.8664755091946529,0.1335244908053471,False
3600,0.00005011872336272725,0.1804274041058181,0.8349095146830198,0.1650904853169802,False
3600,0.00006309573444801929,0.2271446440128695,0.7967998107346704,0.2032001892653296,False
3600,0.00007943282347242822,0.2859581645007416,0.751285513026542,0.248714486973458,False
3600,0.0001,0.36,0.697663767172953,0.302336232827047,False
3600,0.0001258925411794167,0.4532131482459003,0.6355645126470604,0.3644354873529396,False
3600,0.0001584893192461114,0.5705615492860011,0.5651824000320184,0.4348175999679816,False
3600,0.0001995262314968879,0.7182944333887964,0.4875482094701434,0.5124517905298566,False
3600,0.000251188643150958,0.9042791153434486,0.4047876352979891,0.5952123647020109,False
3600,0.0003162277660168379,1.138419957660617,0.3202670834195844,0.6797329165804156,False
3600,0.0003981071705534974,1.43318581399259,0.2384796802241459,0.7615203197758541,False
3600,0.0005011872336272725,1.804274041058181,0.1645194741745708,0.8354805258254292,False
3600,0.000630957344480193,2.271446440128695,0.1030889228459701,0.8969110771540298,False
3600,0.0007943282347242813,2.859581645007413,0.05722765776999929,0.9427723422300007,False
3600,0.001,3.6,0.0272745512307231,0.9727254487692769,False
3600,0.001258925411794167,4.532131482459003,0.01072705003710525,0.9892729499628947,False
3600,0.001584893192461114,5.70561549286001,0.003312203267156389,0.9966877967328436,False
3600,0.001995262314968879,7.182944333887964,0.000753998779103769,0.9992460012208962,False
3600,0.002511886431509579,9.042791153434486,0.0001169028347694805,0.9998830971652305,False
3600,0.003162277660168379,11.38419957660617,0.00001117046167364587,0.9999888295383264,False
3600,0.003981071705534973,14.3318581399259,5.798698477238084e-7,0.9999994201301523,False
3600,0.005011872336272725,18.04274041058181,1.394554119252976e-8,0.9999999860544588,False
3600,0.00630957344480193,22.71446440128695,1.270517601834595e-1,0.9999999998729482,False
3600,0.007943282347242814,28.59581645007413,3.399445759005143e-13,0.99999999999966,False
3600,0.01,36,0,0.9999999999999998,False
3700,0.000001,0.0037,0.9963068347223617,0.003693165277638299,False
3700,0.000001258925411794166,0.004658024023638414,0.9953528048270488,0.004647195172951202,False
3700,0.000001584893192461114,0.005864104812106122,0.9941530508710281,0.005846949128971879,False
3700,0.000001995262314968879,0.007382470565384851,0.9926447056248504,0.00735529437514959,False
3700,0.000002511886431509582,0.009293979796585455,0.9907490641798318,0.009250935820168227,False
3700,0.000003162277660168379,0.011700427342623,0.988367738186842,0.01163226181315802,False
3700,0.000003981071705534969,0.01472996531047939,0.9853779610277985,0.01462203897220149,False
3700,0.000005011872336272725,0.01854392764420908,0.981626907468941,0.01837309253105901,False
3700,0.00000630957344480193,0.02334542174576714,0.9769249024042076,0.0230750975957924,False
3700,0.000007943282347242822,0.02939014468479844,0.9710374320708144,0.02896256792918561,False
3700,0.00001,0.03700000000000001,0.9636759570679586,0.03632404293204139,False
3700,0.00001258925411794166,0.04658024023638414,0.9544876892936501,0.04551231070634987,False
3700,0.00001584893192461114,0.05864104812106122,0.9430447780258892,0.05695522197411085,False
3700,0.00001995262314968879,0.07382470565384851,0.9288338149138008,0.07116618508619921,False
3700,0.00002511886431509582,0.09293979796585454,0.9112472939585029,0.0887527060414971,False
3700,0.0000316227766016838,0.11700427342623,0.8895797458359153,0.1104202541640847,False
3700,0.00003981071705534969,0.1472996531047939,0.8630327969218207,0.1369672030781793,False
3700,0.00005011872336272725,0.1854392764420908,0.8307354189371362,0.1692645810628638,False
3700,0.00006309573444801929,0.2334542174576714,0.7917880134737588,0.2082119865262412,False
3700,0.00007943282347242822,0.2939014468479844,0.7453412437456736,0.2546587562543264,False
3700,0.0001,0.37,0.6907215513185134,0.3092784486814866,False
3700,0.0001258925411794167,0.465802402363842,0.6276128865013694,0.3723871134986306,False
3700,0.0001584893192461114,0.5864104812106122,0.5562947740759882,0.4437052259240118,False
3700,0.0001995262314968879,0.7382470565384851,0.4779157983136458,0.5220842016863543,False
3700,0.000251188643150958,0.9293979796585444,0.3947452233676937,0.6052547766323062,False
3700,0.0003162277660168379,1.1700427342623,0.3102962560218939,0.6897037439781061,False
3700,0.0003981071705534974,1.47299653104794,0.2291703159410143,0.7708296840589857,False
3700,0.0005011872336272725,1.854392764420908,0.1564752202285294,0.8435247797714706,False
3700,0.000630957344480193,2.334542174576714,0.09678347783522509,0.9032165221647749,False
3700,0.0007943282347242813,2.939014468479841,0.05285608912523501,0.947143910874765,False
3700,0.001,3.7,0.02467779976960881,0.9753222002303912,False
3700,0.001258925411794167,4.658024023638419,0.009457392773962308,0.9905426072260377,False
3700,0.001584893192461114,5.864104812106122,0.002826385144714233,0.9971736148552858,False
3700,0.001995262314968879,7.382470565384852,0.0006174914353489985,0.9993825085646511,False
3700,0.002511886431509579,9.293979796585443,0.00009090713278537138,0.9999090928672146,False
3700,0.003162277660168379,11.700427342623,0.00000813799732750201,0.9999918620026725,False
3700,0.003981071705534973,14.7299653104794,3.891255146104825e-7,0.9999996108744854,False
3700,0.005011872336272725,18.54392764420908,8.437722618803511e-9,0.9999999915622774,False
3700,0.00630957344480193,23.34542174576714,6.746697850315972e-11,0.999999999932533,False
3700,0.007943282347242814,29.39014468479841,1.531293156002557e-13,0.9999999999998469,False
3700,0.01,37,0,0.9999999999999999,False
3800,0.000001,0.0038,0.9962072089704443,0.003792791029555653,False
3800,0.000001258925411794166,0.004783916564817831,0.9952275051415197,0.004772494858480303,False
3800,0.000001584893192461114,0.006022594131352234,0.9939955005912668,0.006004499408733155,False
3800,0.000001995262314968879,0.007581996796881739,0.9924466665276106,0.007553333472389401,False
3800,0.000002511886431509582,0.009545168439736412,0.9905002302076169,0.009499769792383095,False
3800,0.000003162277660168379,0.01201665510863984,0.9880552377841411,0.01194476221585894,False
3800,0.000003981071705534969,0.01512807248103288,0.9849857522908391,0.01501424770916093,False
3800,0.000005011872336272725,0.01904511487783635,0.9811350506286514,0.01886494937134864,False
3800,0.00000630957344480193,0.02397637909024733,0.9763086969381539,0.02369130306184608,False
3800,0.000007943282347242822,0.03018447291952272,0.9702664128210535,0.02973358717894647,False
3800,0.00001,0.03800000000000001,0.9627127579747052,0.03728724202529476,False
3800,0.00001258925411794166,0.04783916564817831,0.9532868089952115,0.04671319100478855,False
3800,0.00001584893192461114,0.06022594131352234,0.9415513247367503,0.05844867526324971,False
3800,0.00001995262314968879,0.07581996796881739,0.9269823770018304,0.07301762299816961,False
3800,0.00002511886431509582,0.09545168439736412,0.9089611879541151,0.09103881204588493,False
3800,0.0000316227766016838,0.1201665510863984,0.8867710465531637,0.1132289534468363,False
3800,0.00003981071705534969,0.1512807248103288,0.8596037633596593,0.1403962366403407,False
3800,0.00005011872336272725,0.1904511487783636,0.8265821914110889,0.1734178085889111,False
3800,0.00006309573444801929,0.2397637909024733,0.7868077399550044,0.2131922600449956,False
3800,0.00007943282347242822,0.3018447291952273,0.7394440063011322,0.2605559936988678,False
3800,0.0001,0.38,0.6838484151027727,0.3161515848972273,False
3800,0.0001258925411794167,0.4783916564817836,0.6197607441328602,0.3802392558671398,False
3800,0.0001584893192461114,0.6022594131352234,0.5475469081250993,0.4524530918749007,False
3800,0.0001995262314968879,0.7581996796881739,0.4684736931471725,0.5315263068528275,False
3800,0.000251188643150958,0.9545168439736402,0.384951954515357,0.615048045484643,False
3800,0.0003162277660168379,1.201665510863984,0.3006358489082147,0.6993641510917854,False
3800,0.0003981071705534974,1.51280724810329,0.2202243547925842,0.7797756452074158,False
3800,0.0005011872336272725,1.904511487783636,0.1488242937099739,0.8511757062900261,False
3800,0.000630957344480193,2.397637909024733,0.09086370604412299,0.909136293955877,False
3800,0.0007943282347242813,3.018447291952269,0.04881846062690644,0.9511815393730936,False
3800,0.001,3.8,0.02232827943958655,0.9776717205604134,False
3800,0.001258925411794167,4.783916564817837,0.008338012573038291,0.9916619874269617,False
3800,0.001584893192461114,6.022594131352234,0.002411824499261359,0.9975881755007386,False
3800,0.001995262314968879,7.58199679688174,0.000505697997525392,0.9994943020024746,False
3800,0.002511886431509579,9.545168439736402,0.00007069209919120483,0.9999293079008088,False
3800,0.003162277660168379,12.01665510863984,0.000005928761266750256,0.9999940712387333,False
3800,0.003981071705534973,15.1280724810329,2.611252623588619e-7,0.9999997388747376,False
3800,0.005011872336272725,19.04511487783635,5.105227685965005e-9,0.9999999948947723,False
3800,0.00630957344480193,23.97637909024733,3.582628986621786e-11,0.9999999999641737,False
3800,0.007943282347242814,30.18447291952269,6.897767741722989e-14,0.9999999999999311,False
3800,0.01,38,0,1,False
3900,0.000001,0.0039,0.996107593180609,0.003892406819390959,False
3900,0.000001258925411794166,0.004909809105997248,0.9951022212293035,0.004897778770696526,False
3900,0.000001584893192461114,0.006181083450598345,0.9938379752795832,0.006162024720416825,False
3900,0.000001995262314968879,0.007781523028378627,0.992248666940463,0.007751333059537013,False
3900,0.000002511886431509582,0.009796357082887371,0.9902514587318989,0.009748541268101096,False
3900,0.000003162277660168379,0.01233288287465668,0.9877428361872771,0.0122571638127229,False
3900,0.000003981071705534969,0.01552617965158638,0.9845936996642245,0.0154063003357755,False
3900,0.000005011872336272725,0.01954630211146363,0.9806434402395843,0.01935655976041573,False
3900,0.00000630957344480193,0.02460733643472753,0.9756928801500583,0.02430711984994172,False
3900,0.000007943282347242822,0.030978801154247,0.9694960057729071,0.03050399422709293,False
3900,0.00001,0.039,0.9617505216039172,0.03824947839608284,False
3900,0.00001258925411794166,0.04909809105997248,0.9520874395737672,0.04791256042623282,False
3900,0.00001584893192461114,0.06181083450598345,0.940060236555588,0.05993976344441199,False
3900,0.00001995262314968879,0.07781523028378627,0.9251346295480313,0.07486537045196873,False
3900,0.00002511886431509582,0.09796357082887371,0.9066808172541808,0.09331918274581918,False
3900,0.0000316227766016838,0.1233288287465668,0.8839712152686977,0.1160287847313023,False
3900,0.00003981071705534969,0.1552617965158638,0.8561883541594135,0.1438116458405865,False
3900,0.00005011872336272725,0.1954630211146363,0.822449727775072,0.177550272224928,False
3900,0.00006309573444801929,0.2460733643472753,0.7818587918969788,0.2181412081030212,False
3900,0.00007943282347242822,0.30978801154247,0.7335934285708747,0.2664065714291253,False
3900,0.0001,0.39,0.6770436711376429,0.3229563288623571,False
3900,0.0001258925411794167,0.4909809105997253,0.6120068408877046,0.3879931591122954,False
3900,0.0001584893192461114,0.6181083450598346,0.5389366044204527,0.4610633955795473,False
3900,0.0001995262314968879,0.7781523028378627,0.459218134126044,0.540781865873956,False
3900,0.000251188643150958,0.979635708288736,0.3754016477285164,0.6245983522714836,False
3900,0.0003162277660168379,1.233288287465668,0.2912761978100879,0.708723802189912,False
3900,0.0003981071705534974,1.55261796515864,0.2116276108651567,0.7883723891348433,False
3900,0.0005011872336272725,1.954630211146363,0.1415474626968078,0.8584525373031922,False
3900,0.000630957344480193,2.460733643472753,0.08530601772886365,0.9146939822711364,False
3900,0.0007943282347242813,3.097880115424697,0.04508926289143451,0.9549107371085654,False
3900,0.001,3.9,0.0202024518954984,0.9797975481045016,False
3900,0.001258925411794167,4.909809105997253,0.007351122590525254,0.9926488774094747,False
3900,0.001584893192461114,6.181083450598345,0.002058069625123731,0.9979419303748762,False
3900,0.001995262314968879,7.781523028378627,0.0004141441485041095,0.9995858558514958,False
3900,0.002511886431509579,9.79635708288736,0.0000549722858365555,0.9999450277141635,False
3900,0.003162277660168379,12.33288287465668,0.000004319270299994998,0.9999956807297,False
3900,0.003981071705534973,15.5261796515864,1.75229842510429e-7,0.9999998247701575,False
3900,0.005011872336272725,19.54630211146362,3.088908097957768e-9,0.9999999969110919,False
3900,0.00630957344480193,24.60733643472753,1.902446313818771e-11,0.9999999999809756,False
3900,0.007943282347242814,30.97880115424697,3.107125479680184e-14,0.9999999999999689,False
3900,0.01,39,0,1,False
4000,0.000001,0.004,0.9960079873518596,0.003992012648140419,False
4000,0.000001258925411794166,0.005035701647176665,0.9949769530884145,0.005023046911585505,False
4000,0.000001584893192461114,0.006339572769844456,0.9936804749320204,0.006319525067979614,False
4000,0.000001995262314968879,0.007981049259875516,0.9920507068555254,0.007949293144474567,False
4000,0.000002511886431509582,0.01004754572603833,0.9900027497369812,0.009997250263018786,False
4000,0.000003162277660168379,0.01264911064067352,0.9874305333650101,0.01256946663498992,False
4000,0.000003981071705534969,0.01592428682213988,0.9842018030858184,0.01579819691418161,False
4000,0.000005011872336272725,0.0200474893450909,0.9801520761782521,0.01984792382174794,False
4000,0.00000630957344480193,0.02523829377920772,0.9750774517947584,0.02492254820524165,False
4000,0.000007943282347242822,0.03177312938897129,0.9687262104402771,0.03127378955972293,False
4000,0.00001,0.04,0.9607892469933484,0.03921075300665156,False
4000,0.00001258925411794166,0.05035701647176664,0.9508895791284208,0.04911042087157924,False
4000,0.00001584893192461114,0.06339572769844457,0.9385715097368982,0.06142849026310182,False
4000,0.00001995262314968879,0.07981049259875514,0.9232905651962389,0.07670943480376113,False
4000,0.00002511886431509582,0.1004754572603833,0.9044061674701647,0.09559383252983533,False
4000,0.0000316227766016838,0.1264911064067352,0.8811802239832957,0.1188197760167043,False
4000,0.00003981071705534969,0.1592428682213988,0.8527865151882691,0.1472134848117309,False
4000,0.00005011872336272725,0.200474893450909,0.818337924220872,0.181662075779128,False
4000,0.00006309573444801929,0.2523829377920772,0.7769409722654256,0.2230590277345744,False
4000,0.00007943282347242822,0.3177312938897129,0.7277891413771368,0.2722108586228632,False
4000,0.0001,0.4,0.670306638875002,0.329693361124998,False
4000,0.0001258925411794167,0.503570164717667,0.6043499476840923,0.3956500523159077,False
4000,0.0001584893192461114,0.6339572769844457,0.5304616997634239,0.4695383002365761,False
4000,0.0001995262314968879,0.7981049259875515,0.4501454356882239,0.549854564311776,False
4000,0.000251188643150958,1.004754572603832,0.3660882753399894,0.6339117246600106,False
4000,0.0003162277660168379,1.264911064067352,0.2822079393352854,0.7177920606647146,False
4000,0.0003981071705534974,1.592428682213989,0.2033664520106127,0.7966335479893873,False
4000,0.0005011872336272725,2.00474893450909,0.1346264356204465,0.8653735643795535,False
4000,0.000630957344480193,2.523829377920772,0.08008826601485378,0.9199117339851463,False
4000,0.0007943282347242813,3.177312938897125,0.04164493517381365,0.9583550648261864,False
4000,0.001,4,0.01827901982748941,0.9817209801725106,False
4000,0.001258925411794167,5.03570164717667,0.006481041239452034,0.993518958760548,False
4000,0.001584893192461114,6.339572769844456,0.00175620182279189,0.9982437981772081,False
4000,0.001995262314968879,7.981049259875515,0.0003391656217337143,0.9996608343782662,False
4000,0.002511886431509579,10.04754572603832,0.00004274808988091187,0.9999572519101191,False
4000,0.003162277660168379,12.64911064067352,0.00000314671060024734,0.9999968532893998,False
4000,0.003981071705534973,15.92428682213989,1.175891502371435e-7,0.9999998824108498,False
4000,0.005011872336272725,20.0474893450909,1.868937846564535e-9,0.9999999981310621,False
4000,0.00630957344480193,25.23829377920772,1.010236334958989e-11,0.9999999999898976,False
4000,0.007943282347242814,31.77312938897126,1.399616384309613e-14,0.999999999999986,False
4000,0.01,40,0,1,False
4100,0.000001,0.004099999999999999,0.9959083914832001,0.004091608516799905,False
4100,0.000001258925411794166,0.005161594188356081,0.9948517007168673,0.005148299283132651,False
4100,0.000001584893192461114,0.006498062089090568,0.9935229995446223,0.006477000455377691,False
4100,0.000001995262314968879,0.008180575491372404,0.9918527862649167,0.008147213735083314,False
4100,0.000002511886431509582,0.01029873436918929,0.9897541032071714,0.01024589679282861,False
4100,0.000003162277660168379,0.01296533840669035,0.9871183292861093,0.01288167071389068,False
4100,0.000003981071705534969,0.01632239399269337,0.9838100624935092,0.01618993750649078,False
4100,0.000005011872336272725,0.02054867657871817,0.979660958321229,0.02033904167877099,False
4100,0.00000630957344480193,0.02586925112368791,0.974462411627246,0.02553758837275399,False
4100,0.000007943282347242822,0.03256745762369557,0.9679570263374516,0.03204297366254838,False
4100,0.00001,0.041,0.9598289331817148,0.04017106681828519,False
4100,0.00001258925411794166,0.05161594188356081,0.9496932257606669,0.05030677423933305,False
4100,0.00001584893192461114,0.06498062089090569,0.9370851405411078,0.06291485945889219,False
4100,0.00001995262314968879,0.08180575491372402,0.921450176604952,0.07854982339504801,False
4100,0.00002511886431509582,0.1029873436918929,0.9021372242496287,0.09786277575037128,False
4100,0.0000316227766016838,0.1296533840669035,0.8783980447861388,0.1216019552138612,False
4100,0.00003981071705534969,0.1632239399269337,0.849398192528494,0.150601807471506,False
4100,0.00005011872336272725,0.2054867657871817,0.8142466774592606,0.1857533225407394,False
4100,0.00006309573444801929,0.2586925112368791,0.7720540852654154,0.2279459147345846,False
4100,0.00007943282347242822,0.3256745762369557,0.7220307784631366,0.2779692215368634,False
4100,0.0001,0.41,0.663636644538632,0.336363355461368,False
4100,0.0001258925411794167,0.5161594188356087,0.5967888508174074,0.4032111491825926,False
4100,0.0001584893192461114,0.6498062089090568,0.5221200649721951,0.4778799350278049,False
4100,0.0001995262314968879,0.8180575491372403,0.4412519850867296,0.5587480149132704,False
4100,0.000251188643150958,1.029873436918928,0.3570059592235173,0.6429940407764827,False
4100,0.0003162277660168379,1.296533840669036,0.2734220016006741,0.7265779983993259,False
4100,0.0003981071705534974,1.632239399269339,0.1954277782294529,0.8045722217705471,False
4100,0.0005011872336272725,2.054867657871817,0.1280438152868066,0.8719561847131934,False
4100,0.000630957344480193,2.586925112368791,0.07518965864345739,0.9248103413565426,False
4100,0.0007943282347242813,3.256745762369553,0.03846371651288632,0.9615362834871137,False
4100,0.001,4.1,0.01653871359684821,0.9834612864031518,False
4100,0.001258925411794167,5.161594188356086,0.005713943010774452,0.9942860569892256,False
4100,0.001584893192461114,6.498062089090568,0.001498610544913966,0.998501389455086,False
4100,0.001995262314968879,8.180575491372403,0.0002777615460257445,0.9997222384539742,False
4100,0.002511886431509579,10.29873436918928,0.00003324219032659061,0.9999667578096734,False
4100,0.003162277660168379,12.96533840669036,0.000002292467688748362,0.9999977075323112,False
4100,0.003981071705534973,16.32239399269339,7.890898065876295e-8,0.9999999210910193,False
4100,0.005011872336272725,20.54867657871817,1.130797214922202e-9,0.9999999988692028,False
4100,0.00630957344480193,25.86925112368791,5.364553233687683e-12,0.9999999999946354,False
4100,0.007943282347242814,32.56745762369554,6.3046247602126e-15,0.9999999999999937,False
4100,0.01,41,0,1,False
4200,0.000001,0.0042,0.9958088055736344,0.004191194426365619,False
4200,0.000001258925411794166,0.005287486729535498,0.994726464112677,0.005273535887323044,False
4200,0.000001584893192461114,0.006656551408336679,0.9933655491134332,0.006634450886566778,False
4200,0.000001995262314968879,0.008380101722869291,0.9916549051607575,0.008345094839242506,False
4200,0.000002511886431509582,0.01054992301234025,0.9895055191267808,0.01049448087321925,False
4200,0.000003162277660168379,0.01328156617270719,0.9868062239193546,0.01319377608064543,False
4200,0.000003981071705534969,0.01672050116324687,0.9834184778252099,0.01658152217479014,False
4200,0.000005011872336272725,0.02104986381234545,0.9791700865451514,0.02082991345484864,False
4200,0.00000630957344480193,0.02650020846816811,0.9738477594026678,0.02615224059733223,False
4200,0.000007943282347242822,0.03336178585841985,0.9671884529791045,0.0328115470208955,False
4200,0.00001,0.042,0.9588695792086926,0.04113042079130735,False
4200,0.00001258925411794166,0.05287486729535498,0.9484983775743896,0.0515016224256104,False
4200,0.00001584893192461114,0.06656551408336679,0.9356011252345665,0.06439887476543349,False
4200,0.00001995262314968879,0.0838010172286929,0.9196134564473031,0.08038654355269692,False
4200,0.00002511886431509582,0.1054992301234025,0.8998739732761418,0.1001260267238582,False
4200,0.0000316227766016838,0.1328156617270719,0.8756246498545323,0.1243753501454677,False
4200,0.00003981071705534969,0.1672050116324687,0.8460233324765841,0.1539766675234159,False
4200,0.00005011872336272725,0.2104986381234545,0.8101758847173993,0.1898241152826007,False
4200,0.00006309573444801929,0.265002084681681,0.7671979363335512,0.2328020636664488,False
4200,0.00007943282347242822,0.3336178585841985,0.7163179764699636,0.2836820235300364,False
4200,0.0001,0.42,0.6570330210568337,0.3429669789431663,False
4200,0.0001258925411794167,0.5287486729535503,0.5893223517678422,0.4106776482321578,False
4200,0.0001584893192461114,0.6656551408336679,0.513909604346832,0.486090395653168,False
4200,0.0001995262314968879,0.8380101722869291,0.4325342409510363,0.5674657590489638,False
4200,0.000251188643150958,1.054992301234023,0.3481489670837907,0.6518510329162093,False
4200,0.0003162277660168379,1.328156617270719,0.2649095951567072,0.7350904048432928,False
4200,0.0003981071705534974,1.672050116324689,0.1877990008976859,0.8122009991023141,False
4200,0.0005011872336272725,2.104986381234545,0.1217830551454623,0.8782169448545377,False
4200,0.000630957344480193,2.65002084681681,0.07059067511676566,0.9294093248832344,False
4200,0.0007943282347242813,3.336178585841981,0.03552550824749433,0.9644744917525057,False
4200,0.001,4.2,0.01496409818579098,0.985035901814209,False
4200,0.001258925411794167,5.287486729535503,0.005037638787365386,0.9949623612126346,False
4200,0.001584893192461114,6.656551408336679,0.001278801522798252,0.9987211984772018,False
4200,0.001995262314968879,8.380101722869291,0.0002274743414625465,0.9997725256585375,False
4200,0.002511886431509579,10.54992301234023,0.00002585011916994927,0.99997414988083,False
4200,0.003162277660168379,13.28156617270719,0.00000167012756226841,0.9999983298724378,False
4200,0.003981071705534973,16.72050116324689,5.295239582944265e-8,0.9999999470476042,False
4200,0.005011872336272725,21.04986381234544,6.841866590835582e-1,0.9999999993158133,False
4200,0.00630957344480193,26.50020846816811,2.848683065654856e-12,0.9999999999971513,False
4200,0.007943282347242814,33.36178585841981,2.839941987867796e-15,0.9999999999999971,False
4200,0.01,42,0,1,False
4300,0.000001,0.0043,0.9957092296221667,0.004290770377833319,False
4300,0.000001258925411794166,0.005413379270714914,0.9946012432738585,0.00539875672614154,False
4300,0.000001584893192461114,0.006815040727582791,0.9932081236344982,0.006791876365501825,False
4300,0.000001995262314968879,0.008579627954366179,0.9914570635351702,0.008542936464829842,False
4300,0.000002511886431509582,0.0108011116554912,0.9892569974801249,0.01074300251987514,False
4300,0.000003162277660168379,0.01359779393872403,0.986494217233535,0.01350578276646497,False
4300,0.000003981071705534969,0.01711860833380037,0.9830270490188581,0.01697295098114193,False
4300,0.000005011872336272725,0.02155105104597272,0.978679460726717,0.02132053927328303,False
4300,0.00000630957344480193,0.0271311658126483,0.9732334948763246,0.0267665051236754,False
4300,0.000007943282347242822,0.03415611409314413,0.9664204898802948,0.03357951011970517,False
4300,0.00001,0.043,0.9579111841149184,0.04208881588508162,False
4300,0.00001258925411794166,0.05413379270714914,0.9473050326758576,0.05269496732414236,False
4300,0.00001584893192461114,0.06815040727582791,0.9341194600895364,0.06588053991046361,False
4300,0.00001995262314968879,0.08579627954366179,0.917780397411029,0.08221960258897099,False
4300,0.00002511886431509582,0.108011116554912,0.8976164002691898,0.1023835997308102,False
4300,0.0000316227766016838,0.1359779393872403,0.8728600114536265,0.1271399885463735,False
4300,0.00003981071705534969,0.1711860833380037,0.8426618815424122,0.1573381184575878,False
4300,0.00005011872336272725,0.2155105104597272,0.8061254437362587,0.1938745562637413,False
4300,0.00006309573444801929,0.2713116581264829,0.7623723321302216,0.2376276678697784,False
4300,0.00007943282347242822,0.3415611409314414,0.7106503749136512,0.2893496250863488,False
4300,0.0001,0.43,0.6504951079957124,0.3495048920042876,False
4300,0.0001258925411794167,0.541337927071492,0.5819492670104188,0.4180507329895812,False
4300,0.0001584893192461114,0.6815040727582791,0.5058282551427744,0.4941717448572256,False
4300,0.0001995262314968879,0.8579627954366179,0.4239887318769041,0.5760112681230959,False
4300,0.000251188643150958,1.080111165549119,0.3395117088385173,0.6604882911614827,False
4300,0.0003162277660168379,1.359779393872403,0.2566622041944612,0.7433377958055388,False
4300,0.0003981071705534974,1.711860833380039,0.1804680228046194,0.8195319771953806,False
4300,0.0005011872336272725,2.155105104597272,0.1158284176970386,0.8841715823029613,False
4300,0.000630957344480193,2.71311658126483,0.06627298891021573,0.9337270110897843,False
4300,0.0007943282347242813,3.41561140931441,0.03281174703489625,0.9671882529651038,False
4300,0.001,4.3,0.01353939852714218,0.9864606014728579,False
4300,0.001258925411794167,5.413379270714921,0.004441382160115133,0.9955586178398849,False
4300,0.001584893192461114,6.81504072758279,0.001091233036002033,0.998908766963998,False
4300,0.001995262314968879,8.579627954366179,0.0001862913594923006,0.9998137086405077,False
4300,0.002511886431509579,10.80111165549119,0.00002010182405357505,0.9999798981759465,False
4300,0.003162277660168379,13.59779393872403,0.000001216735174911684,0.9999987832648251,False
4300,0.003981071705534973,17.11860833380038,3.553405709552265e-8,0.9999999644659429,False
4300,0.005011872336272725,21.55105104597272,4.139658095108828e-1,0.9999999995860341,False
4300,0.00630957344480193,27.1311658126483,1.512706623468505e-12,0.9999999999984873,False
4300,0.007943282347242814,34.1561140931441,1.279262573302224e-15,0.9999999999999987,False
4300,0.01,43,0,1,False
4400,0.000001,0.004399999999999999,0.9956096636278013,0.004390336372198655,False
4400,0.000001258925411794166,0.005539271811894331,0.9944760381984272,0.005523961801572774,False
4400,0.000001584893192461114,0.006973530046828902,0.9930507231038629,0.006949276896137113,False
4400,0.000001995262314968879,0.008779154185863067,0.9912592613802782,0.0087407386197218,False
4400,0.000002511886431509582,0.01105230029864216,0.9890085382515228,0.0109914617484772,False
4400,0.000003162277660168379,0.01391402170474087,0.98618230919745,0.01381769080255002,False
4400,0.000003981071705534969,0.01751671550435386,0.9826357760124165,0.01736422398758353,False
4400,0.000005011872336272725,0.02205223827959999,0.9781890807426856,0.02181091925731438,False
4400,0.00000630957344480193,0.02776212315712849,0.9726196178036719,0.0273803821963281,False
4400,0.000007943282347242822,0.03495044232786842,0.9656531365564667,0.03434686344353333,False
4400,0.00001,0.044,0.9569537469419873,0.04304625305801268,False
4400,0.00001258925411794166,0.05539271811894331,0.9461131891737229,0.05388681082627711,False
4400,0.00001584893192461114,0.06973530046828902,0.9326401413841833,0.06735985861581673,False
4400,0.00001995262314968879,0.08779154185863065,0.9159509921984424,0.08404900780155755,False
4400,0.00002511886431509582,0.1105230029864216,0.8953644909840842,0.1046355090159158,False
4400,0.0000316227766016838,0.1391402170474087,0.8701041019361401,0.1298958980638599,False
4400,0.00003981071705534969,0.1751671550435387,0.8393137864483797,0.1606862135516203,False
4400,0.00005011872336272725,0.2205223827959999,0.8020952527680488,0.1979047472319512,False
4400,0.00006309573444801929,0.2776212315712849,0.7575770805319034,0.2424229194680966,False
4400,0.00007943282347242822,0.3495044232786842,0.7050276161624285,0.2949723838375715,False
4400,0.0001,0.44,0.6440222514931276,0.3559777485068724,False
4400,0.0001258925411794167,0.5539271811894336,0.5746684278273861,0.4253315721726139,False
4400,0.0001584893192461114,0.6973530046828903,0.4978739870526043,0.5021260129473957,False
4400,0.0001995262314968879,0.8779154185863066,0.4156120550440657,0.5843879449559343,False
4400,0.000251188643150958,1.105230029864215,0.3310887330902464,0.6689112669097537,False
4400,0.0003162277660168379,1.391402170474087,0.2486715780264231,0.7513284219735769,False
4400,0.0003981071705534974,1.751671550435388,0.1734232189699043,0.8265767810300957,False
4400,0.0005011872336272725,2.205223827959999,0.1101649349342962,0.8898350650657038,False
4400,0.000630957344480193,2.776212315712849,0.06221939444308314,0.9377806055569169,False
4400,0.0007943282347242813,3.495044232786838,0.03030528756919214,0.9696947124308078,False
4400,0.001,4.4,0.01225034146400116,0.9877496585359988,False
4400,0.001258925411794167,5.539271811894337,0.003915698668523497,0.9960843013314765,False
4400,0.001584893192461114,6.973530046828902,0.0009311761971134881,0.9990688238028865,False
4400,0.001995262314968879,8.779154185863067,0.000152564330545402,0.9998474356694546,False
4400,0.002511886431509579,11.05230029864215,0.00001563177823762742,0.9999843682217624,False
4400,0.003162277660168379,13.91402170474087,8.864259948243646e-7,0.9999991135740052,False
4400,0.003981071705534973,17.51671550435388,2.384536514145396e-8,0.9999999761546349,False
4400,0.005011872336272725,22.05223827959999,2.504692091972986e-1,0.9999999997495308,False
4400,0.00630957344480193,27.76212315712849,8.03276909345988e-13,0.9999999999991968,False
4400,0.007943282347242814,34.95044232786838,5.762486481917567e-16,0.9999999999999994,False
4400,0.01,44,0,1,False
4500,0.000001,0.0045,0.9955101075895425,0.004489892410457497,False
4500,0.000001258925411794166,0.005665164353073748,0.994350848884399,0.005649151115601048,False
4500,0.000001584893192461114,0.007132019366075013,0.9928933475175734,0.00710665248242659,False
4500,0.000001995262314968879,0.008978680417359955,0.9910614986882071,0.008938501311792857,False
4500,0.000002511886431509582,0.01130348894179312,0.988760141425298,0.011239858574702,False
4500,0.000003162277660168379,0.01423024947075771,0.9858704997799086,0.01412950022009141,False
4500,0.000003981071705534969,0.01791482267490736,0.982244658743872,0.01775534125612799,False
4500,0.000005011872336272725,0.02255342551322726,0.9776989464698789,0.02230105353012113,False
4500,0.00000630957344480193,0.02839308050160868,0.9720061279403193,0.02799387205968074,False
4500,0.000007943282347242822,0.0357447705625927,0.9648863925234492,0.03511360747655079,False
4500,0.00001,0.04500000000000001,0.9559972667324524,0.04400273326754756,False
4500,0.00001258925411794166,0.05665164353073748,0.9449228451790167,0.0550771548209833,False
4500,0.00001584893192461114,0.07132019366075014,0.9311631654025667,0.06883683459743328,False
4500,0.00001995262314968879,0.08978680417359954,0.9141252335264023,0.08587476647359771,False
4500,0.00002511886431509582,0.1130348894179312,0.8931182312118742,0.1068817687881258,False
4500,0.0000316227766016838,0.1423024947075771,0.8673568937420835,0.1326431062579165,False
4500,0.00003981071705534969,0.1791482267490736,0.8359789941285729,0.1640210058714271,False
4500,0.00005011872336272725,0.2255342551322726,0.7980852105736638,0.2019147894263362,False
4500,0.00006309573444801929,0.2839308050160868,0.752811990623513,0.247188009376487,False
4500,0.00007943282347242822,0.357447705625927,0.6994493454141542,0.3005506545858458,False
4500,0.0001,0.45,0.6376138041932994,0.3623861958067006,False
4500,0.0001258925411794167,0.5665164353073754,0.5674786801229655,0.4325213198770345,False
4500,0.0001584893192461114,0.7132019366075014,0.4900448016959649,0.5099551983040351,False
4500,0.0001995262314968879,0.8978680417359954,0.4074008748612237,0.5925991251387763,False
4500,0.000251188643150958,1.130348894179311,0.3228747236857245,0.6771252763142755,False
4500,0.0003162277660168379,1.423024947075771,0.2409297228325054,0.7590702771674945,False
4500,0.0003981071705534974,1.791482267490738,0.1666534182094089,0.8333465817905911,False
4500,0.0005011872336272725,2.255342551322726,0.1047783707174651,0.8952216292825349,False
4500,0.000630957344480193,2.839308050160868,0.05841373851583186,0.9415862614841681,False
4500,0.0007943282347242813,3.574477056259266,0.02799029425878102,0.9720097057412189,False
4500,0.001,4.5,0.01108401275608971,0.9889159872439103,False
4500,0.001258925411794167,5.665164353073754,0.003452235252433043,0.996547764747567,False
4500,0.001584893192461114,7.132019366075014,0.0007945957292930805,0.9992054042707069,False
4500,0.001995262314968879,8.978680417359955,0.0001249433952181163,0.9998750566047819,False
4500,0.002511886431509579,11.30348894179311,0.00001215573722161322,0.9999878442627784,False
4500,0.003162277660168379,14.23024947075771,6.457864131012714e-7,0.9999993542135869,False
4500,0.003981071705534973,17.91482267490738,1.600159073310298e-8,0.9999999839984093,False
4500,0.005011872336272725,22.55342551322726,1.515459086586011e-1,0.9999999998484541,False
4500,0.00630957344480193,28.39308050160869,4.265558060484534e-13,0.9999999999995735,False
4500,0.007943282347242814,35.74477056259266,0,0.9999999999999998,False
4500,0.01,45,0,1,False
4600,0.000001,0.0046,0.9954105615063947,0.004589438493605269,False
4600,0.000001258925411794166,0.005791056894253164,0.9942256753297893,0.005774324670210662,False
4600,0.000001584893192461114,0.007290508685321125,0.9927359968716769,0.007264003128323093,False
4600,0.000001995262314968879,0.009178206648856843,0.990863775451084,0.00913622454891605,False
4600,0.000002511886431509582,0.01155467758494408,0.9885118069857775,0.01148819301422255,False
4600,0.000003162277660168379,0.01454647723677454,0.9855587889497298,0.01444121105027019,False
4600,0.000003981071705534969,0.01831292984546086,0.9818536971512368,0.01814630284876317,False
4600,0.000005011872336272725,0.02305461274685454,0.97720905778518,0.02279094221482003,False
4600,0.00000630957344480193,0.02902403784608888,0.9713930250420304,0.0286069749579696,False
4600,0.000007943282347242822,0.03653909879731698,0.9641202572974555,0.03587974270254446,False
4600,0.00001,0.04600000000000001,0.9550417425298241,0.0449582574701759,False
4600,0.00001258925411794166,0.05791056894253164,0.943733998805147,0.05626600119485303,False
4600,0.00001584893192461114,0.07290508685321125,0.9296885284346312,0.07031147156536877,False
4600,0.00001995262314968879,0.09178206648856842,0.9123031141262848,0.08769688587371516,False
4600,0.00002511886431509582,0.1155467758494408,0.8908776067792548,0.1091223932207452,False
4600,0.0000316227766016838,0.1454647723677455,0.8646183593984831,0.1353816406015169,False
4600,0.00003981071705534969,0.1831292984546086,0.8326574517279212,0.1673425482720788,False
4600,0.00005011872336272725,0.2305461274685454,0.7940952164201383,0.2059047835798617,False
4600,0.00006309573444801929,0.2902403784608887,0.7480768726908048,0.2519231273091952,False
4600,0.00007943282347242822,0.3653909879731698,0.6939152106739279,0.3060847893260721,False
4600,0.0001,0.46,0.6312691251820659,0.3687308748179341,False
4600,0.0001258925411794167,0.579105689425317,0.5603788842404133,0.4396211157595867,False
4600,0.0001584893192461114,0.7290508685321125,0.4823387321174996,0.5176612678825004,False
4600,0.0001995262314968879,0.9178206648856843,0.3993519216378185,0.6006480783621815,False
4600,0.000251188643150958,1.155467758494407,0.3148644963606101,0.6851355036393898,False
4600,0.0003162277660168379,1.454647723677454,0.2334288936630304,0.7665711063369696,False
4600,0.0003981071705534974,1.831292984546088,0.1601478854206939,0.8398521145793061,False
4600,0.0005011872336272725,2.305461274685454,0.09965518498925525,0.9003448150107447,False
4600,0.000630957344480193,2.902403784608888,0.05484085594110607,0.9451591440588939,False
4600,0.0007943282347242813,3.653909879731694,0.02585214117847867,0.9741478588215213,False
4600,0.001,4.600000000000001,0.01002872770021814,0.9899712722997819,False
4600,0.001258925411794167,5.79105689425317,0.003043627522706022,0.996956372477294,False
4600,0.001584893192461114,7.290508685321125,0.0006780482307945551,0.9993219517692055,False
4600,0.001995262314968879,9.178206648856843,0.0001023230787486379,0.9998976769212513,False
4600,0.002511886431509579,11.55467758494406,0.000009452663999879025,0.9999905473360001,False
4600,0.003162277660168379,14.54647723677455,4.704736704261903e-7,0.9999995295263295,False
4600,0.003981071705534973,18.31292984546088,1.073797379368269e-8,0.9999999892620262,False
4600,0.005011872336272725,23.05461274685453,9.169255775894694e-11,0.9999999999083075,False
4600,0.00630957344480193,29.02403784608888,2.265095056968408e-13,0.9999999999997735,False
4600,0.007943282347242814,36.53909879731695,0,0.9999999999999999,False
4600,0.01,46,0,1,False
4700,0.000001,0.0047,0.9953110253773626,0.004688974622637399,False
4700,0.000001258925411794166,0.005916949435432581,0.9941005175326147,0.005899482467385253,False
4700,0.000001584893192461114,0.007448998004567236,0.9925786711622208,0.00742132883777924,False
4700,0.000001995262314968879,0.009377732880353731,0.9906660916610368,0.009333908338963193,False
4700,0.000002511886431509582,0.01180586622809504,0.9882635349172925,0.01173646508270754,False
4700,0.000003162277660168379,0.01486270500279138,0.9852471766757424,0.01475282332425765,False
4700,0.000003981071705534969,0.01871103701601436,0.9814628911725471,0.01853710882745285,False
4700,0.000005011872336272725,0.02355579998048181,0.9767194145655336,0.02328058543446643,False
4700,0.00000630957344480193,0.02965499519056907,0.9707803088647231,0.02921969113527689,False
4700,0.000007943282347242822,0.03733342703204126,0.9633547303950832,0.03664526960491676,False
4700,0.00001,0.04700000000000001,0.9540871733785684,0.04591282662143159,False
4700,0.00001258925411794166,0.05916949435432581,0.9425466481678952,0.05745335183210476,False
4700,0.00001584893192461114,0.07448998004567237,0.9282162267761969,0.07178377322380314,False
4700,0.00001995262314968879,0.0937773288035373,0.9104846267439551,0.08951537325604486,False
4700,0.00002511886431509582,0.1180586622809504,0.8886426035484792,0.1113573964515208,False
4700,0.0000316227766016838,0.1486270500279138,0.8618884715191065,0.1381115284808935,False
4700,0.00003981071705534969,0.1871103701601436,0.8293491066013599,0.1706508933986401,False
4700,0.00005011872336272725,0.2355579998048181,0.7901251700781173,0.2098748299218827,False
4700,0.00006309573444801929,0.2965499519056907,0.7433715382128181,0.2566284617871819,False
4700,0.00007943282347242822,0.3733342703204127,0.6884248627318791,0.3115751372681209,False
4700,0.0001,0.47,0.6249875799227853,0.3750124200772147,False
4700,0.0001258925411794167,0.5916949435432587,0.5533679147813716,0.4466320852186284,False
4700,0.0001584893192461114,0.7448998004567237,0.4747538422926866,0.5252461577073133,False
4700,0.0001995262314968879,0.937773288035373,0.3914619902820385,0.6085380097179616,False
4700,0.000251188643150958,1.180586622809502,0.3070529954674307,0.6929470045325693,False
4700,0.0003162277660168379,1.486270500279138,0.2261615866906849,0.7738384133093151,False
4700,0.0003981071705534974,1.871103701601438,0.1538963045599968,0.8461036954400032,False
4700,0.0005011872336272725,2.355579998048181,0.09478249973958887,0.9052175002604111,False
4700,0.000630957344480193,2.965499519056907,0.05148650911185939,0.9485134908881406,False
4700,0.0007943282347242813,3.733342703204122,0.023877319664202,0.976122680335798,False
4700,0.001,4.7,0.009073914068699103,0.9909260859313009,False
4700,0.001258925411794167,5.916949435432588,0.002683382741788762,0.9973166172582112,False
4700,0.001584893192461114,7.448998004567236,0.0005785953615590743,0.999421404638441,False
4700,0.001995262314968879,9.377732880353731,0.00008379804651796312,0.9999162019534821,False
4700,0.002511886431509579,11.80586622809502,0.000007350673600918026,0.9999926493263991,False
4700,0.003162277660168379,14.86270500279138,3.427533780113463e-7,0.999999657246622,False
4700,0.003981071705534973,18.71103701601438,7.205788669202933e-9,0.9999999927942114,False
4700,0.005011872336272725,23.5557999804818,5.547840402157004e-11,0.9999999999445216,False
4700,0.00630957344480193,29.65499519056907,1.202809935851609e-13,0.9999999999998798,False
4700,0.007943282347242814,37.33342703204122,0,1,False
4700,0.01,47,0,1,False
4800,0.000001,0.0048,0.9952114992014506,0.004788500798549422,False
4800,0.000001258925411794166,0.006042841976611997,0.9939753754908913,0.006024624509108678,False
4800,0.000001584893192461114,0.007607487323813347,0.9924213703852531,0.007578629614746868,False
4800,0.000001995262314968879,0.009577259111850618,0.9904684473101961,0.009531552689803879,False
4800,0.000002511886431509582,0.01205705487124599,0.9880153252041779,0.0119846747958221,False
4800,0.000003162277660168379,0.01517893276880822,0.9849356629267849,0.01506433707321508,False
4800,0.000003981071705534969,0.01910914418656785,0.9810722407458643,0.0189277592541357,False
4800,0.000005011872336272725,0.02405698721410908,0.9762300166879465,0.02376998331205349,False
4800,0.00000630957344480193,0.03028595253504926,0.9701679791644692,0.02983202083553083,False
4800,0.000007943282347242822,0.03812775526676555,0.9625898113333137,0.03741018866668633,False
4800,0.00001,0.048,0.9531335583241065,0.04686644167589349,False
4800,0.00001258925411794166,0.06042841976611997,0.9413607913854134,0.0586392086145866,False
4800,0.00001584893192461114,0.07607487323813347,0.9267462567289496,0.07325374327105039,False
4800,0.00001995262314968879,0.09577259111850617,0.9086697641397374,0.09133023586026257,False
4800,0.00002511886431509582,0.12057054871246,0.8864132074172689,0.1135867925827311,False
4800,0.0000316227766016838,0.1517893276880822,0.859167202804189,0.140832797195811,False
4800,0.00003981071705534969,0.1910914418656785,0.8260539063129955,0.1739460936870045,False
4800,0.00005011872336272725,0.2405698721410908,0.7861749718193387,0.2138250281806613,False
4800,0.00006309573444801929,0.3028595253504926,0.7386957998543722,0.2613042001456278,False
4800,0.00007943282347242822,0.3812775526676555,0.6829779551411312,0.3170220448588688,False
4800,0.0001,0.48,0.6187685401928745,0.3812314598071255,False
4800,0.0001258925411794167,0.6042841976612003,0.5464446604274811,0.4535553395725189,False
4800,0.0001584893192461114,0.7607487323813348,0.4672882266414446,0.5327117733585554,False
4800,0.0001995262314968879,0.9577259111850618,0.3837279390245528,0.6162720609754473,False
4800,0.000251188643150958,1.205705487124598,0.2994352907847146,0.7005647092152854,False
4800,0.0003162277660168379,1.517893276880822,0.2191205317036936,0.7808794682963064,False
4800,0.0003981071705534974,1.910914418656787,0.1478887622837315,0.8521112377162685,False
4800,0.0005011872336272725,2.405698721410908,0.09014806663450359,0.9098519333654964,False
4800,0.000630957344480193,3.028595253504927,0.04833733126580583,0.9516626687341941,False
4800,0.0007943282347242813,3.81277552667655,0.02205335296641135,0.9779466470335887,False
4800,0.001,4.8,0.008210006192943552,0.9917899938070565,False
4800,0.001258925411794167,6.042841976612004,0.002365776654735967,0.9976342233452641,False
4800,0.001584893192461114,7.607487323813348,0.0004937297631842213,0.9995062702368158,False
4800,0.001995262314968879,9.577259111850619,0.00006862686977467618,0.9999313731302253,False
4800,0.002511886431509579,12.05705487124598,0.000005716103141709541,0.9999942838968583,False
4800,0.003162277660168379,15.17893276880822,2.497055319413874e-7,0.9999997502944681,False
4800,0.003981071705534973,19.10914418656787,4.835492369683442e-9,0.9999999951645077,False
4800,0.005011872336272725,24.05698721410908,3.356710062415329e-11,0.9999999999664329,False
4800,0.00630957344480193,30.28595253504927,6.387156853892384e-14,0.9999999999999362,False
4800,0.007943282347242814,38.1277552667655,0,1,False
4800,0.01,48,0,1,False
4900,0.000001,0.0049,0.9951119829776636,0.004888017022336433,False
4900,0.000001258925411794166,0.006168734517791414,0.9938502492026359,0.006149750797364129,False
4900,0.000001584893192461114,0.007765976643059459,0.9922640945368227,0.007735905463177262,False
4900,0.000001995262314968879,0.009776785343347506,0.9902708423906933,0.009729157609306704,False
4900,0.000002511886431509582,0.01230824351439695,0.9877671778307729,0.01223282216922705,False
4900,0.000003162277660168379,0.01549516053482506,0.9846242476717061,0.01537575232829391,False
4900,0.000003981071705534969,0.01950725135712135,0.9806817458092741,0.01931825419072586,False
4900,0.000005011872336272725,0.02455817444773635,0.9757408640294869,0.0242591359705131,False
4900,0.00000630957344480193,0.03091690987952946,0.9695560356974942,0.03044396430250584,False
4900,0.000007943282347242822,0.03892208350148983,0.9618254996295116,0.03817450037048842,False
4900,0.00001,0.049,0.9521808964128138,0.04781910358718622,False
4900,0.00001258925411794166,0.06168734517791414,0.9401764265782215,0.05982357342177846,False
4900,0.00001584893192461114,0.07765976643059459,0.9252786146004324,0.07472138539956763,False
4900,0.00001995262314968879,0.09776785343347505,0.9068585190883871,0.09314148091161289,False
4900,0.00002511886431509582,0.1230824351439695,0.8841894043187244,0.1158105956812756,False
4900,0.0000316227766016838,0.1549516053482506,0.8564545260401601,0.1435454739598399,False
4900,0.00003981071705534969,0.1950725135712135,0.8227717986352748,0.1772282013647252,False
4900,0.00005011872336272725,0.2455817444773635,0.7822445224141272,0.2177554775858728,False
4900,0.00006309573444801929,0.3091690987952945,0.7340494714586068,0.2659505285413932,False
4900,0.00007943282347242822,0.3892208350148983,0.677574144195941,0.322425855804059,False
4900,0.0001,0.49,0.6126113840209809,0.3873886159790191,False
4900,0.0001258925411794167,0.616873451779142,0.5396080237642233,0.4603919762357767,False
4900,0.0001584893192461114,0.7765976643059459,0.4599400095493862,0.5400599904506138,False
4900,0.0001995262314968879,0.9776785343347506,0.3761466881674592,0.6238533118325408,False
4900,0.000251188643150958,1.230824351439694,0.2920065744052871,0.7079934255947129,False
4900,0.0003162277660168379,1.549516053482506,0.2122986848327014,0.7877013151672986,False
4900,0.0003981071705534974,1.950725135712137,0.1421157322285642,0.8578842677714358,False
4900,0.0005011872336272725,2.455817444773635,0.0857402362278544,0.9142597637721456,False
4900,0.000630957344480193,3.091690987952946,0.04538077322010674,0.9546192267798933,False
4900,0.0007943282347242813,3.892208350148978,0.02036871742309852,0.9796312825769015,False
4900,0.001,4.9,0.007428349131130244,0.9925716508688698,False
4900,0.001258925411794167,6.168734517791421,0.002085762531349804,0.9979142374686502,False
4900,0.001584893192461114,7.765976643059459,0.0004213118445973898,0.9995786881554026,False
4900,0.001995262314968879,9.776785343347507,0.00005620235137654186,0.9999437976486235,False
4900,0.002511886431509579,12.30824351439694,0.000004445012375815607,0.9999955549876242,False
4900,0.003162277660168379,15.49516053482506,1.819175438733887e-7,0.9999998180824561,False
4900,0.003981071705534973,19.50725135712137,3.244889287025563e-9,0.9999999967551108,False
4900,0.005011872336272725,24.55817444773635,2.030970905136259e-11,0.9999999999796902,False
4900,0.00630957344480193,30.91690987952946,3.391705660241355e-14,0.9999999999999661,False
4900,0.007943282347242814,38.92208350148979,0,1,False
4900,0.01,49,0,1,False
5000,0.000001,0.005,0.9950124767050064,0.004987523294993634,False
5000,0.000001258925411794166,0.006294627058970831,0.9937251386658653,0.006274861334134685,False
5000,0.000001584893192461114,0.007924465962305571,0.9921068436129792,0.007893156387020817,False
5000,0.000001995262314968879,0.009976311574844394,0.9900732768946615,0.009926723105338486,False
5000,0.000002511886431509582,0.01255943215754791,0.9875190927814204,0.01248090721857964,False
5000,0.000003162277660168379,0.0158113883008419,0.9843129308793641,0.01568706912063589,False
5000,0.000003981071705534969,0.01990535852767485,0.9802914063008871,0.01970859369911293,False
5000,0.000005011872336272725,0.02505936168136362,0.9752519564672845,0.02474804353271554,False
5000,0.00000630957344480193,0.03154786722400965,0.9689444782201774,0.03105552177982263,False
5000,0.000007943282347242822,0.03971641173621411,0.9610617948014251,0.03893820519857494,False
5000,0.00001,0.05,0.9512291866920187,0.04877081330798128,False
5000,0.00001258925411794166,0.06294627058970831,0.9389935518692037,0.06100644813079625,False
5000,0.00001584893192461114,0.0792446596230557,0.9238132967040357,0.07618670329596433,False
5000,0.00001995262314968879,0.09976311574844393,0.9050508843790616,0.09494911562093844,False
5000,0.00002511886431509582,0.1255943215754791,0.8819711802212368,0.1180288197787632,False
5000,0.0000316227766016838,0.158113883008419,0.8537504140993719,0.1462495859006281,False
5000,0.00003981071705534969,0.1990535852767485,0.8195027315481571,0.1804972684518429,False
5000,0.00005011872336272725,0.2505936168136362,0.7783337231289027,0.2216662768710973,False
5000,0.00006309573444801929,0.3154786722400965,0.7294323680395713,0.2705676319604287,False
5000,0.00007943282347242822,0.3971641173621411,0.6722130889100095,0.3277869110899905,False
5000,0.0001,0.5,0.6065154956247782,0.3934845043752218,False
5000,0.0001258925411794167,0.6294627058970838,0.5328569211069688,0.4671430788930312,False
5000,0.0001584893192461114,0.7924465962305571,0.452707344896601,0.547292655103399,False
5000,0.0001995262314968879,0.9976311574844394,0.3687152188579493,0.6312847811420507,False
5000,0.000251188643150958,1.25594321575479,0.2847621577017641,0.7152378422982359,False
5000,0.0003162277660168379,1.58113883008419,0.2056892215040885,0.7943107784959115,False
5000,0.0003981071705534974,1.990535852767487,0.1365680599051352,0.8634319400948648,False
5000,0.0005011872336272725,2.505936168136363,0.0815479286784236,0.9184520713215764,False
5000,0.000630957344480193,3.154786722400965,0.04260505336403628,0.9573949466359637,False
5000,0.0007943282347242813,3.971641173621407,0.0188127696542985,0.9811872303457015,False
5000,0.001,5,0.006721111959865588,0.9932788880401344,False
5000,0.001258925411794167,6.294627058970837,0.001838890974122098,0.998161109025878,False
5000,0.001584893192461114,7.92446596230557,0.000359515839704046,0.9996404841602959,False
5000,0.001995262314968879,9.976311574844395,0.00004602722389383788,0.9999539727761062,False
5000,0.002511886431509579,12.5594321575479,0.000003456574265950832,0.9999965434257341,False
5000,0.003162277660168379,15.8113883008419,1.325320769292942e-7,0.999999867467923,False
5000,0.003981071705534973,19.90535852767487,2.177504518685151e-9,0.9999999978224955,False
5000,0.005011872336272725,25.05936168136362,1.228835002371922e-11,0.9999999999877116,False
5000,0.00630957344480193,31.54786722400965,1.80106227995682e-14,0.999999999999982,False
5000,0.007943282347242814,39.71641173621407,0,1,False
5000,0.01,50,0,1,False
