output_cap,log2_output_cap,treatment_log_demand_shift,treatment_median_demand_ratio_exp_shift,control_truncation_fraction,treatment_truncation_fraction,truncation_asymmetry_treatment_minus_control,latent_control_accuracy,latent_treatment_accuracy,latent_effect,complete_case_effect,complete_case_distortion,truncation_as_error_effect,truncation_as_error_distortion
512,9,-0.6,0.5488116360940264,0.32917365329717,0.1272094161060837,-0.2019642371910862,0.7482949549720432,0.7878836726874054,0.03958871771536221,0.01291380556807531,-0.0266749121472869,0.1718391080850901,0.1322503903697279
512,9,-0.54,0.5827482523739896,0.32917365329717,0.1423246532667672,-0.1868490000304027,0.7482949549720432,0.7878836726874054,0.03958871771536221,0.01475142301555998,-0.02483729469980223,0.1612028926499119,0.1216141749345497
512,9,-0.48,0.6187833918061408,0.32917365329717,0.1586105484337187,-0.1705631048634513,0.7482949549720432,0.7878836726874054,0.03958871771536221,0.01667894724189189,-0.02290977047347031,0.1496366409472415,0.1100479232318793
512,9,-0.42,0.6570468198150567,0.32917365329717,0.1760726445941112,-0.1531010087030588,0.7482949549720432,0.7878836726874054,0.03958871771536221,0.01869373215151482,-0.02089498556384739,0.1371225002476837,0.09753378253232148
512,9,-0.36,0.697676326071031,0.32917365329717,0.1947050612765343,-0.1344685920206357,0.7482949549720432,0.7878836726874054,0.03958871771536221,0.02079266582891026,-0.01879605188645195,0.1236510813548173,0.08406236363945507
512,9,-0.3,0.7408182206817179,0.32917365329717,0.2144897887549322,-0.1146838645422378,0.7482949549720432,0.7878836726874054,0.03958871771536221,0.02297221538274796,-0.01661650233261425,0.1092222682842653,0.06963355056890308
512,9,-0.24,0.7866278610665535,0.32917365329717,0.235396177882354,-0.09377747541481596,0.7482949549720432,0.7878836726874054,0.03958871771536221,0.02522847519328952,-0.01436024252207269,0.09384589574727742,0.05425717803191521
512,9,-0.18,0.835270211411272,0.32917365329717,0.2573806508749462,-0.07179300242222375,0.7482949549720432,0.7878836726874054,0.03958871771536221,0.02755721729261074,-0.01203150042275147,0.07754226729489888,0.03795354957953667
512,9,-0.12,0.8869204367171575,0.32917365329717,0.2803866533199323,-0.04878699997723768,0.7482949549720432,0.7878836726874054,0.03958871771536221,0.0299539426861094,-0.009634775029252807,0.06034249005598569,0.02075377234062348
512,9,-0.05999999999999994,0.9417645335842487,0.32917365329717,0.3043448616303035,-0.02482879166686647,0.7482949549720432,0.7878836726874054,0.03958871771536221,0.0324139325335876,-0.007174785181774612,0.04228860615397256,0.002699888438610354
512,9,0,1,0.32917365329717,0.32917365329717,0,0.7482949549720432,0.7878836726874054,0.03958871771536221,0.03493229824018107,-0.004656419475181139,0.0234335060103944,-0.01615521170496781
512,9,0.05999999999999994,1.06183654654536,0.32917365329717,0.3547798398286613,0.02560618653149138,0.7482949549720432,0.7878836726874054,0.03958871771536221,0.03750402965222144,-0.002084688063140772,0.003840614682346644,-0.03574810303301557
512,9,0.12,1.127496851579376,0.32917365329717,0.3810596544786978,0.05188600118152786,0.7482949549720432,0.7878836726874054,0.03958871771536221,0.04012404070268627,0.0005353229873240606,-0.01641665106389978,-0.05600536877926199
512,9,0.18,1.19721736312181,0.32917365329717,0.4078999790546076,0.07872632575743765,0.7482949549720432,0.7878836726874054,0.03958871771536221,0.04278721199903335,0.003198494283671138,-0.03725565030971534,-0.07684436802507755
512,9,0.24,1.271249150321405,0.32917365329717,0.4351797865546917,0.1060061332575217,0.7482949549720432,0.7878836726874054,0.03958871771536221,0.04548842998613123,0.00589971227076902,-0.05858549849764233,-0.09817421621300454
512,9,0.2999999999999999,1.349858807576003,0.32917365329717,0.4627717694306979,0.1335981161335279,0.7482949549720432,0.7878836726874054,0.03958871771536221,0.0482226224466471,0.008633904731284892,-0.08030824236036532,-0.1198969600757275
512,9,0.36,1.43332941456034,0.32917365329717,0.4905441171826616,0.1613704638854916,0.7482949549720432,0.7878836726874054,0.03958871771536221,0.05098479021553648,0.01139607250017427,-0.1023202043141112,-0.1419089220294734
512,9,0.42,1.521961555618634,0.32917365329717,0.5183624020311779,0.1891887487340079,0.7482949549720432,0.7878836726874054,0.03958871771536221,0.05377003508475742,0.01418131736939521,-0.1245134656838255,-0.1641021833991877
512,9,0.4800000000000001,1.616074402192893,0.32917365329717,0.5460915277865863,0.2169178744894164,0.7482949549720432,0.7878836726874054,0.03958871771536221,0.05657358395724843,0.01698486624188622,-0.1467774534193902,-0.1863661711347524
512,9,0.5399999999999999,1.716006862184858,0.32917365329717,0.573597694901521,0.244424041604351,0.7482949549720432,0.7878836726874054,0.03958871771536221,0.05939080937593877,0.01980209166057656,-0.169000591432209,-0.2085893091475712
512,9,0.6,1.822118800390509,0.32917365329717,0.6007503341457046,0.2715766808485346,0.7482949549720432,0.7878836726874054,0.03958871771536221,0.06221724660567118,0.02262852889030897,-0.1910719754843136,-0.2306606931996759
575,9.167418145831737,-0.6,0.5488116360940264,0.2819372499597049,0.1012286151008011,-0.1807086348589039,0.7482949549720432,0.7878836726874054,0.03958871771536221,0.01508274759054162,-0.02450597012482059,0.1562383619731648,0.1166496442578026
575,9.167418145831737,-0.54,0.5827482523739896,0.2819372499597049,0.1141338079794433,-0.1678034419802616,0.7482949549720432,0.7878836726874054,0.03958871771536221,0.01674088149437059,-0.02284783622099162,0.1473230261790467,0.1077343084636845
575,9.167418145831737,-0.48,0.6187833918061408,0.2819372499597049,0.1281698878613813,-0.1537673620983236,0.7482949549720432,0.7878836726874054,0.03958871771536221,0.01849257412900396,-0.02109614358635825,0.137532737071929,0.09794401935656682
575,9.167418145831737,-0.42,0.6570468198150567,0.2819372499597049,0.1433618976939145,-0.1385753522657904,0.7482949549720432,0.7878836726874054,0.03958871771536221,0.02033618891699018,-0.01925252879837203,0.1268359276834385,0.08724720996807633
575,9.167418145831737,-0.36,0.697676326071031,0.2819372499597049,0.1597252659896574,-0.1222119839700475,0.7482949549720432,0.7878836726874054,0.03958871771536221,0.02226955124504759,-0.01731916647031462,0.1152076624893577,0.07561894477399544
575,9.167418145831737,-0.3,0.7408182206817179,0.2819372499597049,0.1772648080115798,-0.1046724419481251,0.7482949549720432,0.7878836726874054,0.03958871771536221,0.02428998302168273,-0.01529873469367948,0.1026306194616217,0.06304190174625945
575,9.167418145831737,-0.24,0.7866278610665535,0.2819372499597049,0.1959738635863515,-0.08596338637335343,0.7482949549720432,0.7878836726874054,0.03958871771536221,0.02639434316045008,-0.01319437455491212,0.08909599696961357,0.04950727925425136
575,9.167418145831737,-0.18,0.835270211411272,0.2819372499597049,0.2158336033388043,-0.06610364662090062,0.7482949549720432,0.7878836726874054,0.03958871771536221,0.02857907268847593,-0.01100964502688628,0.07460431562655734,0.03501559791119513
575,9.167418145831737,-0.12,0.8869204367171575,0.2819372499597049,0.2368125323584827,-0.04512471760122228,0.7482949549720432,0.7878836726874054,0.03958871771536221,0.03084024317289658,-0.008748474542465634,0.05916608607887464,0.01957736836351243
575,9.167418145831737,-0.05999999999999994,0.9417645335842487,0.2819372499597049,0.2588662163197609,-0.02307103363994401,0.7482949549720432,0.7878836726874054,0.03958871771536221,0.03317360719877549,-0.006415110516586719,0.0428023157630899,0.003213598047727695
575,9.167418145831737,0,1,0.2819372499597049,0.2819372499597049,0,0.7482949549720432,0.7878836726874054,0.03958871771536221,0.03557464971323165,-0.004014068002130555,0.0255448308048033,-0.01404388691055891
575,9.167418145831737,0.05999999999999994,1.06183654654536,0.2819372499597049,0.3059554817064365,0.02401823174673157,0.7482949549720432,0.7878836726874054,0.03958871771536221,0.03803863916244798,-0.001550078552914225,0.007436393454042456,-0.03215232426131975
575,9.167418145831737,0.12,1.127496851579376,0.2819372499597049,0.3308385013326133,0.04890125137290835,0.7482949549720432,0.7878836726874054,0.03958871771536221,0.04056067748081993,0.0009719597654577194,-0.01146939936695757,-0.05105811708231978
575,9.167418145831737,0.18,1.19721736312181,0.2819372499597049,0.3564923900164493,0.07455514005674435,0.7482949549720432,0.7878836726874054,0.03958871771536221,0.04313574813718446,0.00354703042182225,-0.03110844484064423,-0.07069716255600644
575,9.167418145831737,0.24,1.271249150321405,0.2819372499597049,0.3828127243963961,0.1008754744366912,0.7482949549720432,0.7878836726874054,0.03958871771536221,0.0457587615929369,0.006170043877574694,-0.05140669220548011,-0.09099540992084232
575,9.167418145831737,0.2999999999999999,1.349858807576003,0.2819372499597049,0.4096858183994793,0.1277485684397743,0.7482949549720432,0.7878836726874054,0.03958871771536221,0.04842459767376039,0.008835879958398185,-0.07228092478476733,-0.1118696425001295
575,9.167418145831737,0.36,1.43332941456034,0.2819372499597049,0.4369901791149412,0.1550529291552363,0.7482949549720432,0.7878836726874054,0.03958871771536221,0.05112814449729508,0.01153942678193287,-0.09363975395785534,-0.1332284716732176
575,9.167418145831737,0.42,1.521961555618634,0.2819372499597049,0.4645981460771036,0.1826608961173987,0.7482949549720432,0.7878836726874054,0.03958871771536221,0.0538643337265382,0.014275616011176,-0.1153848060931503,-0.1549735238085125
575,9.167418145831737,0.4800000000000001,1.616074402192893,0.2819372499597049,0.4923776773006162,0.2104404273409113,0.7482949549720432,0.7878836726874054,0.03958871771536221,0.0566281720329902,0.01703945431762799,-0.1374120770919501,-0.1770007948073123
575,9.167418145831737,0.5399999999999999,1.716006862184858,0.2819372499597049,0.5201942405311055,0.2382569905714006,0.7482949549720432,0.7878836726874054,0.03958871771536221,0.05941476875157914,0.01982605103621693,-0.1596134235678168,-0.199202141283179
575,9.167418145831737,0.6,1.822118800390509,0.2819372499597049,0.5479127646426654,0.2659755146829604,0.7482949549720432,0.7878836726874054,0.03958871771536221,0.06221935979112481,0.0226306420757626,-0.1818781550498132,-0.2214668727651754
645,9.333155350310616,-0.6,0.5488116360940264,0.2386531272429717,0.07954664250771337,-0.1591064847352583,0.7482949549720432,0.7878836726874054,0.03958871771536221,0.0172958382196966,-0.02229287949566561,0.140730820357143,0.1011421026417808
645,9.333155350310616,-0.54,0.5827482523739896,0.2386531272429717,0.09038645532838474,-0.148266671914587,0.7482949549720432,0.7878836726874054,0.03958871771536221,0.01877234614274181,-0.0208163715726204,0.1333831158109581,0.09379439809559587
645,9.333155350310616,-0.48,0.6187833918061408,0.2386531272429717,0.1022864500231778,-0.1363666772197939,0.7482949549720432,0.7878836726874054,0.03958871771536221,0.02034395215127516,-0.01924476556408705,0.1252356466519042,0.08564692893654202
645,9.333155350310616,-0.42,0.6570468198150567,0.2386531272429717,0.1152869430090119,-0.1233661842339598,0.7482949549720432,0.7878836726874054,0.03958871771536221,0.02201011924002405,-0.01757859847533816,0.116247030685028,0.07665831296966574
645,9.333155350310616,-0.36,0.697676326071031,0.2386531272429717,0.1294208081895657,-0.109232319053406,0.7482949549720432,0.7878836726874054,0.03958871771536221,0.0237697271440348,-0.01581899057132741,0.1063805344492039,0.06679181673384171
645,9.333155350310616,-0.3,0.7408182206817179,0.2386531272429717,0.1447123099029169,-0.09394081734005477,0.7482949549720432,0.7878836726874054,0.03958871771536221,0.0256210921978044,-0.01396762551755781,0.09560511717645914,0.05601639946109693
645,9.333155350310616,-0.24,0.7866278610665535,0.2386531272429717,0.1611760083178978,-0.07747711892507392,0.7482949549720432,0.7878836726874054,0.03958871771536221,0.02756199538605508,-0.01202672232930713,0.08389645552725145,0.04430773781188924
645,9.333155350310616,-0.18,0.835270211411272,0.2386531272429717,0.1788157709898388,-0.05983735625313291,0.7482949549720432,0.7878836726874054,0.03958871771536221,0.02958971745652828,-0.009999000258833934,0.07123792039953059,0.03164920268416838
645,9.333155350310616,-0.12,0.8869204367171575,0.2386531272429717,0.1976239238353283,-0.04102920340764338,0.7482949549720432,0.7878836726874054,0.03958871771536221,0.03170107984910742,-0.007887637866254793,0.05762147602756085,0.01803275831219864
645,9.333155350310616,-0.05999999999999994,0.9417645335842487,0.2386531272429717,0.2175805731295634,-0.02107255411340836,0.7482949549720432,0.7878836726874054,0.03958871771536221,0.03389249013826257,-0.005696227577099644,0.04304847150022117,0.003459753784858965
645,9.333155350310616,0,1,0.2386531272429717,0.2386531272429717,0,0.7482949549720432,0.7878836726874054,0.03958871771536221,0.0361599906829787,-0.003428727032383505,0.02753029582540911,-0.0120584218899531
645,9.333155350310616,0.05999999999999994,1.06183654654536,0.2386531272429717,0.2607960427447776,0.02214291550180592,0.7482949549720432,0.7878836726874054,0.03958871771536221,0.03849930922347711,-0.001089408491885102,0.01108886979040258,-0.02849984792495963
645,9.333155350310616,0.12,1.127496851579376,0.2386531272429717,0.2839508142923926,0.04529768704942083,0.7482949549720432,0.7878836726874054,0.03958871771536221,0.04090591024783485,0.001317192532472644,-0.006243048887674463,-0.04583176660303667
645,9.333155350310616,0.18,1.19721736312181,0.2386531272429717,0.3080462215377199,0.06939309429474816,0.7482949549720432,0.7878836726874054,0.03958871771536221,0.04337504606567688,0.003786328350314672,-0.0244217663206866,-0.06401048403604881
645,9.333155350310616,0.24,1.271249150321405,0.2386531272429717,0.332998839304445,0.09434571206147324,0.7482949549720432,0.7878836726874054,0.03958871771536221,0.04590180666053278,0.006313088945170575,-0.04339277305929556,-0.08298149077465777
645,9.333155350310616,0.2999999999999999,1.349858807576003,0.2386531272429717,0.3587138097613957,0.1200606825184239,0.7482949549720432,0.7878836726874054,0.03958871771536221,0.048481167538306,0.008892449822943793,-0.06309109244923106,-0.1026798101645933
645,9.333155350310616,0.36,1.43332941456034,0.2386531272429717,0.3850858675079322,0.1464327402649604,0.7482949549720432,0.7878836726874054,0.03958871771536221,0.05110803493930904,0.01151931722394683,-0.08344185800133497,-0.1230305757166972
645,9.333155350310616,0.42,1.521961555618634,0.2386531272429717,0.4120006006949425,0.1733474734519708,0.7482949549720432,0.7878836726874054,0.03958871771536221,0.05377728792834946,0.01418857021298725,-0.1043611140774016,-0.1439498317927638
645,9.333155350310616,0.4800000000000001,1.616074402192893,0.2386531272429717,0.4393359238358509,0.2006827965928791,0.7482949549720432,0.7878836726874054,0.03958871771536221,0.05648381701603644,0.01689509930067423,-0.1257568271612703,-0.1653455448766326
645,9.333155350310616,0.5399999999999999,1.716006862184858,0.2386531272429717,0.4669637311194116,0.2283106038764399,0.7482949549720432,0.7878836726874054,0.03958871771536221,0.05922255909182128,0.01963384137645907,-0.1475300881682891,-0.1871188058836513
645,9.333155350310616,0.6,1.822118800390509,0.2386531272429717,0.4947516931032973,0.2560985658603255,0.7482949549720432,0.7878836726874054,0.03958871771536221,0.06198852856165493,0.02239981084629272,-0.1695764799296338,-0.209165197644996
724,9.499845887083206,-0.6,0.5488116360940264,0.1990678315470423,0.06148318582454282,-0.1375846457224995,0.7482949549720432,0.7878836726874054,0.03958871771536221,0.01955443313904315,-0.02003428457631906,0.1256150205584396,0.08602630284307744
724,9.499845887083206,-0.54,0.5827482523739896,0.1990678315470423,0.07041694390334807,-0.1286508876436943,0.7482949549720432,0.7878836726874054,0.03958871771536221,0.0208484897693203,-0.01874022794604191,0.119678380107774,0.08008966239241178
724,9.499845887083206,-0.48,0.6187833918061408,0.1990678315470423,0.08031673632809599,-0.1187510952189463,0.7482949549720432,0.7878836726874054,0.03958871771536221,0.02223700447231314,-0.01735171324304907,0.1130309656463957,0.07344224793103349
724,9.499845887083206,-0.42,0.6570468198150567,0.1990678315470423,0.09123380535711212,-0.1078340261899302,0.7482949549720432,0.7878836726874054,0.03958871771536221,0.02372058503500385,-0.01586813268035836,0.1056253354810107,0.06603661776564851
724,9.499845887083206,-0.36,0.697676326071031,0.1990678315470423,0.1032142818711246,-0.09585354967591775,0.7482949549720432,0.7878836726874054,0.03958871771536221,0.02529924413101103,-0.01428947358435118,0.09741672848383853,0.05782801076847632
724,9.499845887083206,-0.3,0.7408182206817179,0.1990678315470423,0.1162979703973551,-0.08276986114968721,0.7482949549720432,0.7878836726874054,0.03958871771536221,0.02697240092380038,-0.01261631679156183,0.08836407204015884,0.04877535432479663
724,9.499845887083206,-0.24,0.7866278610665535,0.1990678315470423,0.1305171444648469,-0.06855068708219547,0.7482949549720432,0.7878836726874054,0.03958871771536221,0.02873889248891759,-0.01084982522644462,0.07843101990771151,0.0388423021923493
724,9.499845887083206,-0.18,0.835270211411272,0.1990678315470423,0.1458953837853184,-0.05317244776172392,0.7482949549720432,0.7878836726874054,0.03958871771536221,0.03059699431725349,-0.00899172339810872,0.0675869956961852,0.02799827798082299
724,9.499845887083206,-0.12,0.8869204367171575,0.1990678315470423,0.1624464863778352,-0.03662134516920712,0.7482949549720432,0.7878836726874054,0.03958871771536221,0.03254444893121466,-0.007044268784147545,0.05580821504691491,0.0162194973315527
724,9.499845887083206,-0.05999999999999994,0.9417645335842487,0.1990678315470423,0.180173489354705,-0.01889434219233732,0.7482949549720432,0.7878836726874054,0.03958871771536221,0.03457850147369945,-0.005010216241662757,0.04307865769856256,0.003489939983200352
724,9.499845887083206,0,1,0.1990678315470423,0.1990678315470423,0,0.7482949549720432,0.7878836726874054,0.03958871771536221,0.03669594101776641,-0.0028927766975958,0.02939095961278149,-0.01019775810258072
724,9.499845887083206,0.05999999999999994,1.06183654654536,0.1990678315470423,0.2191086894014362,0.02004085785439391,0.7482949549720432,0.7878836726874054,0.03958871771536221,0.03889314629207052,-0.0006955714232916854,0.01474719532561597,-0.02484152238974624
724,9.499845887083206,0.12,1.127496851579376,0.1990678315470423,0.2402625146012489,0.04119468305420659,0.7482949549720432,0.7878836726874054,0.03958871771536221,0.04116613451804596,0.001577416802683751,-0.0008404782299743507,-0.04042919594533656
724,9.499845887083206,0.18,1.19721736312181,0.1990678315470423,0.2624827976900294,0.06341496614298703,0.7482949549720432,0.7878836726874054,0.03958871771536221,0.04351061210299445,0.003921894387632241,-0.01734934297761503,-0.05693806069297724
724,9.499845887083206,0.24,1.271249150321405,0.1990678315470423,0.2857100766879715,0.08664224514092922,0.7482949549720432,0.7878836726874054,0.03958871771536221,0.04592202602001483,0.006333308304652618,-0.03474582924834446,-0.07433454696370667
724,9.499845887083206,0.2999999999999999,1.349858807576003,0.1990678315470423,0.3098722034382645,0.1108043718912222,0.7482949549720432,0.7878836726874054,0.03958871771536221,0.04839561482107635,0.00880689710571414,-0.0529854324684883,-0.09257415018385051
724,9.499845887083206,0.36,1.43332941456034,0.1990678315470423,0.3348848733938263,0.135817041846784,0.7482949549720432,0.7878836726874054,0.03958871771536221,0.05092645836554421,0.011337740650182,-0.07201285050171724,-0.1116015682170794
724,9.499845887083206,0.42,1.521961555618634,0.1990678315470423,0.3606524169951885,0.1615845854481461,0.7482949549720432,0.7878836726874054,0.03958871771536221,0.05350952549261234,0.01392080777725013,-0.09176234906540781,-0.13135106678077
724,9.499845887083206,0.4800000000000001,1.616074402192893,0.1990678315470423,0.3870688429721649,0.1880010114251226,0.7482949549720432,0.7878836726874054,0.03958871771536221,0.05613971901629355,0.01655100130093135,-0.1121583559794002,-0.1517470736947624
724,9.499845887083206,0.5399999999999999,1.716006862184858,0.1990678315470423,0.4140191161227856,0.2149512845757433,0.7482949549720432,0.7878836726874054,0.03958871771536221,0.0588119175679902,0.01922319985262799,-0.1331162780253946,-0.1727049957407568
724,9.499845887083206,0.6,1.822118800390509,0.1990678315470423,0.4413806446902588,0.2423128131432165,0.7482949549720432,0.7878836726874054,0.03958871771536221,0.06152101394977183,0.02193229623440962,-0.1545435271689319,-0.1941322448842941
813,9.667111542075027,-0.6,0.5488116360940264,0.1636090337289527,0.04674987674502273,-0.11685915698393,0.7482949549720432,0.7878836726874054,0.03958871771536221,0.02181658030852396,-0.01777213740683825,0.1113757750608522,0.07178705734548996
813,9.667111542075027,-0.54,0.5827482523739896,0.1636090337289527,0.05397565513992186,-0.1096333785890309,0.7482949549720432,0.7878836726874054,0.03958871771536221,0.02293199622814146,-0.01665672148722075,0.1066725450851014,0.06708382736973917
813,9.667111542075027,-0.48,0.6187833918061408,0.1636090337289527,0.0620583743043861,-0.1015506594245666,0.7482949549720432,0.7878836726874054,0.03958871771536221,0.02413905096943925,-0.01544966674592296,0.1013543138597172,0.06176559614435495
813,9.667111542075027,-0.42,0.6570468198150567,0.1636090337289527,0.07105580285037516,-0.09255323087857759,0.7482949549720432,0.7878836726874054,0.03958871771536221,0.02543946853852297,-0.01414924917683924,0.09537111095666229,0.05578239324130008
813,9.667111542075027,-0.36,0.697676326071031,0.1636090337289527,0.08102287012499587,-0.08258616360395687,0.7482949549720432,0.7878836726874054,0.03958871771536221,0.02683440396386028,-0.01275431375150193,0.08867385881748502,0.04908514110212281
813,9.667111542075027,-0.3,0.7408182206817179,0.1636090337289527,0.092010510588728,-0.07159852314022475,0.7482949549720432,0.7878836726874054,0.03958871771536221,0.0283244249170248,-0.01126429279833741,0.08121526628289633,0.04162654856753412
813,9.667111542075027,-0.24,0.7866278610665535,0.1636090337289527,0.1040644653845516,-0.05954456834440114,0.7482949549720432,0.7878836726874054,0.03958871771536221,0.02990950374399703,-0.009679213971365175,0.07295078957726253,0.03336207186190032
813,9.667111542075027,-0.18,0.835270211411272,0.1636090337289527,0.1172240671142702,-0.0463849666146825,0.7482949549720432,0.7878836726874054,0.03958871771536221,0.03158901975069994,-0.007999697964662267,0.06383964298427891,0.0242509252689167
813,9.667111542075027,-0.12,0.8869204367171575,0.1636090337289527,0.1315210370073393,-0.03208799672161344,0.7482949549720432,0.7878836726874054,0.03958871771536221,0.03336177126589335,-0.006226946449468862,0.05384583788595032,0.01425712017058811
813,9.667111542075027,-0.05999999999999994,0.9417645335842487,0.1636090337289527,0.1469783261159412,-0.01663070761301155,0.7482949549720432,0.7878836726874054,0.03958871771536221,0.03522599672623938,-0.004362720989122826,0.04293922567550879,0.003350507960146576
813,9.667111542075027,0,1,0.1636090337289527,0.1636090337289527,0,0.7482949549720432,0.7878836726874054,0.03958871771536221,0.03717940380190232,-0.002409313913459887,0.03109651747125453,-0.008492200244107684
813,9.667111542075027,0.05999999999999994,1.06183654654536,0.1636090337289527,0.1814154367226096,0.01780640299365688,0.7482949549720432,0.7878836726874054,0.03958871771536221,0.03921920541304547,-0.0003695123023167435,0.01830225171925526,-0.02128646599610695
813,9.667111542075027,0.12,1.127496851579376,0.1636090337289527,0.2003881629468259,0.03677912921787319,0.7482949549720432,0.7878836726874054,0.03958871771536221,0.04134216137975588,0.001753443664393672,0.00454967982548482,-0.03503903788987739
813,9.667111542075027,0.18,1.19721736312181,0.1636090337289527,0.2205055399157476,0.05689650618679487,0.7482949549720432,0.7878836726874054,0.03958871771536221,0.04354462439887952,0.003955906683517307,-0.01015845997874387,-0.04974717769410608
813,9.667111542075027,0.24,1.271249150321405,0.1636090337289527,0.2417331470106798,0.07812411328172708,0.7482949549720432,0.7878836726874054,0.03958871771536221,0.04582258904564906,0.006233871330286855,-0.02580930917907476,-0.06539802689443697
813,9.667111542075027,0.2999999999999999,1.349858807576003,0.1636090337289527,0.2640235951487682,0.1004145614198154,0.7482949549720432,0.7878836726874054,0.03958871771536221,0.04817174254896506,0.008583024833602848,-0.04237942228507174,-0.08196814000043395
813,9.667111542075027,0.36,1.43332941456034,0.1636090337289527,0.2873165525137875,0.1237075187848348,0.7482949549720432,0.7878836726874054,0.03958871771536221,0.05058751617827428,0.01099879846291207,-0.05983448985897388,-0.09942320757433609
813,9.667111542075027,0.42,1.521961555618634,0.1636090337289527,0.3115390286322975,0.1479299949033448,0.7482949549720432,0.7878836726874054,0.03958871771536221,0.05306513619711761,0.0134764184817554,-0.0781292697737761,-0.1177179874891383
813,9.667111542075027,0.4800000000000001,1.616074402192893,0.1636090337289527,0.3366059220079358,0.1729968882789831,0.7482949549720432,0.7878836726874054,0.03958871771536221,0.05559967347509931,0.0160109557597371,-0.09720773982759146,-0.1367964575429537
813,9.667111542075027,0.5399999999999999,1.716006862184858,0.1636090337289527,0.36242082894058,0.1988117952116273,0.7482949549720432,0.7878836726874054,0.03958871771536221,0.05818609099713612,0.01859737328177391,-0.1170034786987113,-0.1565921964140735
813,9.667111542075027,0.6,1.822118800390509,0.1636090337289527,0.3888771033317594,0.2252680696028067,0.7482949549720432,0.7878836726874054,0.03958871771536221,0.06081928865846253,0.02123057094310032,-0.1374402755342575,-0.1770289932496197
912,9.832890014164741,-0.6,0.5488116360940264,0.1327873151031902,0.03508611263100958,-0.09770120247218061,0.7482949549720432,0.7878836726874054,0.03958871771536221,0.02401576815966155,-0.01557294955570065,0.09850324953533807,0.05891453181997586
912,9.832890014164741,-0.54,0.5827482523739896,0.1327873151031902,0.04083751194902108,-0.09194980315416912,0.7482949549720432,0.7878836726874054,0.03958871771536221,0.0249624315190109,-0.01462628619635131,0.09483865472137853,0.05524993700601633
912,9.832890014164741,-0.48,0.6187833918061408,0.1327873151031902,0.04733119429962984,-0.08545612080356035,0.7482949549720432,0.7878836726874054,0.03958871771536221,0.0259959559454932,-0.01359276176986901,0.09065436956104644,0.05106565184568423
912,9.832890014164741,-0.42,0.6570468198150567,0.1327873151031902,0.05462739252712989,-0.0781599225760603,0.7482949549720432,0.7878836726874054,0.03958871771536221,0.02711906704029621,-0.012469650675066,0.08590090277289308,0.04631218505753087
912,9.832890014164741,-0.36,0.697676326071031,0.1327873151031902,0.06278551599936855,-0.07000179910382165,0.7482949549720432,0.7878836726874054,0.03958871771536221,0.02833398469148252,-0.01125473302387969,0.08052818069908763,0.04093946298372542
912,9.832890014164741,-0.3,0.7408182206817179,0.1327873151031902,0.07186313579964676,-0.06092417930354344,0.7482949549720432,0.7878836726874054,0.03958871771536221,0.02964238559584609,-0.009946332119516121,0.07448627592059087,0.03489755820522866
912,9.832890014164741,-0.24,0.7866278610665535,0.1327873151031902,0.08191488793123691,-0.05087242717195328,0.7482949549720432,0.7878836726874054,0.03958871771536221,0.03104537551117748,-0.008543342204184734,0.06772622671443018,0.02813750899906797
912,9.832890014164741,-0.18,0.835270211411272,0.1327873151031902,0.09299131314203801,-0.03979600196115218,0.7482949549720432,0.7878836726874054,0.03958871771536221,0.03254347175791095,-0.007045245957451263,0.06020093690354822,0.02061221918818601
912,9.832890014164741,-0.12,0.8869204367171575,0.1327873151031902,0.1051376560100474,-0.02764965909314276,0.7482949549720432,0.7878836726874054,0.03958871771536221,0.03413659613133768,-0.005452121584024527,0.05186614179946436,0.01227742408410215
912,9.832890014164741,-0.05999999999999994,0.9417645335842487,0.1327873151031902,0.118392649598362,-0.01439466550482815,0.7482949549720432,0.7878836726874054,0.03958871771536221,0.03582407803947973,-0.003764639675882475,0.04268142216025805,0.003092704444895844
912,9.832890014164741,0,1,0.1327873151031902,0.1327873151031902,0,0.7482949549720432,0.7878836726874054,0.03958871771536221,0.03760466736446222,-0.001984050350899991,0.0326112445497867,-0.00697747316557551
912,9.832890014164741,0.05999999999999994,1.06183654654536,0.1327873151031902,0.1483438082976736,0.01555649319448338,0.7482949549720432,0.7878836726874054,0.03958871771536221,0.03947655627064883,-0.0001121614447133767,0.02162600336447595,-0.01796271435088626
912,9.832890014164741,0.12,1.127496851579376,0.1327873151031902,0.1650743460506887,0.03228703094749852,0.7482949549720432,0.7878836726874054,0.03958871771536221,0.04143740896154935,0.00184869124618714,0.009703037267667525,-0.02988568044769468
912,9.832890014164741,0.18,1.19721736312181,0.1327873151031902,0.1829802466315276,0.05019293152833737,0.7482949549720432,0.7878836726874054,0.03958871771536221,0.04348439822418027,0.003895680508818056,-0.003172408997547116,-0.04276112671290933
912,9.832890014164741,0.24,1.271249150321405,0.1327873151031902,0.2020511167918329,0.06926380168864266,0.7482949549720432,0.7878836726874054,0.03958871771536221,0.04561424749716758,0.006025529781805372,-0.01700630731164898,-0.05659502502701119
912,9.832890014164741,0.2999999999999999,1.349858807576003,0.1327873151031902,0.2222642166812819,0.08947690157809174,0.7482949549720432,0.7878836726874054,0.03958871771536221,0.04782327715439627,0.008234559439034062,-0.03179508313956103,-0.07138380085492324
912,9.832890014164741,0.36,1.43332941456034,0.1327873151031902,0.2435840304895091,0.1107967153863189,0.7482949549720432,0.7878836726874054,0.03958871771536221,0.05010745370461822,0.01051873598925601,-0.04752499524028309,-0.08711371295564529
912,9.832890014164741,0.42,1.521961555618634,0.1327873151031902,0.2659620663543851,0.1331747512511949,0.7482949549720432,0.7878836726874054,0.03958871771536221,0.05246244066235972,0.01287372294699751,-0.06417168423644704,-0.1037604019518092
912,9.832890014164741,0.4800000000000001,1.616074402192893,0.1327873151031902,0.2893369036317613,0.1565495885285711,0.7482949549720432,0.7878836726874054,0.03958871771536221,0.05488364993669748,0.01529493222133527,-0.0816999126628869,-0.1212886303782491
912,9.832890014164741,0.5399999999999999,1.716006862184858,0.1327873151031902,0.3136344992364791,0.1808471841332889,0.7482949549720432,0.7878836726874054,0.03958871771536221,0.05736629270427673,0.01777757498891452,-0.1000635145792172,-0.1396522322945795
912,9.832890014164741,0.6,1.822118800390509,0.1327873151031902,0.3387687576399437,0.2059814425367535,0.7482949549720432,0.7878836726874054,0.03958871771536221,0.05990542887030381,0.0203167111549416,-0.1192055673791035,-0.1587942850944657
1024,10,-0.6,0.5488116360940264,0.1060222402952901,0.0258604802313962,-0.08016176006389386,0.7482949549720432,0.7878836726874054,0.03958871771536221,0.02615081262124197,-0.01343790509412024,0.08698235959502842,0.04739364187966622
1024,10,-0.54,0.5827482523739896,0.1060222402952901,0.03034820945944849,-0.07567403083584157,0.7482949549720432,0.7878836726874054,0.03958871771536221,0.02693915409767367,-0.01264956361768854,0.08418600065265125,0.04459728293728904
1024,10,-0.48,0.6187833918061408,0.1060222402952901,0.03546292302705278,-0.07055931726823728,0.7482949549720432,0.7878836726874054,0.03958871771536221,0.02780784262355673,-0.01178087509180548,0.08096159624132349,0.04137287852596128
1024,10,-0.42,0.6570468198150567,0.1060222402952901,0.04126393892436753,-0.06475830137092253,0.7482949549720432,0.7878836726874054,0.03958871771536221,0.02876044226335717,-0.01082827545200504,0.07726247626658622,0.03767375855122401
1024,10,-0.36,0.697676326071031,0.1060222402952901,0.04781142915408199,-0.05821081114120807,0.7482949549720432,0.7878836726874054,0.03958871771536221,0.02980010774458475,-0.009788609970777462,0.0730402603051461,0.03345154258978389
1024,10,-0.3,0.7408182206817179,0.1060222402952901,0.0551656002157872,-0.05085664007950286,0.7482949549720432,0.7878836726874054,0.03958871771536221,0.03092953093825912,-0.008659186777103089,0.06824539507098659,0.02865667735562438
1024,10,-0.24,0.7866278610665535,0.1060222402952901,0.06338576760716941,-0.04263647268812065,0.7482949549720432,0.7878836726874054,0.03958871771536221,0.03215089510038482,-0.007437822614977385,0.06282779242290548,0.02323907470754327
1024,10,-0.18,0.835270211411272,0.1060222402952901,0.07252933480608748,-0.03349290548920258,0.7482949549720432,0.7878836726874054,0.03958871771536221,0.03346583804559378,-0.006122879669768433,0.05673756454887058,0.01714884683350837
1024,10,-0.12,0.8869204367171575,0.1060222402952901,0.08265069142275605,-0.02337154887253401,0.7482949549720432,0.7878836726874054,0.03958871771536221,0.03487542509879415,-0.004713292616568054,0.04992584939017286,0.01033713167481065
1024,10,-0.05999999999999994,0.9417645335842487,0.1060222402952901,0.09380004941774944,-0.01222219087754062,0.7482949549720432,0.7878836726874054,0.03958871771536221,0.03638013231888615,-0.00320858539647606,0.04234571558918887,0.002756997873826661
1024,10,0,1,0.1060222402952901,0.1060222402952901,0,0.7482949549720432,0.7878836726874054,0.03958871771536221,0.03797984013125044,-0.001608877584111768,0.03395313239447828,-0.005635585320883929
1024,10,0.05999999999999994,1.06183654654536,0.1060222402952901,0.119355499816808,0.01333325952151798,0.7482949549720432,0.7878836726874054,0.03958871771536221,0.03967383716071926,0.0000851194453570514,0.0247079861901407,-0.01488073152522151
1024,10,0.12,1.127496851579376,0.1060222402952901,0.13383026984957,0.02780802955427997,0.7482949549720432,0.7878836726874054,0.03958871771536221,0.04146083374242493,0.00187211602706272,0.01457512180307008,-0.02501359591229213
1024,10,0.18,1.19721736312181,0.1060222402952901,0.1494680492865768,0.04344580899128669,0.7482949549720432,0.7878836726874054,0.03958871771536221,0.0433389843166736,0.003750266601311392,0.003525383657953185,-0.03606333405740902
1024,10,0.24,1.271249150321405,0.1060222402952901,0.1662803273821083,0.06025808708681824,0.7482949549720432,0.7878836726874054,0.03958871771536221,0.04530591769637415,0.005717199981011944,-0.008463370629381184,-0.04805208834474339
1024,10,0.2999999999999999,1.349858807576003,0.1060222402952901,0.1842676332020935,0.07824539290680343,0.7482949549720432,0.7878836726874054,0.03958871771536221,0.04735877403682376,0.007770056321461549,-0.02140531334005569,-0.0609940310554179
1024,10,0.36,1.43332941456034,0.1060222402952901,0.2034187340859723,0.09739649379068227,0.7482949549720432,0.7878836726874054,0.03958871771536221,0.04949424723912987,0.009905529523767664,-0.03530577633979781,-0.07489449405516002
1024,10,0.42,1.521961555618634,0.1060222402952901,0.2237100139962618,0.1176877737009717,0.7482949549720432,0.7878836726874054,0.03958871771536221,0.05170863147801763,0.01211991376265542,-0.05016049705675785,-0.08974921477212006
1024,10,0.4800000000000001,1.616074402192893,0.1060222402952901,0.245105059383677,0.1390828190883869,0.7482949549720432,0.7878836726874054,0.03958871771536221,0.05399787055694261,0.0144091528415804,-0.06595500911198682,-0.105543726827349
1024,10,0.5399999999999999,1.716006862184858,0.1060222402952901,0.267554475763412,0.1615322354681219,0.7482949549720432,0.7878836726874054,0.03958871771536221,0.05635760885097374,0.01676889113561153,-0.08266420350658277,-0.122252921221945
1024,10,0.6,1.822118800390509,0.1060222402952901,0.2909959526825366,0.1849737123872466,0.7482949549720432,0.7878836726874054,0.03958871771536221,0.05878324269167468,0.01919452497631247,-0.1002520827021329,-0.1398408004174951
1149,10.16616308264611,-0.6,0.5488116360940264,0.08350855647271394,0.01879316498342898,-0.06471539148928496,0.7482949549720432,0.7878836726874054,0.03958871771536221,0.02815660346491078,-0.01143211425045143,0.07706921918772514,0.03748050147236293
1149,10.16616308264611,-0.54,0.5827482523739896,0.08350855647271394,0.02223734635528252,-0.06127121011743142,0.7482949549720432,0.7878836726874054,0.03958871771536221,0.02880192409968096,-0.01078679361568124,0.07497190072037796,0.03538318300501575
1149,10.16616308264611,-0.48,0.6187833918061408,0.08350855647271394,0.02619953118905016,-0.05730902528366377,0.7482949549720432,0.7878836726874054,0.03958871771536221,0.02951982616366811,-0.0100688915516941,0.07252981479746723,0.03294109708210502
1149,10.16616308264611,-0.42,0.6570468198150567,0.08350855647271394,0.03073551523297935,-0.05277304123973459,0.7482949549720432,0.7878836726874054,0.03958871771536221,0.03031448781025958,-0.009274229905102627,0.0697007143288022,0.03011199661344
1149,10.16616308264611,-0.36,0.697676326071031,0.08350855647271394,0.03590320426917193,-0.04760535220354201,0.7482949549720432,0.7878836726874054,0.03958871771536221,0.0311897968412409,-0.008398920874121307,0.06643988990862304,0.02685117219326083
1149,10.16616308264611,-0.3,0.7408182206817179,0.08350855647271394,0.04176201262470991,-0.04174654384800403,0.7482949549720432,0.7878836726874054,0.03958871771536221,0.03214928654492177,-0.007439431170440436,0.06270051643758467,0.02311179872222247
1149,10.16616308264611,-0.24,0.7866278610665535,0.08350855647271394,0.04837214683743452,-0.03513640963527942,0.7482949549720432,0.7878836726874054,0.03958871771536221,0.03319607631505228,-0.006392641400309929,0.05843409796536125,0.01884538024999904
1149,10.16616308264611,-0.18,0.835270211411272,0.08350855647271394,0.0557937773295456,-0.02771477914316833,0.7482949549720432,0.7878836726874054,0.03958871771536221,0.03433281870504101,-0.005255899010321197,0.05359101328618354,0.01400229557082133
1149,10.16616308264611,-0.12,0.8869204367171575,0.08350855647271394,0.06408610478558807,-0.01942245168712586,0.7482949549720432,0.7878836726874054,0.03958871771536221,0.0355616543484214,-0.004027063366940808,0.04812116193041227,0.008532444215050061
1149,10.16616308264611,-0.05999999999999994,0.9417645335842487,0.08350855647271394,0.07330633203544912,-0.01020222443726482,0.7482949549720432,0.7878836726874054,0.03958871771536221,0.03688417589207937,-0.002704541823282836,0.04197470691080796,0.002385989195445748
1149,10.16616308264611,0,1,0.08350855647271394,0.08350855647271394,0,0.7482949549720432,0.7878836726874054,0.03958871771536221,0.03830140176032759,-0.001287315955034618,0.0351029069884411,-0.004485810726921113
1149,10.16616308264611,0.05999999999999994,1.06183654654536,0.08350855647271394,0.09474260223643527,0.01123404576372133,0.7482949549720432,0.7878836726874054,0.03958871771536221,0.0398137602153027,0.0002250424999404865,0.02745902743329387,-0.01212969028206834
1149,10.16616308264611,0.12,1.127496851579376,0.08350855647271394,0.1070528153744937,0.0235442589017798,0.7482949549720432,0.7878836726874054,0.03958871771536221,0.0414210838216913,0.001832366106329086,0.01899931440497915,-0.02058940331038306
1149,10.16616308264611,0.18,1.19721736312181,0.08350855647271394,0.1204768488039835,0.03696829233126953,0.7482949549720432,0.7878836726874054,0.03958871771536221,0.0431226140812303,0.003533896365868094,0.009684014326461043,-0.02990470338890117
1149,10.16616308264611,0.24,1.271249150321405,0.08350855647271394,0.135044466899804,0.05153591042709005,0.7482949549720432,0.7878836726874054,0.03958871771536221,0.04491701569046203,0.005328297975099816,-0.0005215838618934932,-0.0401103015772557
1149,10.16616308264611,0.2999999999999999,1.349858807576003,0.08350855647271394,0.1507764017969546,0.06726784532424068,0.7482949549720432,0.7878836726874054,0.03958871771536221,0.04680239960852983,0.007213681893167623,-0.01164610872206606,-0.05123482643742827
1149,10.16616308264611,0.36,1.43332941456034,0.08350855647271394,0.1676832948198779,0.08417473834716394,0.7482949549720432,0.7878836726874054,0.03958871771536221,0.04877635390850188,0.00918763619313967,-0.02371109618929923,-0.06329981390466144
1149,10.16616308264611,0.42,1.521961555618634,0.08350855647271394,0.1857647567174691,0.1022562002447551,0.7482949549720432,0.7878836726874054,0.03958871771536221,0.05083598123188071,0.0112472635165185,-0.03673003851367185,-0.07631875622903406
1149,10.16616308264611,0.4800000000000001,1.616074402192893,0.08350855647271394,0.2050085794833603,0.1215000230106463,0.7482949549720432,0.7878836726874054,0.03958871771536221,0.05297794157221225,0.01338922385685004,-0.05070752221128272,-0.09029623992664493
1149,10.16616308264611,0.5399999999999999,1.716006862184858,0.08350855647271394,0.2253901304217901,0.1418815739490762,0.7482949549720432,0.7878836726874054,0.03958871771536221,0.05519849907770591,0.0156097813623437,-0.06563848465031963,-0.1052272023656818
1149,10.16616308264611,0.6,1.822118800390509,0.08350855647271394,0.246871955773209,0.163363399300495,0.7482949549720432,0.7878836726874054,0.03958871771536221,0.05749357157878088,0.01790485386341867,-0.08150761747863722,-0.1210963351939994
1290,10.33315535031062,-0.6,0.5488116360940264,0.0647079809408847,0.01341802726624297,-0.05128995367464173,0.7482949549720432,0.7878836726874054,0.03958871771536221,0.03002365723712719,-0.009565060478235021,0.06865575845330518,0.02906704073794297
1290,10.33315535031062,-0.54,0.5827482523739896,0.0647079809408847,0.01601060246488739,-0.04869737847599731,0.7482949549720432,0.7878836726874054,0.03958871771536221,0.03054152837099289,-0.009047189344369322,0.06711438279786952,0.02752566508250731
1290,10.33315535031062,-0.48,0.6187833918061408,0.0647079809408847,0.01902121139564472,-0.04568676954523998,0.7482949549720432,0.7878836726874054,0.03958871771536221,0.03112334961621877,-0.008465368099143444,0.06530192112385569,0.02571320340849348
1290,10.33315535031062,-0.42,0.6570468198150567,0.0647079809408847,0.02250029931942754,-0.04220768162145716,0.7482949549720432,0.7878836726874054,0.03958871771536221,0.03177366857247055,-0.007815049142891661,0.0631815167640799,0.02359279904871769
1290,10.33315535031062,-0.36,0.697676326071031,0.0647079809408847,0.02650126231721073,-0.03820671862367397,0.7482949549720432,0.7878836726874054,0.03958871771536221,0.03249687303959048,-0.00709184467577173,0.0607134394957447,0.02112472178038249
1290,10.33315535031062,-0.3,0.7408182206817179,0.0647079809408847,0.03108006295192167,-0.03362791798896303,0.7482949549720432,0.7878836726874054,0.03958871771536221,0.0332971227903337,-0.00629159492502851,0.05785525842604244,0.01826654071068023
1290,10.33315535031062,-0.24,0.7866278610665535,0.0647079809408847,0.03629473500133829,-0.02841324593954642,0.7482949549720432,0.7878836726874054,0.03958871771536221,0.03417828258154343,-0.005410435133818781,0.05456210175853649,0.01497338404317428
1290,10.33315535031062,-0.18,0.835270211411272,0.0647079809408847,0.04220477381680732,-0.02250320712407738,0.7482949549720432,0.7878836726874054,0.03958871771536221,0.03514385827287403,-0.00444485944248818,0.05078701023451815,0.01119829251915594
1290,10.33315535031062,-0.12,0.8869204367171575,0.0647079809408847,0.04887041191945707,-0.01583756902142763,0.7482949549720432,0.7878836726874054,0.03958871771536221,0.03619693784928402,-0.003391779866078193,0.04648138906005717,0.006892671344694956
1290,10.33315535031062,-0.05999999999999994,0.9417645335842487,0.0647079809408847,0.05635178294838605,-0.008356197992498648,0.7482949549720432,0.7878836726874054,0.03958871771536221,0.03734013898837407,-0.002248578726988137,0.04159556066080672,0.002006842945444509
1290,10.33315535031062,0,1,0.0647079809408847,0.0647079809408847,0,0.7482949549720432,0.7878836726874054,0.03958871771536221,0.03857556458514977,-0.001013153130212441,0.03607941768719003,-0.00350930002817218
1290,10.33315535031062,0.05999999999999994,1.06183654654536,0.0647079809408847,0.07399602604246902,0.009288045101584319,0.7482949549720432,0.7878836726874054,0.03958871771536221,0.03990476735868298,0.0003160496433207705,0.02988317238311033,-0.009705545332251875
1290,10.33315535031062,0.12,1.127496851579376,0.0647079809408847,0.08426975197753406,0.01956177103664936,0.7482949549720432,0.7878836726874054,0.03958871771536221,0.04132872433438717,0.001740006619024959,0.02295819481961947,-0.01663052289574274
1290,10.33315535031062,0.18,1.19721736312181,0.0647079809408847,0.09557863480013995,0.03087065385925525,0.7482949549720432,0.7878836726874054,0.03958871771536221,0.04284782164191547,0.003259103926553264,0.01525792869619325,-0.02433078901916896
1290,10.33315535031062,0.24,1.271249150321405,0.0647079809408847,0.1079665864132027,0.04325860547231797,0.7482949549720432,0.7878836726874054,0.03958871771536221,0.04446184971186706,0.004873131996504854,0.006738869564121286,-0.03284984815124092
1290,10.33315535031062,0.2999999999999999,1.349858807576003,0.0647079809408847,0.1214707399062224,0.05676275896533767,0.7482949549720432,0.7878836726874054,0.03958871771536221,0.04617000861320975,0.006581290897847536,-0.002638413412880181,-0.04222713112824239
1290,10.33315535031062,0.36,1.43332941456034,0.0647079809408847,0.1361202567297841,0.07141227578889942,0.7482949549720432,0.7878836726874054,0.03958871771536221,0.0479709229647074,0.008382205249345187,-0.01290823450555501,-0.05249695222091721
1290,10.33315535031062,0.42,1.521961555618634,0.0647079809408847,0.151935187918417,0.08722720697753228,0.7482949549720432,0.7878836726874054,0.03958871771536221,0.04986266558991059,0.01027394787454838,-0.02409875262167727,-0.06368747033703948
1290,10.33315535031062,0.4800000000000001,1.616074402192893,0.0647079809408847,0.1689254228304369,0.1042174418895522,0.7482949549720432,0.7878836726874054,0.03958871771536221,0.05184278887647809,0.01225407116111588,-0.03623096438541717,-0.07581968210077938
1290,10.33315535031062,0.5399999999999999,1.716006862184858,0.0647079809408847,0.1870897590589352,0.1223817781180505,0.7482949549720432,0.7878836726874054,0.03958871771536221,0.05390836265079468,0.01431964493543247,-0.04931775839588137,-0.08890647611124358
1290,10.33315535031062,0.6,1.822118800390509,0.0647079809408847,0.2064151261839573,0.1417071452430726,0.7482949549720432,0.7878836726874054,0.03958871771536221,0.0560560172894643,0.01646729957410209,-0.06336306061659169,-0.1029517783319539
1448,10.49984588708321,-0.6,0.5488116360940264,0.04939759835109114,0.009432001516650024,-0.03996559683444112,0.7482949549720432,0.7878836726874054,0.03958871771536221,0.031714423235637,-0.007874294479725208,0.06173077373006042,0.02214205601469821
1448,10.49984588708321,-0.54,0.5827482523739896,0.04939759835109114,0.01134961447955529,-0.03804798387153585,0.7482949549720432,0.7878836726874054,0.03958871771536221,0.03212224123028828,-0.007466476485073925,0.0606185621176194,0.02102984440225719
1448,10.49984588708321,-0.48,0.6187833918061408,0.04939759835109114,0.01359737907793568,-0.03580021927315546,0.7482949549720432,0.7878836726874054,0.03958871771536221,0.03258504915210492,-0.007003668563257293,0.05929785575416546,0.01970913803880325
1448,10.49984588708321,-0.42,0.6570468198150567,0.04939759835109114,0.01621935550223053,-0.03317824284886062,0.7482949549720432,0.7878836726874054,0.03958871771536221,0.03310751391371813,-0.006481203801644075,0.05773753674498472,0.01814881902962251
1448,10.49984588708321,-0.36,0.697676326071031,0.04939759835109114,0.01926300625591115,-0.03013459209517999,0.7482949549720432,0.7878836726874054,0.03958871771536221,0.03369427073725184,-0.005894446978110368,0.05590349405522776,0.01631477633986556
1448,10.49984588708321,-0.3,0.7408182206817179,0.04939759835109114,0.02277900675115996,-0.02661859159993119,0.7482949549720432,0.7878836726874054,0.03958871771536221,0.03434985769068943,-0.005238860024672776,0.05375865331015406,0.01416993559479185
1448,10.49984588708321,-0.24,0.7866278610665535,0.04939759835109114,0.02682095835435749,-0.02257663999673365,0.7482949549720432,0.7878836726874054,0.03958871771536221,0.0350786479705949,-0.004510069744767309,0.05126307661483409,0.01167435889947188
1448,10.49984588708321,-0.18,0.835270211411272,0.04939759835109114,0.03144499598228978,-0.01795260236880136,0.7482949549720432,0.7878836726874054,0.03958871771536221,0.03588478170240272,-0.003703936012959486,0.04837414162687415,0.008785423911511936
1448,10.49984588708321,-0.12,0.8869204367171575,0.04939759835109114,0.03670928441897647,-0.01268831393211467,0.7482949549720432,0.7878836726874054,0.03958871771536221,0.03677209911859669,-0.002816618596765519,0.04504680807207151,0.0054580903567093
1448,10.49984588708321,-0.05999999999999994,0.9417645335842487,0.04939759835109114,0.04267340011847487,-0.006724198232616274,0.7482949549720432,0.7878836726874054,0.03958871771536221,0.03774407698155025,-0.001844640733811964,0.04123397836690734,0.001645260651545133
1448,10.49984588708321,0,1,0.04939759835109114,0.04939759835109114,0,0.7482949549720432,0.7878836726874054,0.03958871771536221,0.03880377003835256,-0.0007849476770096508,0.03688695699148992,-0.002701760723872293
1448,10.49984588708321,0.05999999999999994,1.06183654654536,0.04939759835109114,0.05694196908350424,0.007544370732413097,0.7482949549720432,0.7878836726874054,0.03958871771536221,0.0399537591341419,0.000365041418779688,0.03195601075299459,-0.007632706962367619
1448,10.49984588708321,0.12,1.127496851579376,0.04939759835109114,0.0653654888717099,0.01596789052061875,0.7482949549720432,0.7878836726874054,0.03958871771536221,0.04119610737697232,0.001607389661610115,0.02639102912879498,-0.01319768858656722
1448,10.49984588708321,0.18,1.19721736312181,0.04939759835109114,0.07472498017711682,0.02532738182602567,0.7482949549720432,0.7878836726874054,0.03958871771536221,0.04253232545538999,0.002943607740027776,0.02014228054311962,-0.01944643717224259
1448,10.49984588708321,0.24,1.271249150321405,0.04939759835109114,0.08507399375132063,0.03567639540022949,0.7482949549720432,0.7878836726874054,0.03958871771536221,0.04396334687658676,0.004374629161224552,0.01316125680126989,-0.02642746091409232
1448,10.49984588708321,0.2999999999999999,1.349858807576003,0.04939759835109114,0.09646163391402152,0.04706403556293037,0.7482949549720432,0.7878836726874054,0.03958871771536221,0.04548951353857156,0.005900795823209348,0.005401594097850571,-0.03418712361751164
1448,10.49984588708321,0.36,1.43332941456034,0.04939759835109114,0.1089313504931994,0.05953375214210821,0.7482949549720432,0.7878836726874054,0.03958871771536221,0.04711057169338984,0.007521853978027626,-0.00317994483004802,-0.04276866254541023
1448,10.49984588708321,0.42,1.521961555618634,0.04939759835109114,0.1225197247211299,0.07312212637003879,0.7482949549720432,0.7878836726874054,0.03958871771536221,0.04882567801908455,0.009236960303722341,-0.012622446558613,-0.05221116427397521
1448,10.49984588708321,0.4800000000000001,1.616074402192893,0.04939759835109114,0.1372552792961502,0.08785768094505908,0.7482949549720432,0.7878836726874054,0.03958871771536221,0.0506334152124015,0.01104469749703929,-0.02295980342774639,-0.0625485211431086
1448,10.49984588708321,0.5399999999999999,1.716006862184858,0.04939759835109114,0.1531573449492137,0.1037597465981226,0.7482949549720432,0.7878836726874054,0.03958871771536221,0.05253181625423642,0.01294309853887421,-0.0342196761345277,-0.07380839384988991
1448,10.49984588708321,0.6,1.822118800390509,0.04939759835109114,0.1702350170360754,0.1208374186849842,0.7482949549720432,0.7878836726874054,0.03958871771536221,0.05451839629553434,0.01492967858017213,-0.04642249033740919,-0.0860112080527714
1625,10.66622400280318,-0.6,0.5488116360940264,0.03714811819788877,0.006527432737833516,-0.03062068546005525,0.7482949549720432,0.7878836726874054,0.03958871771536221,0.03321370067334106,-0.006375017042021147,0.05615819608335437,0.01656947836799216
1625,10.66622400280318,-0.54,0.5827482523739896,0.03714811819788877,0.007921316385750998,-0.02922680181213777,0.7482949549720432,0.7878836726874054,0.03958871771536221,0.03352877201413362,-0.006059945701228586,0.05537015070764284,0.01578143299228063
1625,10.66622400280318,-0.48,0.6187833918061408,0.03714811819788877,0.009570525141559094,-0.02757759305632967,0.7482949549720432,0.7878836726874054,0.03958871771536221,0.03388999588280894,-0.005698721832553266,0.05442517030731719,0.01483645259195499
1625,10.66622400280318,-0.42,0.6570468198150567,0.03714811819788877,0.01151236244713649,-0.02563575575075228,0.7482949549720432,0.7878836726874054,0.03958871771536221,0.03430193160699646,-0.005286786108365749,0.05329776118640739,0.01370904347104518
1625,10.66622400280318,-0.36,0.697676326071031,0.03714811819788877,0.0137876596892903,-0.02336045850859847,0.7482949549720432,0.7878836726874054,0.03958871771536221,0.03476922061709087,-0.004819497098271341,0.05195953963342848,0.01237082191806627
1625,10.66622400280318,-0.3,0.7408182206817179,0.03714811819788877,0.0164407468960337,-0.02070737130185507,0.7482949549720432,0.7878836726874054,0.03958871771536221,0.03529652962848762,-0.004292188086874593,0.05037915489133382,0.01079043717597161
1625,10.66622400280318,-0.24,0.7866278610665535,0.03714811819788877,0.01951934494415342,-0.01762877325373535,0.7482949549720432,0.7878836726874054,0.03958871771536221,0.03588848868403649,-0.003700229031325719,0.04852226309358953,0.008933545378227326
1625,10.66622400280318,-0.18,0.835270211411272,0.03714811819788877,0.02307436887579684,-0.01407374932209193,0.7482949549720432,0.7878836726874054,0.03958871771536221,0.03654962545453999,-0.003039092260822218,0.04635156217267145,0.006762844457309236
1625,10.66622400280318,-0.12,0.8869204367171575,0.03714811819788877,0.02715963298725443,-0.009988485210634335,0.7482949549720432,0.7878836726874054,0.03958871771536221,0.0372842974186155,-0.002304420296746712,0.0438268975343753,0.004238179819013088
1625,10.66622400280318,-0.05999999999999994,0.9417645335842487,0.03714811819788877,0.03183144993290321,-0.005316668264985558,0.7482949549720432,0.7878836726874054,0.03958871771536221,0.03809662370288702,-0.001492094012475187,0.04090544766691873,0.001316729951556517
1625,10.66622400280318,0,1,0.03714811819788877,0.03714811819788877,0,0.7482949549720432,0.7878836726874054,0.03958871771536221,0.03899041844647633,-0.0005982992688858824,0.03754199777344147,-0.002046719941920738
1625,10.66622400280318,0.05999999999999994,1.06183654654536,0.03714811819788877,0.04316929492836574,0.006021176730476974,0.7482949549720432,0.7878836726874054,0.03958871771536221,0.03996912755329074,0.0003804098379285303,0.03368930795214498,-0.005899409763217234
1625,10.66622400280318,0.12,1.127496851579376,0.03714811819788877,0.04995525423732228,0.01280713603943351,0.7482949549720432,0.7878836726874054,0.03958871771536221,0.04103577060989094,0.001447052894528733,0.02929858038964317,-0.01029013732571904
1625,10.66622400280318,0.18,1.19721736312181,0.03714811819788877,0.05756603466787091,0.02041791646998214,0.7482949549720432,0.7878836726874054,0.03958871771536221,0.04219288957962564,0.002604171864263427,0.02432002749307516,-0.01526869022228705
1625,10.66622400280318,0.24,1.271249150321405,0.03714811819788877,0.06606048340784576,0.02891236520995699,0.7482949549720432,0.7878836726874054,0.03958871771536221,0.04344250564528873,0.003853787929926522,0.0187035399030947,-0.02088517781226751
1625,10.66622400280318,0.2999999999999999,1.349858807576003,0.03714811819788877,0.07549520899421924,0.03834709079633047,0.7482949549720432,0.7878836726874054,0.03958871771536221,0.0447860852766131,0.005197367561250887,0.01239944996788267,-0.02718926774747954
1625,10.66622400280318,0.36,1.43332941456034,0.03714811819788877,0.08592345848278393,0.04877534028489516,0.7482949549720432,0.7878836726874054,0.03958871771536221,0.04622451626350566,0.006635798548143446,0.005359382610330643,-0.03422933510503157
1625,10.66622400280318,0.42,1.521961555618634,0.03714811819788877,0.09739393922571848,0.06024582102782972,0.7482949549720432,0.7878836726874054,0.03958871771536221,0.04775809410042897,0.008169376385066762,-0.002462818295455804,-0.04205153601081801
1625,10.66622400280318,0.4800000000000001,1.616074402192893,0.03714811819788877,0.1099496093183292,0.07280149112044043,0.7482949549720432,0.7878836726874054,0.03958871771536221,0.04938651875165689,0.009797801036294684,-0.01111010376416066,-0.05069882147952287
1625,10.66622400280318,0.5399999999999999,1.716006862184858,0.03714811819788877,0.1236264642600453,0.08647834606215654,0.7482949549720432,0.7878836726874054,0.03958871771536221,0.0511089014899776,0.01152018377461539,-0.02062119318980093,-0.06020991090516314
1625,10.66622400280318,0.6,1.822118800390509,0.03714811819788877,0.1384523502359241,0.1013042320380353,0.7482949549720432,0.7878836726874054,0.03958871771536221,0.05292378119858854,0.01333506348322633,-0.03102953032268774,-0.07061824803804995
1825,10.83368074865474,-0.6,0.5488116360940264,0.02744690162986207,0.00443272650055615,-0.02301417512930592,0.7482949549720432,0.7878836726874054,0.03958871771536221,0.0345252435791874,-0.005063474136174806,0.05173840880885738,0.01214969109349517
1825,10.83368074865474,-0.54,0.5827482523739896,0.02744690162986207,0.005425650076487765,-0.02202125155337431,0.7482949549720432,0.7878836726874054,0.03958871771536221,0.03476344103319162,-0.004825276682170587,0.05119178535543889,0.01160306764007668
1825,10.83368074865474,-0.48,0.6187833918061408,0.02744690162986207,0.006611556578911548,-0.02083534505095053,0.7482949549720432,0.7878836726874054,0.03958871771536221,0.03503938591246591,-0.004549331802896295,0.05052980953414798,0.01094109181878578
1825,10.83368074865474,-0.42,0.6570468198150567,0.02744690162986207,0.008021082923688971,-0.0194258187061731,0.7482949549720432,0.7878836726874054,0.03958871771536221,0.03535734147995118,-0.004231376235411033,0.04973221501977976,0.01014349730441755
1825,10.83368074865474,-0.36,0.697676326071031,0.02744690162986207,0.009688268918259135,-0.01775863271160294,0.7482949549720432,0.7878836726874054,0.03958871771536221,0.03572174450188403,-0.003866973213478175,0.04877610282544509,0.00918738511008288
1825,10.83368074865474,-0.3,0.7408182206817179,0.02744690162986207,0.01165064846349706,-0.01579625316636502,0.7482949549720432,0.7878836726874054,0.03958871771536221,0.03613716130007461,-0.003451556415287604,0.0476357932815541,0.008047075566191886
1825,10.83368074865474,-0.24,0.7866278610665535,0.02744690162986207,0.01394928367273074,-0.01349761795713134,0.7482949549720432,0.7878836726874054,0.03958871771536221,0.0366082367605659,-0.002980480954796305,0.04628271029757391,0.006693992582211705
1825,10.83368074865474,-0.18,0.835270211411272,0.02744690162986207,0.01662873076196569,-0.01081817086789638,0.7482949549720432,0.7878836726874054,0.03958871771536221,0.03713963714179658,-0.002449080573565632,0.04468530736349652,0.005096589648134309
1825,10.83368074865474,-0.12,0.8869204367171575,0.02744690162986207,0.01973692674756045,-0.007709974882301629,0.7482949549720432,0.7878836726874054,0.03958871771536221,0.03773598782662368,-0.001852729888738525,0.04280904517162132,0.003220327456259109
1825,10.83368074865474,-0.05999999999999994,0.9417645335842487,0.02744690162986207,0.02332498660364013,-0.004121915026221945,0.7482949549720432,0.7878836726874054,0.03958871771536221,0.0384018074322926,-0.001186910283069609,0.04061643086259292,0.001027713147230713
1825,10.83368074865474,0,1,0.02744690162986207,0.02744690162986207,0,0.7482949549720432,0.7878836726874054,0.03958871771536221,0.03914143991226926,-0.0004472778030929492,0.03806712866134598,-0.001521589054016226
1825,10.83368074865474,0.05999999999999994,1.06183654654536,0.02744690162986207,0.03215913139435755,0.004712229764495479,0.7482949549720432,0.7878836726874054,0.03958871771536221,0.03995898643873763,0.000370268723375422,0.03511815101552129,-0.004470566699840917
1825,10.83368074865474,0.12,1.127496851579376,0.02744690162986207,0.03752008376210247,0.0100731821322404,0.7482949549720432,0.7878836726874054,0.03958871771536221,0.04085823893238261,0.001269521217020397,0.03172413823763709,-0.00786457947772512
1825,10.83368074865474,0.18,1.19721736312181,0.02744690162986207,0.04358948018774256,0.01614257855788048,0.7482949549720432,0.7878836726874054,0.03958871771536221,0.04184261709983272,0.002253899384470515,0.02783773305551385,-0.01175098465984836
1825,10.83368074865474,0.24,1.271249150321405,0.02744690162986207,0.05042760661172141,0.02298070498185933,0.7482949549720432,0.7878836726874054,0.03958871771536221,0.04291511074811161,0.003326393032749397,0.02341005438476929,-0.01617866333059292
1825,10.83368074865474,0.2999999999999999,1.349858807576003,0.02744690162986207,0.05809445388816237,0.03064755225830029,0.7482949549720432,0.7878836726874054,0.03958871771536221,0.04407822897318092,0.004489511257818712,0.01839127206656832,-0.02119744564879389
1825,10.83368074865474,0.36,1.43332941456034,0.02744690162986207,0.06664875560389394,0.03920185397403186,0.7482949549720432,0.7878836726874054,0.03958871771536221,0.0453339575770253,0.005745239861663087,0.01273128130341172,-0.02685743641195049
1825,10.83368074865474,0.42,1.521961555618634,0.02744690162986207,0.07614693530339933,0.04870003367353726,0.7482949549720432,0.7878836726874054,0.03958871771536221,0.04668372576871116,0.00709500805334895,0.006380472141907179,-0.03320824557345503
1825,10.83368074865474,0.4800000000000001,1.616074402192893,0.02744690162986207,0.08664197937190432,0.05919507774204225,0.7482949549720432,0.7878836726874054,0.03958871771536221,0.04812838286733412,0.008539665151971909,-0.0007094143115032869,-0.0402981320268655
1825,10.83368074865474,0.5399999999999999,1.716006862184858,0.02744690162986207,0.09818225598532493,0.07073535435546285,0.7482949549720432,0.7878836726874054,0.03958871771536221,0.04966818536888218,0.01007946765351997,-0.00858435507795241,-0.04817307279331462
1825,10.83368074865474,0.6,1.822118800390509,0.02744690162986207,0.1108103044318723,0.08336340280201027,0.7482949549720432,0.7878836726874054,0.03958871771536221,0.05130279438382501,0.0117140766684628,-0.01728705587134083,-0.05687577358670304
2048,11,-0.6,0.5488116360940264,0.0200009017931787,0.002968751650385792,-0.01703215014279291,0.7482949549720432,0.7878836726874054,0.03958871771536221,0.03563279227447214,-0.003955925440890073,0.04835414847007824,0.00876543075471603
2048,11,-0.54,0.5827482523739896,0.0200009017931787,0.003665029530282582,-0.01633587226289612,0.7482949549720432,0.7878836726874054,0.03958871771536221,0.03580963296777329,-0.003779084747588923,0.04798115448582674,0.008392436770464529
2048,11,-0.48,0.6187833918061408,0.0200009017931787,0.004504441093910683,-0.01549646069926802,0.7482949549720432,0.7878836726874054,0.03958871771536221,0.03601664348477707,-0.003572074230585143,0.04752500138974058,0.007936283674378375
2048,11,-0.42,0.6570468198150567,0.0200009017931787,0.005511501314452771,-0.01448940047872593,0.7482949549720432,0.7878836726874054,0.03958871771536221,0.03625765834565797,-0.003331059369704237,0.04696998638560945,0.007381268670247243
2048,11,-0.36,0.697676326071031,0.0200009017931787,0.006713832372769457,-0.01328706942040925,0.7482949549720432,0.7878836726874054,0.03958871771536221,0.03653674856887978,-0.003051969146482425,0.04629811746129442,0.00670939974593221
2048,11,-0.3,0.7408182206817179,0.0200009017931787,0.008142334228294024,-0.01185856756488468,0.7482949549720432,0.7878836726874054,0.03958871771536221,0.03685819247357358,-0.002730525241788628,0.04548892730924958,0.005900209593887373
2048,11,-0.24,0.7866278610665535,0.0200009017931787,0.009831318711580606,-0.0101695830815981,0.7482949549720432,0.7878836726874054,0.03958871771536221,0.03722643869696307,-0.002362279018399138,0.04451930336491849,0.004930585649556285
2048,11,-0.18,0.835270211411272,0.0200009017931787,0.01181859664049978,-0.008182305152678926,0.7482949549720432,0.7878836726874054,0.03958871771536221,0.03764606166972384,-0.001942656045638369,0.04336334199486314,0.003774624279500927
2048,11,-0.12,0.8869204367171575,0.0200009017931787,0.01414550697988659,-0.005855394813292114,0.7482949549720432,0.7878836726874054,0.03958871771536221,0.03812171010270415,-0.001467007612658056,0.04199223568988875,0.002403517974526537
2048,11,-0.05999999999999994,0.9417645335842487,0.0200009017931787,0.01685687689874182,-0.003144024894436881,0.7482949549720432,0.7878836726874054,0.03958871771536221,0.03865804935241668,-0.0009306683629455303,0.04037420276260539,0.000785485047243184
2048,11,0,1,0.0200009017931787,0.0200009017931787,0,0.7482949549720432,0.7878836726874054,0.03958871771536221,0.0392596988323779,-0.000329018882984311,0.03847446945160182,-0.001114248263760387
2048,11,0.05999999999999994,1.06183654654536,0.0200009017931787,0.02362893499570984,0.003628033202531133,0.7482949549720432,0.7878836726874054,0.03958871771536221,0.03993116590358536,0.0003424481882231545,0.03625531443120245,-0.003333403284159764
2048,11,0.12,1.127496851579376,0.0200009017931787,0.02779517802943721,0.007794276236258502,0.7482949549720432,0.7878836726874054,0.03958871771536221,0.04067677789282287,0.001088060177460659,0.03367618545679518,-0.005912532258567027
2048,11,0.18,1.19721736312181,0.0200009017931787,0.03255626392124811,0.0125553621280694,0.7482949549720432,0.7878836726874054,0.03958871771536221,0.04150061403659333,0.001911896321231121,0.03069389718802162,-0.008894820527340586
2048,11,0.24,1.271249150321405,0.0200009017931787,0.0379707282754117,0.017969826482233,0.7482949549720432,0.7878836726874054,0.03958871771536221,0.0424064392198813,0.002817721504519088,0.02726291808335712,-0.01232579963200509
2048,11,0.2999999999999999,1.349858807576003,0.0200009017931787,0.04409836551777235,0.02409746372459365,0.7482949549720432,0.7878836726874054,0.03958871771536221,0.04339764136611679,0.003808923650754581,0.02333575262421816,-0.01625296509114404
2048,11,0.36,1.43332941456034,0.0200009017931787,0.05099947091697632,0.03099856912379761,0.7482949549720432,0.7878836726874054,0.03958871771536221,0.04447717423683606,0.00488845652147385,0.01886342299721933,-0.02072529471814288
2048,11,0.42,1.521961555618634,0.0200009017931787,0.05873397260917801,0.0387330708159993,0.7482949549720432,0.7878836726874054,0.03958871771536221,0.0456475072215986,0.006058789506236395,0.013796051756504,-0.02579266595885821
2048,11,0.4800000000000001,1.616074402192893,0.0200009017931787,0.06736046180580535,0.04735956001262664,0.7482949549720432,0.7878836726874054,0.03958871771536221,0.04691058345080668,0.007321865735444466,0.008083543945306637,-0.03150517377005557
2048,11,0.5399999999999999,1.716006862184858,0.0200009017931787,0.07693513353124937,0.05693423173807066,0.7482949549720432,0.7878836726874054,0.03958871771536221,0.04826778726150038,0.008679069546138174,0.001676363746520915,-0.03791235396884129
2048,11,0.6,1.822118800390509,0.0200009017931787,0.08751065447469597,0.06750975268151727,0.7482949549720432,0.7878836726874054,0.03958871771536221,0.04971992170658945,0.01013120399122724,-0.005473602948125378,-0.04506232066348759
2299,11.16679075071818,-0.6,0.5488116360940264,0.01433026505619694,0.001953304135351219,-0.01237696092084573,0.7482949549720432,0.7878836726874054,0.03958871771536221,0.03655670564645275,-0.003032012068909462,0.04579179465230865,0.006203076936946439
2299,11.16679075071818,-0.54,0.5827482523739896,0.01433026505619694,0.002432356323888052,-0.01189790873230889,0.7482949549720432,0.7878836726874054,0.03958871771536221,0.03668526215646739,-0.002903455558894819,0.04554231655318286,0.005953598837820651
2299,11.16679075071818,-0.48,0.6187833918061408,0.01433026505619694,0.003015323828479799,-0.01131494122771715,0.7482949549720432,0.7878836726874054,0.03958871771536221,0.03683733969820535,-0.002751378017156858,0.04523420377601084,0.00564548606064863
2299,11.16679075071818,-0.42,0.6570468198150567,0.01433026505619694,0.003721306498691068,-0.01060895855750588,0.7482949549720432,0.7878836726874054,0.03958871771536221,0.03701626306270989,-0.002572454652652323,0.04485561167643981,0.005266893961077601
2299,11.16679075071818,-0.36,0.697676326071031,0.01433026505619694,0.004572115139571564,-0.00975814991662538,0.7482949549720432,0.7878836726874054,0.03958871771536221,0.03722562824585063,-0.002363089469511581,0.04439278507785749,0.004804067362495279
2299,11.16679075071818,-0.3,0.7408182206817179,0.01433026505619694,0.005592485621861321,-0.008737779434335624,0.7482949549720432,0.7878836726874054,0.03958871771536221,0.03746928788967074,-0.002119429825691466,0.04382986025352364,0.004241142538161435
2299,11.16679075071818,-0.24,0.7866278610665535,0.01433026505619694,0.006810274521629411,-0.007519990534567533,0.7482949549720432,0.7878836726874054,0.03958871771536221,0.03775132926297542,-0.00183738845238679,0.04314867026136016,0.003559952545997946
2299,11.16679075071818,-0.18,0.835270211411272,0.01433026505619694,0.008256627363672941,-0.006073637692524003,0.7482949549720432,0.7878836726874054,0.03958871771536221,0.03807604449239377,-0.001512673222968441,0.04232855979131034,0.002739842075948129
2299,11.16679075071818,-0.12,0.8869204367171575,0.01433026505619694,0.009966109640822896,-0.004364155415374049,0.7482949549720432,0.7878836726874054,0.03958871771536221,0.03844789301617568,-0.001140824699186527,0.04134621668735683,0.00175749897199462
2299,11.16679075071818,-0.05999999999999994,0.9417645335842487,0.01433026505619694,0.01197679006640417,-0.00235347498979277,0.7482949549720432,0.7878836726874054,0.03958871771536221,0.0388714565256626,-0.0007172611896996139,0.04017552824100568,0.0005868105256434664
2299,11.16679075071818,0,1,0.01433026505619694,0.01433026505619694,0,0.7482949549720432,0.7878836726874054,0.03958871771536221,0.03935138697103957,-0.0002373307443226391,0.03878747116541559,-0.0008012465499466215
2299,11.16679075071818,0.05999999999999994,1.06183654654536,0.01433026505619694,0.01707161329587659,0.002741348239679642,0.7482949549720432,0.7878836726874054,0.03958871771536221,0.03989234852131929,0.000303630805957078,0.03715004478807338,-0.002438672927288832
2299,11.16679075071818,0.12,1.127496851579376,0.01433026505619694,0.02024926949447425,0.005919004438277309,0.7482949549720432,0.7878836726874054,0.03958871771536221,0.04049895466660647,0.0009102369512442587,0.03522825738244073,-0.004360460332921479
2299,11.16679075071818,0.18,1.19721736312181,0.01433026505619694,0.02391480711069527,0.009584542054498324,0.7482949549720432,0.7878836726874054,0.03958871771536221,0.04117570191345121,0.001586984198089003,0.03298417563083955,-0.006604542084522658
2299,11.16679075071818,0.24,1.271249150321405,0.01433026505619694,0.02812262101390162,0.01379235595770467,0.7482949549720432,0.7878836726874054,0.03958871771536221,0.04192690173544367,0.002338184020081457,0.03037704691320597,-0.009211670802156235
2299,11.16679075071818,0.2999999999999999,1.349858807576003,0.01433026505619694,0.03292950273593065,0.0185992376797337,0.7482949549720432,0.7878836726874054,0.03958871771536221,0.04275661258472341,0.003167894869361199,0.02736350339583571,-0.0122252143195265
2299,11.16679075071818,0.36,1.43332941456034,0.01433026505619694,0.0383941031957703,0.02406383813957336,0.7482949549720432,0.7878836726874054,0.03958871771536221,0.04366857383562628,0.004079856120264069,0.02389785571087311,-0.0156908620044891
2299,11.16679075071818,0.42,1.521961555618634,0.01433026505619694,0.04457628052531792,0.03024601546912098,0.7482949549720432,0.7878836726874054,0.03958871771536221,0.044666143512476,0.005077425797113788,0.01993248234542488,-0.01965623536993732
2299,11.16679075071818,0.4800000000000001,1.616074402192893,0.01433026505619694,0.05153633385397682,0.03720606879777988,0.7482949549720432,0.7878836726874054,0.03958871771536221,0.04575224154972635,0.006163523834364137,0.01541831869421983,-0.02417039902114237
2299,11.16679075071818,0.5399999999999999,1.716006862184858,0.01433026505619694,0.0593341275577155,0.04500386250151855,0.7482949549720432,0.7878836726874054,0.03958871771536221,0.04692930014890762,0.007340582433545406,0.01030544708908132,-0.02928327062628089
2299,11.16679075071818,0.6,1.822118800390509,0.01433026505619694,0.06802811445149581,0.05369784939529887,0.7482949549720432,0.7878836726874054,0.03958871771536221,0.04819922254476938,0.008610504829407173,0.004543786046499299,-0.03504493166886291
2580,11.33315535031062,-0.6,0.5488116360940264,0.0101117482753329,0.001265312240640193,-0.008846436034692706,0.7482949549720432,0.7878836726874054,0.03958871771536221,0.03730632731063332,-0.002282390404728885,0.04390261336190882,0.004313895646546606
2580,11.33315535031062,-0.54,0.5827482523739896,0.0101117482753329,0.001589343913206087,-0.008522404362126812,0.7482949549720432,0.7878836726874054,0.03958871771536221,0.0373979891659425,-0.002190728549419707,0.04373870002974556,0.004149982314383349
2580,11.33315535031062,-0.48,0.6187833918061408,0.0101117482753329,0.001987366472366303,-0.008124381802966596,0.7482949549720432,0.7878836726874054,0.03958871771536221,0.03750756617381312,-0.002081151541549087,0.04353426732788879,0.003945549612526578
2580,11.33315535031062,-0.42,0.6570468198150567,0.0101117482753329,0.002473903752643891,-0.007637844522689008,0.7482949549720432,0.7878836726874054,0.03958871771536221,0.03763784596345721,-0.001950871751905003,0.04328059657000172,0.003691878854639508
2580,11.33315535031062,-0.36,0.697676326071031,0.0101117482753329,0.003065755248316093,-0.007045993027016806,0.7482949549720432,0.7878836726874054,0.03958871771536221,0.03779189640958081,-0.001796821305781404,0.04296743050697294,0.003378712791610727
2580,11.33315535031062,-0.3,0.7408182206817179,0.0101117482753329,0.003782224487284824,-0.006329523788048075,0.7482949549720432,0.7878836726874054,0.03958871771536221,0.03797306383895271,-0.001615653876409495,0.04258278243273694,0.002994064717374734
2580,11.33315535031062,-0.24,0.7866278610665535,0.0101117482753329,0.004645343146771785,-0.005466405128561114,0.7482949549720432,0.7878836726874054,0.03958871771536221,0.03818496490441725,-0.001403752810944958,0.04211273965172557,0.002524021936363363
2580,11.33315535031062,-0.18,0.835270211411272,0.0101117482753329,0.005680084019514253,-0.004431664255818646,0.7482949549720432,0.7878836726874054,0.03958871771536221,0.03843147145944925,-0.001157246255912958,0.04154126552462833,0.001952547809266125
2580,11.33315535031062,-0.12,0.8869204367171575,0.0101117482753329,0.006914554848093002,-0.003197193427239897,0.7482949549720432,0.7878836726874054,0.03958871771536221,0.03871668794089222,-0.0008720297744699845,0.04085000531104532,0.001261287595683114
2580,11.33315535031062,-0.05999999999999994,0.9417645335842487,0.0101117482753329,0.008380164026179804,-0.001731584249153095,0.7482949549720432,0.7878836726874054,0.03958871771536221,0.03904492099017642,-0.0005437967251857856,0.0400181020484025,0.0004293843330402947
2580,11.33315535031062,0,1,0.0101117482753329,0.0101117482753329,0,0.7482949549720432,0.7878836726874054,0.03958871771536221,0.03942064130702172,-0.0001680764083404895,0.03902202970527291,-0.0005666880100893001
2580,11.33315535031062,0.05999999999999994,1.06183654654536,0.0101117482753329,0.01214765170861976,0.002035903433286856,0.7482949549720432,0.7878836726874054,0.03958871771536221,0.03984843802455584,0.000259720309193634,0.03783545177462178,-0.001753265940740434
2580,11.33315535031062,0.12,1.127496851579376,0.0101117482753329,0.01452974525409634,0.004417996978763439,0.7482949549720432,0.7878836726874054,0.03958871771536221,0.0403329662069265,0.0007442484915642922,0.03642911427247963,-0.003159603442882575
2580,11.33315535031062,0.18,1.19721736312181,0.0101117482753329,0.01730337529851933,0.007191627023186431,0.7482949549720432,0.7878836726874054,0.03958871771536221,0.0408788883836374,0.001290170668275192,0.0347707827197502,-0.004817934995612005
2580,11.33315535031062,0.24,1.271249150321405,0.0101117482753329,0.02051723068888378,0.01040548241355088,0.7482949549720432,0.7878836726874054,0.03958871771536221,0.0414908113304151,0.001902093615052891,0.03282523304487828,-0.006763484670483932
2580,11.33315535031062,0.2999999999999999,1.349858807576003,0.0101117482753329,0.02422311795221466,0.01411136967688176,0.7482949549720432,0.7878836726874054,0.03958871771536221,0.04217321956624576,0.002584501850883547,0.03055430639074264,-0.009034411324619573
2580,11.33315535031062,0.36,1.43332941456034,0.0101117482753329,0.02847563580881474,0.01836388753348184,0.7482949549720432,0.7878836726874054,0.03958871771536221,0.04293040724234765,0.003341689526985436,0.02791703747971208,-0.01167168023565013
2580,11.33315535031062,0.42,1.521961555618634,0.0101117482753329,0.03333174178971832,0.02321999351438542,0.7482949549720432,0.7878836726874054,0.03958871771536221,0.04376641023693095,0.004177692521568743,0.02486986543588576,-0.01471885227947645
2580,11.33315535031062,0.4800000000000001,1.616074402192893,0.0101117482753329,0.03885020603644618,0.02873845776111328,0.7482949549720432,0.7878836726874054,0.03958871771536221,0.04468494032845483,0.005096222613092616,0.02136693474235274,-0.01822178297300947
2580,11.33315535031062,0.5399999999999999,1.716006862184858,0.0101117482753329,0.04509095014667852,0.03497920187134562,0.7482949549720432,0.7878836726874054,0.03958871771536221,0.04568932329439002,0.006100605579027807,0.01736049230110448,-0.02222822541425773
2580,11.33315535031062,0.6,1.822118800390509,0.0101117482753329,0.05211427219440901,0.04200252391907611,0.7482949549720432,0.7878836726874054,0.03958871771536221,0.04678244267204212,0.007193724956679914,0.01280138435997935,-0.02678733335538286
2896,11.49984588708321,-0.6,0.5488116360940264,0.007015113370280268,0.0008053367779458087,-0.006209776592334459,0.7482949549720432,0.7878836726874054,0.03958871771536221,0.03790379857910642,-0.001684919136255791,0.0425321379022916,0.002943420186929391
2896,11.49984588708321,-0.54,0.5827482523739896,0.007015113370280268,0.001020434644463442,-0.005994678725816827,0.7482949549720432,0.7878836726874054,0.03958871771536221,0.03796780209088269,-0.001620915624479524,0.04242654660326595,0.002837828887903737
2896,11.49984588708321,-0.48,0.6187833918061408,0.007015113370280268,0.001287134579793014,-0.005727978790487254,0.7482949549720432,0.7878836726874054,0.03958871771536221,0.03804512429037332,-0.001543593424988887,0.04229355251120626,0.002704834795844047
2896,11.49984588708321,-0.42,0.6570468198150567,0.007015113370280268,0.001616211912651822,-0.005398901457628447,0.7482949549720432,0.7878836726874054,0.03958871771536221,0.03813802777762354,-0.001450689937738669,0.04212689686242976,0.002538179147067554
2896,11.49984588708321,-0.36,0.697676326071031,0.007015113370280268,0.002020286237671809,-0.004994827132608459,0.7482949549720432,0.7878836726874054,0.03958871771536221,0.03824904399466034,-0.001339673720701873,0.04191912275192622,0.002330405036564009
2896,11.49984588708321,-0.3,0.7408182206817179,0.007015113370280268,0.002514042653891324,-0.004501070716388944,0.7482949549720432,0.7878836726874054,0.03958871771536221,0.03838098133157974,-0.001207736383782465,0.04166140354011016,0.002072685824747955
2896,11.49984588708321,-0.24,0.7866278610665535,0.007015113370280268,0.003114458904098227,-0.003900654466182041,0.7482949549720432,0.7878836726874054,0.03958871771536221,0.03853692849162005,-0.001051789223742161,0.04134336010971607,0.001754642394353856
2896,11.49984588708321,-0.18,0.835270211411272,0.007015113370280268,0.003841033644688352,-0.003174079725591916,0.7482949549720432,0.7878836726874054,0.03958871771536221,0.03872025225305942,-0.0008684654623027921,0.04095286942890752,0.001364151713545314
2896,11.49984588708321,-0.12,0.8869204367171575,0.007015113370280268,0.004716009983553371,-0.002299103386726897,0.7482949549720432,0.7878836726874054,0.03958871771536221,0.03893458884421197,-0.0006541288711502391,0.04047586775595302,0.0008871500405908117
2896,11.49984588708321,-0.05999999999999994,0.9417645335842487,0.007015113370280268,0.005764587312071523,-0.001250526058208745,0.7482949549720432,0.7878836726874054,0.03958871771536221,0.03918382827562761,-0.0004048894397346015,0.03989615277510561,0.0003074350597433995
2896,11.49984588708321,0,1,0.007015113370280268,0.007015113370280268,0,0.7482949549720432,0.7878836726874054,0.03958871771536221,0.03947209115232564,-0.0001166265630365704,0.03919518995793003,-0.0003935277574321772
2896,11.49984588708321,0.05999999999999994,1.06183654654536,0.007015113370280268,0.008499247472402049,0.001484134102121781,0.7482949549720432,0.7878836726874054,0.03958871771536221,0.0398036977144729,0.0002149799991106871,0.03835192946504029,-0.001236788250321919
2896,11.49984588708321,0.12,1.127496851579376,0.007015113370280268,0.01025208494223706,0.003236971571956793,0.7482949549720432,0.7878836726874054,0.03958871771536221,0.0401831291215875,0.0005944114062252925,0.03734264089838046,-0.002246076816981746
2896,11.49984588708321,0.18,1.19721736312181,0.007015113370280268,0.01231223212741983,0.005297118757139563,0.7482949549720432,0.7878836726874054,0.03958871771536221,0.04061498129202001,0.001026263576657804,0.03614077413413408,-0.00344794358122813
2896,11.49984588708321,0.24,1.271249150321405,0.007015113370280268,0.01472182094501373,0.007706707574733462,0.7482949549720432,0.7878836726874054,0.03958871771536221,0.04110391192212381,0.001515194206761605,0.03471685525450774,-0.00487186246085447
2896,11.49984588708321,0.2999999999999999,1.349858807576003,0.007015113370280268,0.01752645182551604,0.01051133845523577,0.7482949549720432,0.7878836726874054,0.03958871771536221,0.04165458162229452,0.002065863906932308,0.03303842719226258,-0.006550290523099633
2896,11.49984588708321,0.36,1.43332941456034,0.007015113370280268,0.02077505423034354,0.01375994086006327,0.7482949549720432,0.7878836726874054,0.03958871771536221,0.0422715904003258,0.002682872684963589,0.03107004504078381,-0.008518672674578398
2896,11.49984588708321,0.42,1.521961555618634,0.007015113370280268,0.02451965467636463,0.01750454130608436,0.7482949549720432,0.7878836726874054,0.03958871771536221,0.04295941097917555,0.00337069326381334,0.02877333600205234,-0.01081538171330987
2896,11.49984588708321,0.4800000000000001,1.616074402192893,0.007015113370280268,0.02881504345330765,0.02179993008302739,0.7482949549720432,0.7878836726874054,0.03958871771536221,0.04372232063763182,0.004133602922269608,0.02610713358567074,-0.01348158412969147
2896,11.49984588708321,0.5399999999999999,1.716006862184858,0.007015113370280268,0.03371833299513605,0.02670321962485578,0.7482949549720432,0.7878836726874054,0.03958871771536221,0.04456433339492727,0.00497561567956506,0.02302769488354517,-0.01656102283181704
2896,11.49984588708321,0.6,1.822118800390509,0.007015113370280268,0.03928840317290272,0.03227328980262245,0.7482949549720432,0.7878836726874054,0.03958871771536221,0.04548913441305236,0.005900416697690147,0.01948900848803492,-0.02009970922732729
3251,11.66666784069036,-0.6,0.5488116360940264,0.004786161279013323,0.0005038218740420763,-0.004282339404971247,0.7482949549720432,0.7878836726874054,0.03958871771536221,0.03836874791850975,-0.00121996979685246,0.04155983884510395,0.001971121129741737
3251,11.66666784069036,-0.54,0.5827482523739896,0.004786161279013323,0.0006440077804099609,-0.004142153498603363,0.7482949549720432,0.7878836726874054,0.03958871771536221,0.03841252983151144,-0.001176187883850766,0.04149311799890643,0.001904400283544216
3251,11.66666784069036,-0.48,0.6187833918061408,0.004786161279013323,0.0008194608071567799,-0.003966700471856544,0.7482949549720432,0.7878836726874054,0.03958871771536221,0.03846598157065606,-0.001122736144706149,0.04140825117063884,0.001819533455276634
3251,11.66666784069036,-0.42,0.6570468198150567,0.004786161279013323,0.001037988092868369,-0.003748173186144954,0.7482949549720432,0.7878836726874054,0.03958871771536221,0.03853088393567439,-0.001057833779687822,0.0413008528400165,0.00171213512465429
3251,11.66666784069036,-0.36,0.697676326071031,0.004786161279013323,0.001308844273627319,-0.003477317005386005,0.7482949549720432,0.7878836726874054,0.03958871771536221,0.03860926086609107,-0.0009794568492711431,0.04116563301079768,0.001576915295435466
3251,11.66666784069036,-0.3,0.7408182206817179,0.004786161279013323,0.001642931659550428,-0.003143229619462895,0.7482949549720432,0.7878836726874054,0.03958871771536221,0.03870339417073487,-0.0008853235446273366,0.04099625121836448,0.001407533503002267
3251,11.66666784069036,-0.24,0.7866278610665535,0.004786161279013323,0.002053012646355157,-0.002733148632658167,0.7482949549720432,0.7878836726874054,0.03958871771536221,0.03881583523114895,-0.0007728824842132553,0.0407851567819657,0.001196439066603494
3251,11.66666784069036,-0.18,0.835270211411272,0.004786161279013323,0.002553931521503072,-0.002232229757510251,0.7482949549720432,0.7878836726874054,0.03958871771536221,0.03894941279262587,-0.000639304922736339,0.04052341633456003,0.0009346986191978157
3251,11.66666784069036,-0.12,0.8869204367171575,0.004786161279013323,0.003162841859774446,-0.001623319419238878,0.7482949549720432,0.7878836726874054,0.03958871771536221,0.03910723594978971,-0.0004814817655725001,0.04020053035380633,0.0006118126384441203
3251,11.66666784069036,-0.05999999999999994,0.9417645335842487,0.004786161279013323,0.003899434659899059,-0.0008867266191142642,0.7482949549720432,0.7878836726874054,0.03958871771536221,0.03929269146877923,-0.000296026246582981,0.03980424121143389,0.000215523496071679
3251,11.66666784069036,0,1,0.004786161279013323,0.004786161279013323,0,0.7482949549720432,0.7878836726874054,0.03958871771536221,0.03950943466978296,-0.00007928304557924815,0.03932033614341068,-0.0002683815719515259
3251,11.66666784069036,0.05999999999999994,1.06183654654536,0.004786161279013323,0.00584844411054819,0.001062282831534866,0.7482949549720432,0.7878836726874054,0.03958871771536221,0.03976137322548434,0.0001726555101221328,0.03873244950243959,-0.0008562682129226173
3251,11.66666784069036,0.12,1.127496851579376,0.004786161279013323,0.007114866867618863,0.00232870558860554,0.7482949549720432,0.7878836726874054,0.03958871771536221,0.04005264341301307,0.0004639256976508577,0.03802186966122389,-0.001566848054138315
3251,11.66666784069036,0.18,1.19721736312181,0.004786161279013323,0.008617335330117881,0.003831174051104558,0.7482949549720432,0.7878836726874054,0.03958871771536221,0.04038757858602615,0.0007988608706639422,0.03716735695525764,-0.002421360760104574
3251,11.66666784069036,0.24,1.271249150321405,0.004786161279013323,0.01039119854788118,0.005605037268867852,0.7482949549720432,0.7878836726874054,0.03958871771536221,0.04077066990275646,0.001181952187394253,0.03614498004557776,-0.003443737669784452
3251,11.66666784069036,0.2999999999999999,1.349858807576003,0.004786161279013323,0.01247531982892514,0.007689158549911812,0.7482949549720432,0.7878836726874054,0.03958871771536221,0.04120651964403099,0.001617801928668783,0.03492797899390498,-0.004660738721457225
3251,11.66666784069036,0.36,1.43332941456034,0.004786161279013323,0.01491208644714792,0.0101259251681346,0.7482949549720432,0.7878836726874054,0.03958871771536221,0.04169978776892913,0.002111070053566921,0.03348666411923518,-0.006102053596127033
3251,11.66666784069036,0.42,1.521961555618634,0.004786161279013323,0.01774734694475133,0.01296118566573801,0.7482949549720432,0.7878836726874054,0.03958871771536221,0.04225513266715619,0.002666414951793983,0.03178836028371312,-0.007800357431649085
3251,11.66666784069036,0.4800000000000001,1.616074402192893,0.004786161279013323,0.02103026524413298,0.01624410396511966,0.7482949549720432,0.7878836726874054,0.03958871771536221,0.04287714735903303,0.00328842964367082,0.02979740657361585,-0.009791311141746362
3251,11.66666784069036,0.5399999999999999,1.716006862184858,0.004786161279013323,0.02481308157665296,0.02002692029763964,0.7482949549720432,0.7878836726874054,0.03958871771536221,0.04357029264669066,0.003981574931328447,0.02747522133505997,-0.01211349638030224
3251,11.66666784069036,0.6,1.822118800390509,0.004786161279013323,0.02915077152555379,0.02436461024654046,0.7482949549720432,0.7878836726874054,0.03958871771536221,0.04433882891720686,0.004750111201844653,0.02478044213526398,-0.01480827558009823
3649,11.83328543558448,-0.6,0.5488116360940264,0.003213502630861842,0.0003100859497777719,-0.00290341668108407,0.7482949549720432,0.7878836726874054,0.03958871771536221,0.03872187228570745,-0.0008668454296547612,0.04088531715514077,0.001296599439778556
3649,11.83328543558448,-0.54,0.5827482523739896,0.003213502630861842,0.0003998643312289607,-0.002813638299632881,0.7482949549720432,0.7878836726874054,0.03958871771536221,0.03875123657874335,-0.0008374811366188561,0.04084392479445353,0.001255207079091325
3649,11.83328543558448,-0.48,0.6187833918061408,0.003213502630861842,0.0005132851836385788,-0.002700217447223263,0.7482949549720432,0.7878836726874054,0.03958871771536221,0.03878746388324494,-0.0008012538321172658,0.04079075511357544,0.001202037398213229
3649,11.83328543558448,-0.42,0.6570468198150567,0.003213502630861842,0.0006558795565453357,-0.002557623074316506,0.7482949549720432,0.7878836726874054,0.03958871771536221,0.03883191582243994,-0.0007568018929222653,0.04072280489766045,0.001134087182298238
3649,11.83328543558448,-0.36,0.697676326071031,0.003213502630861842,0.0008342817491480137,-0.002379220881713828,0.7482949549720432,0.7878836726874054,0.03958871771536221,0.03888616334582995,-0.00070255436953226,0.04063640750291952,0.001047689787557315
3649,11.83328543558448,-0.3,0.7408182206817179,0.003213502630861842,0.001056401041876431,-0.002157101588985411,0.7482949549720432,0.7878836726874054,0.03958871771536221,0.03895200496165752,-0.0006367127537046935,0.04052711418846644,0.0009383964731042305
3649,11.83328543558448,-0.24,0.7866278610665535,0.003213502630861842,0.001331608783489036,-0.001881893847372806,0.7482949549720432,0.7878836726874054,0.03958871771536221,0.03903148351098507,-0.0005572342043771439,0.04038956125616111,0.0008008435407989012
3649,11.83328543558448,-0.18,0.835270211411272,0.003213502630861842,0.001670939565906693,-0.001542563064955149,0.7482949549720432,0.7878836726874054,0.03958871771536221,0.0391269006997963,-0.0004618170155659129,0.04021732300209735,0.0006286052867351399
3649,11.83328543558448,-0.12,0.8869204367171575,0.003213502630861842,0.002087304452064842,-0.001126198178797,0.7482949549720432,0.7878836726874054,0.03958871771536221,0.03924082853952704,-0.0003478891758351699,0.0400027509688311,0.0004140332534688929
3649,11.83328543558448,-0.05999999999999994,0.9417645335842487,0.003213502630861842,0.002595713346966066,-0.0006177892838957755,0.7482949549720432,0.7878836726874054,0.03958871771536221,0.03937611680775777,-0.0002126009076044433,0.03973680057934814,0.0001480828639859322
3649,11.83328543558448,0,1,0.003213502630861842,0.003213502630861842,0,0.7482949549720432,0.7878836726874054,0.03958871771536221,0.03953589563725701,-0.0000528220781051969,0.03940884693261326,-0.0001798707827489476
3649,11.83328543558448,0.05999999999999994,1.06183654654536,0.003213502630861842,0.003960563125287364,0.0007470604944255221,0.7482949549720432,0.7878836726874054,0.03958871771536221,0.03972357237980984,0.0001348546644476256,0.03900649234139097,-0.0005822253739712346
3649,11.83328543558448,0.12,1.127496851579376,0.003213502630861842,0.004859562365309378,0.001646059734447536,0.7482949549720432,0.7878836726874054,0.03958871771536221,0.03994282197674914,0.0003541042613869338,0.038515369084544,-0.001073348630818205
3649,11.83328543558448,0.18,1.19721736312181,0.003213502630861842,0.005936154040524166,0.002722651409662324,0.7482949549720432,0.7878836726874054,0.03958871771536221,0.04019757020371528,0.0006088524883530733,0.03791894180979993,-0.001669775905562276
3649,11.83328543558448,0.24,1.271249150321405,0.003213502630861842,0.007219166388081732,0.004005663757219891,0.7482949549720432,0.7878836726874054,0.03958871771536221,0.04049196934284272,0.0009032516274805058,0.03719831503199578,-0.002390402683366433
3649,11.83328543558448,0.2999999999999999,1.349858807576003,0.003213502630861842,0.008740760325154362,0.00552725769429252,0.7482949549720432,0.7878836726874054,0.03958871771536221,0.04083036606803958,0.001241648352677371,0.03633205219186852,-0.003256665523493685
3649,11.83328543558448,0.36,1.43332941456034,0.003213502630861842,0.01053654725561703,0.007323044624755193,0.7482949549720432,0.7878836726874054,0.03958871771536221,0.04121726160059958,0.001628543885237366,0.03529601372756452,-0.004292703987797686
3649,11.83328543558448,0.42,1.521961555618634,0.003213502630861842,0.01264565584006139,0.009432153209199545,0.7482949549720432,0.7878836726874054,0.03958871771536221,0.04165726449257934,0.002068546777217128,0.03406322251534288,-0.005525495200019326
3649,11.83328543558448,0.4800000000000001,1.616074402192893,0.003213502630861842,0.01511073664657803,0.01189723401571618,0.7482949549720432,0.7878836726874054,0.03958871771536221,0.04215503670912024,0.002566318993758032,0.03260376579953161,-0.006984951915830595
3649,11.83328543558448,0.5399999999999999,1.716006862184858,0.003213502630861842,0.01797789356856139,0.01476439093769955,0.7482949549720432,0.7878836726874054,0.03958871771536221,0.04271523399178789,0.003126516276425684,0.03088474329341528,-0.008703974421946925
3649,11.83328543558448,0.6,1.822118800390509,0.003213502630861842,0.02129653126743369,0.01808302863657185,0.7482949549720432,0.7878836726874054,0.03958871771536221,0.04334244177434743,0.003753724058985219,0.02887027142843268,-0.01071844628692953
4096,12,-0.6,0.5488116360940264,0.002121592403661166,0.0001875823260142351,-0.00193401007764693,0.7482949549720432,0.7878836726874054,0.03958871771536221,0.03898467217433776,-0.000604045541024445,0.04042587273358,0.0008371550182177945
4096,12,-0.54,0.5827482523739896,0.002121592403661166,0.0002440365068298034,-0.001877555896831362,0.7482949549720432,0.7878836726874054,0.03958871771536221,0.03900396967034114,-0.0005847480450210663,0.04040068224701898,0.0008119645316567725
4096,12,-0.48,0.6187833918061408,0.002121592403661166,0.0003160284896808196,-0.001805563913980346,0.7482949549720432,0.7878836726874054,0.03958871771536221,0.03902802737439193,-0.0005606903409702824,0.04036800461904222,0.0007792869036800099
4096,12,-0.42,0.6570468198150567,0.002121592403661166,0.0004073894295956171,-0.001714202974065548,0.7482949549720432,0.7878836726874054,0.03958871771536221,0.03905785741794399,-0.000530860297418223,0.04032583037048509,0.0007371126551228846
4096,12,-0.36,0.697676326071031,0.002121592403661166,0.0005227680529534817,-0.001598824350707684,0.7482949549720432,0.7878836726874054,0.03958871771536221,0.03909464452494726,-0.0004940731904149454,0.04027167680426502,0.0006829590889028125
4096,12,-0.3,0.7408182206817179,0.002121592403661166,0.0006677715546636875,-0.001453820848997478,0.7482949549720432,0.7878836726874054,0.03958871771536221,0.03913976517118001,-0.0004489525441822018,0.04020249534711595,0.0006137776317537424
4096,12,-0.24,0.7866278610665535,0.002121592403661166,0.0008491225506066513,-0.001272469853054514,0.7482949549720432,0.7878836726874054,0.03958871771536221,0.03919480654267515,-0.0003939111726870559,0.04011456569093741,0.0005258479755751999
4096,12,-0.18,0.835270211411272,0.002121592403661166,0.001074831974458679,-0.001046760429202487,0.7482949549720432,0.7878836726874054,0.03958871771536221,0.03926158468525376,-0.0003271330301084507,0.04000337608279547,0.0004146583674332627
4096,12,-0.12,0.8869204367171575,0.002121592403661166,0.001354387260027679,-0.000767205143633487,0.7482949549720432,0.7878836726874054,0.03958871771536221,0.03934216114042743,-0.0002465565749347753,0.03986348940883078,0.0002747716934685673
4096,12,-0.05999999999999994,0.9417645335842487,0.002121592403661166,0.001698954488368098,-0.000422637915293067,0.7482949549720432,0.7878836726874054,0.03958871771536221,0.03943885727839558,-0.0001498604369666312,0.03968839510807254,0.00009967739271032894
4096,12,0,1,0.002121592403661166,0.002121592403661166,0,0.7482949549720432,0.7878836726874054,0.03958871771536221,0.03955426547460228,-0.00003445224075993014,0.03947034744543898,-0.0001183702699232292
4096,12,0.05999999999999994,1.06183654654536,0.002121592403661166,0.00263747531939007,0.0005158829157289047,0.7482949549720432,0.7878836726874054,0.03958871771536221,0.03969125624014913,0.0001025385247869215,0.03920019127302277,-0.000388526442339443
4096,12,0.12,1.127496851579376,0.002121592403661166,0.003264120958375694,0.001142528554714528,0.7482949549720432,0.7878836726874054,0.03958871771536221,0.03985298041540708,0.0002642627000448705,0.0388671771153134,-0.0007215406000488089
4096,12,0.18,1.19721736312181,0.002121592403661166,0.00402161821751057,0.001900025813849404,0.7482949549720432,0.7878836726874054,0.03958871771536221,0.0400428655781071,0.0004541478627448914,0.03845876822226268,-0.001129949493099525
4096,12,0.24,1.271249150321405,0.002121592403661166,0.004932848748187335,0.00281125634452617,0.7482949549720432,0.7878836726874054,0.03958871771536221,0.04026460590594094,0.0006758881905787328,0.03796044313143343,-0.001628274583928779
4096,12,0.2999999999999999,1.349858807576003,0.002121592403661166,0.006023695133490992,0.003902102729829826,0.7482949549720432,0.7878836726874054,0.03958871771536221,0.04052214487344097,0.000933427158078759,0.03735549824885454,-0.002233219466507674
4096,12,0.36,1.43332941456034,0.002121592403661166,0.007323227368012497,0.005201634964351332,0.7482949549720432,0.7878836726874054,0.03958871771536221,0.04081965035182178,0.00123093263645957,0.03662485596913601,-0.002963861746226204
4096,12,0.42,1.521961555618634,0.002121592403661166,0.008863858359039578,0.006742265955378413,0.7482949549720432,0.7878836726874054,0.03958871771536221,0.04116148191647839,0.001572764201116184,0.03574688487474431,-0.003841832840617898
4096,12,0.4800000000000001,1.616074402192893,0.002121592403661166,0.01068145832806444,0.008559865924403276,0.7482949549720432,0.7878836726874054,0.03958871771536221,0.04155215044071026,0.001963432725348047,0.03469723953709003,-0.004891478178272179
4096,12,0.5399999999999999,1.716006862184858,0.002121592403661166,0.01281541736409819,0.01069382496043703,0.7482949549720432,0.7878836726874054,0.03958871771536221,0.04199627035609976,0.002407552640737554,0.03344872833794887,-0.006139989377413335
4096,12,0.6,1.822118800390509,0.002121592403661166,0.01530864503131735,0.01318705262765618,0.7482949549720432,0.7878836726874054,0.03958871771536221,0.0424985052739848,0.00290978755862259,0.0319712184805846,-0.007617499234777614
4598,12.16679075071818,-0.6,0.5488116360940264,0.001377244130036703,0.0001115314890655084,-0.001265712640971195,0.7482949549720432,0.7878836726874054,0.03958871771536221,0.03917592858706243,-0.0004127891282997842,0.04011926262539611,0.0005305449100339032
4598,12.16679075071818,-0.54,0.5827482523739896,0.001377244130036703,0.0001463885274196608,-0.001230855602617043,0.7482949549720432,0.7878836726874054,0.03958871771536221,0.03918835600033477,-0.0004003617150274419,0.04010422342626185,0.0005155057108996441
4598,12.16679075071818,-0.48,0.6187833918061408,0.001377244130036703,0.0001912576061622318,-0.001185986523874472,0.7482949549720432,0.7878836726874054,0.03958871771536221,0.03920401108353733,-0.0003847066318248826,0.04008452141001773,0.0004958036946555167
4598,12.16679075071818,-0.42,0.6570468198150567,0.001377244130036703,0.000248734365620118,-0.001128509764416585,0.7482949549720432,0.7878836726874054,0.03958871771536221,0.0392236259670512,-0.0003650917483110083,0.04005884232388413,0.0004701246085219157
4598,12.16679075071818,-0.36,0.697676326071031,0.001377244130036703,0.0003220043031166853,-0.001055239826920018,0.7482949549720432,0.7878836726874054,0.03958871771536221,0.03924806966627992,-0.0003406480490822927,0.04002554331314279,0.0004368255977805768
4598,12.16679075071818,-0.3,0.7408182206817179,0.001377244130036703,0.0004149539541524749,-0.0009622901758842284,0.7482949549720432,0.7878836726874054,0.03958871771536221,0.03927836629362735,-0.0003103514217348557,0.03998258314622671,0.000393865430864504
4598,12.16679075071818,-0.24,0.7866278610665535,0.001377244130036703,0.0005322971938979126,-0.0008449469361387907,0.7482949549720432,0.7878836726874054,0.03958871771536221,0.03931571395083167,-0.0002730037645305439,0.03992744102470114,0.0003387233093389286
4598,12.16679075071818,-0.18,0.835270211411272,0.001377244130036703,0.0006797173025445691,-0.0006975268274921342,0.7482949549720432,0.7878836726874054,0.03958871771536221,0.03936150389202686,-0.0002272138233353482,0.03985702298644034,0.0002683052710781286
4598,12.16679075071818,-0.12,0.8869204367171575,0.001377244130036703,0.000864025093940568,-0.0005132190360961353,0.7482949549720432,0.7878836726874054,0.03958871771536221,0.03941733944478742,-0.0001713782705747846,0.03976755505261231,0.000178837337250104
4598,12.16679075071818,-0.05999999999999994,0.9417645335842487,0.001377244130036703,0.001093332960369064,-0.0002839111696676389,0.7482949549720432,0.7878836726874054,0.03958871771536221,0.03948505407397485,-0.0001036636413873637,0.03965446248629156,0.0000657447709293546
4598,12.16679075071818,0,1,0.001377244130036703,0.001377244130036703,0,0.7482949549720432,0.7878836726874054,0.03958871771536221,0.03956672787679272,-0.00002198983856949166,0.03951223483307964,-0.00007648288228256916
4598,12.16679075071818,0.05999999999999994,1.06183654654536,0.001377244130036703,0.001727055763631968,0.000349811633595265,0.7482949549720432,0.7878836726874054,0.03958871771536221,0.03966470171447012,0.00007598399910790921,0.03933427681244983,-0.0002544409029123784
4598,12.16679075071818,0.12,1.127496851579376,0.001377244130036703,0.002155973732917094,0.0007787296028803903,0.7482949549720432,0.7878836726874054,0.03958871771536221,0.03978158812318777,0.0001928704078255628,0.03911274562916656,-0.0004759720861956529
4598,12.16679075071818,0.18,1.19721736312181,0.001377244130036703,0.002679336034408508,0.001302091904371805,0.7482949549720432,0.7878836726874054,0.03958871771536221,0.03992027811328791,0.0003315603979257009,0.03883837588205619,-0.000750341833306023
4598,12.16679075071818,0.24,1.271249150321405,0.001377244130036703,0.003314840806823871,0.001937596676787168,0.7482949549720432,0.7878836726874054,0.03958871771536221,0.04008394296760498,0.0004952252522427703,0.0385002939616107,-0.001088423753751511
4598,12.16679075071818,0.2999999999999999,1.349858807576003,0.001377244130036703,0.004082773864025779,0.002705529733989076,0.7482949549720432,0.7878836726874054,0.03958871771536221,0.04027603019506654,0.0006873124797043273,0.03808582464303534,-0.001502893072326872
4598,12.16679075071818,0.36,1.43332941456034,0.001377244130036703,0.005006229553006447,0.003628985422969744,0.7482949549720432,0.7878836726874054,0.03958871771536221,0.04050025288811576,0.0009115351727535526,0.03758029348481884,-0.002008424230543371
4598,12.16679075071818,0.42,1.521961555618634,0.001377244130036703,0.006111317637557234,0.004734073507520531,0.7482949549720432,0.7878836726874054,0.03958871771536221,0.04076057187578763,0.001171854160425423,0.03696682961522035,-0.002621888100141856
4598,12.16679075071818,0.4800000000000001,1.616074402192893,0.001377244130036703,0.007427347837619114,0.00605010370758241,0.7482949549720432,0.7878836726874054,0.03958871771536221,0.04106117025701272,0.001472452541650515,0.03622617450212984,-0.003362543213232372
4598,12.16679075071818,0.5399999999999999,1.716006862184858,0.001377244130036703,0.008986982675860289,0.007609738545823586,0.7482949549720432,0.7878836726874054,0.03958871771536221,0.04140642013759477,0.001817702422232559,0.03533650331981542,-0.004252214395546794
4598,12.16679075071818,0.6,1.822118800390509,0.001377244130036703,0.0108263484565374,0.009449104326500701,0.7482949549720432,0.7878836726874054,0.03958871771536221,0.04180084167077447,0.00221212395541226,0.034273266504391,-0.005315451210971212
5161,12.33343491528405,-0.6,0.5488116360940264,0.0008795212098082761,0.00006522021453325699,-0.0008143009952750191,0.7482949549720432,0.7878836726874054,0.03958871771536221,0.03931193174958025,-0.000276785965781956,0.03991895176726634,0.0003302340519041325
5161,12.33343491528405,-0.54,0.5827482523739896,0.0008795212098082761,0.0000863667758552733,-0.0007931544339530028,0.7482949549720432,0.7878836726874054,0.03958871771536221,0.03931977967386779,-0.0002689380414944154,0.03991013743186145,0.0003214197164992383
5161,12.33343491528405,-0.48,0.6187833918061408,0.0008795212098082761,0.0001138432740271922,-0.0007656779357810839,0.7482949549720432,0.7878836726874054,0.03958871771536221,0.03932976882201566,-0.0002589488933465445,0.03989847622631071,0.000309758510948499
5161,12.33343491528405,-0.42,0.6570468198150567,0.0008795212098082761,0.000149371336080617,-0.000730149873727659,0.7482949549720432,0.7878836726874054,0.03958871771536221,0.03934241523816973,-0.0002463024771924838,0.039883127213165,0.0002944094978027945
5161,12.33343491528405,-0.36,0.697676326071031,0.0008795212098082761,0.0001950875373851746,-0.0006844336724231015,0.7482949549720432,0.7878836726874054,0.03958871771536221,0.0393583397749,-0.0002303779404622119,0.03986302700878286,0.0002743092934206492
5161,12.33343491528405,-0.3,0.7408182206817179,0.0008795212098082761,0.0002536281422711451,-0.000625893067537131,0.7482949549720432,0.7878836726874054,0.03958871771536221,0.03937828419851941,-0.0002104335168428006,0.03983683894368795,0.0002481212283257372
5161,12.33343491528405,-0.24,0.7866278610665535,0.0008795212098082761,0.0003282270892510653,-0.0005512941205572108,0.7482949549720432,0.7878836726874054,0.03958871771536221,0.03940312849251182,-0.0001855892228503908,0.03980289289545291,0.0002141751800907032
5161,12.33343491528405,-0.18,0.835270211411272,0.0008795212098082761,0.0004228282755808221,-0.0004566929342274539,0.7482949549720432,0.7878836726874054,0.03958871771536221,0.03943390913238531,-0.0001548085829768953,0.03975911469579618,0.0001703969804339733
5161,12.33343491528405,-0.12,0.8869204367171575,0.0008795212098082761,0.0005422130201218067,-0.0003373081896864694,0.7482949549720432,0.7878836726874054,0.03958871771536221,0.03947183801372223,-0.0001168797016399825,0.0397029440448653,0.0001142263295030865
5161,12.33343491528405,-0.05999999999999994,0.9417645335842487,0.0008795212098082761,0.0006921433255840936,-0.0001873778842241824,0.7482949549720432,0.7878836726874054,0.03958871771536221,0.03951832161618474,-0.00007039609917747214,0.03963123994938333,0.00004252223402112509
5161,12.33343491528405,0,1,0.0008795212098082761,0.0008795212098082761,0,0.7482949549720432,0.7878836726874054,0.03958871771536221,0.03957497988291636,-0.00001373783244584814,0.03954017284873168,-0.00004854486663052882
5161,12.33343491528405,0.05999999999999994,1.06183654654536,0.0008795212098082761,0.001112563921233156,0.0002330427114248801,0.7482949549720432,0.7878836726874054,0.03958871771536221,0.03964366419273935,0.00005494647737713798,0.03942510281639278,-0.000163614898969433
5161,12.33343491528405,0.12,1.127496851579376,0.0008795212098082761,0.001400994288884183,0.000521473079075907,0.7482949549720432,0.7878836726874054,0.03958871771536221,0.03972647370677407,0.0001377559914118587,0.03928044353353843,-0.0003082741818237755
5161,12.33343491528405,0.18,1.19721736312181,0.0008795212098082761,0.001756244778414073,0.0008767235686057973,0.7482949549720432,0.7878836726874054,0.03958871771536221,0.03982576928926751,0.0002370515739053003,0.03909951213725193,-0.0004892055781102744
5161,12.33343491528405,0.24,1.271249150321405,0.0008795212098082761,0.002191673034269481,0.001312151824461205,0.7482949549720432,0.7878836726874054,0.03958871771536221,0.03994418414188061,0.0003554664265184027,0.03887436555464063,-0.0007143521607215764
5161,12.33343491528405,0.2999999999999999,1.349858807576003,0.0008795212098082761,0.002722785790257309,0.001843264580449033,0.7482949549720432,0.7878836726874054,0.03958871771536221,0.0400846302590252,0.0004959125436629908,0.03859562454978605,-0.0009930931655761643
5161,12.33343491528405,0.36,1.43332941456034,0.0008795212098082761,0.003367467040417016,0.00248794583060874,0.7482949549720432,0.7878836726874054,0.03958871771536221,0.04025029981712103,0.0006615821017588175,0.03825228743275955,-0.001336430282602663
5161,12.33343491528405,0.42,1.521961555618634,0.0008795212098082761,0.004146205300473604,0.003266684090665328,0.7482949549720432,0.7878836726874054,0.03958871771536221,0.04044466065895502,0.0008559429435928134,0.03783153620196222,-0.001757181513399986
5161,12.33343491528405,0.4800000000000001,1.616074402192893,0.0008795212098082761,0.005082313686205153,0.004202792476396877,0.7482949549720432,0.7878836726874054,0.03958871771536221,0.04067144513086396,0.00108272741550175,0.03731853880071756,-0.002270178914644649
5161,12.33343491528405,0.5399999999999999,1.716006862184858,0.0008795212098082761,0.006202135427248678,0.005322614217440402,0.7482949549720432,0.7878836726874054,0.03958871771536221,0.04093463167709399,0.001345913961731782,0.03669625214513417,-0.002892465570228042
5161,12.33343491528405,0.6,1.822118800390509,0.0008795212098082761,0.007535226369221326,0.00665570515941305,0.7482949549720432,0.7878836726874054,0.03958871771536221,0.04123841879246437,0.001649701077102161,0.03594523159540752,-0.003643486119954686
5793,12.50009494967181,-0.6,0.5488116360940264,0.0005522745397427142,0.00003748922267898802,-0.0005147853170637262,0.7482949549720432,0.7878836726874054,0.03958871771536221,0.03940667758717031,-0.000182040128191896,0.0397905132055566,0.0002017954901943897
5793,12.50009494967181,-0.54,0.5827482523739896,0.0005522745397427142,0.00005008838746056732,-0.0005021861522821469,0.7482949549720432,0.7878836726874054,0.03958871771536221,0.0394115357799022,-0.0001771819354600135,0.03978544428349806,0.0001967265681358521
5793,12.50009494967181,-0.48,0.6187833918061408,0.0005522745397427142,0.00006661289835951933,-0.0004856616413831949,0.7482949549720432,0.7878836726874054,0.03958871771536221,0.03941778360849402,-0.0001709341068681924,0.0397786719672325,0.0001899542518702946
5793,12.50009494967181,-0.42,0.6570468198150567,0.0005522745397427142,0.00008818060865789512,-0.0004640939310848191,0.7482949549720432,0.7878836726874054,0.03958871771536221,0.03942577566528793,-0.0001629420500742773,0.03976966989874664,0.0001809521833844308
5793,12.50009494967181,-0.36,0.697676326071031,0.0005522745397427142,0.000116194149622495,-0.0004360803901202193,0.7482949549720432,0.7878836726874054,0.03958871771536221,0.03943594419270902,-0.0001527735226531934,0.03975776486401528,0.0001690471486530676
5793,12.50009494967181,-0.3,0.7408182206817179,0.0005522745397427142,0.0001524034791513529,-0.0003998710605913613,0.7482949549720432,0.7878836726874054,0.03958871771536221,0.03944881253350396,-0.0001399051818582464,0.03974210088328944,0.0001533831679272346
5793,12.50009494967181,-0.24,0.7866278610665535,0.0005522745397427142,0.0001989793986408861,-0.0003532951411018281,0.7482949549720432,0.7878836726874054,0.03958871771536221,0.03946500999635061,-0.0001237077190116009,0.03972159603247716,0.0001328783171149484
5793,12.50009494967181,-0.18,0.835270211411272,0.0005522745397427142,0.0002585992433797868,-0.0002936752963629274,0.7482949549720432,0.7878836726874054,0.03958871771536221,0.03948528805658236,-0.0001034296587798522,0.03969489094497092,0.0001061732296087081
5793,12.50009494967181,-0.12,0.8869204367171575,0.0005522745397427142,0.0003345459007864093,-0.0002177286389563049,0.7482949549720432,0.7878836726874054,0.03958871771536221,0.03951053774104274,-0.00007817997431946999,0.03966028790385268,0.00007157018849046626
5793,12.50009494967181,-0.05999999999999994,0.9417645335842487,0.0005522745397427142,0.0004308212005997847,-0.0001214533391429296,0.7482949549720432,0.7878836726874054,0.03958871771536221,0.0395418079639186,-0.00004690975144361342,0.03961567942704536,0.00002696171168314887
5793,12.50009494967181,0,1,0.0005522745397427142,0.0005522745397427142,0,0.7482949549720432,0.7878836726874054,0.03958871771536221,0.03958032448808535,-0.000008393227276859427,0.03955846528259577,-0.00003025243276644218
5793,12.50009494967181,0.05999999999999994,1.06183654654536,0.0005522745397427142,0.0007047473401039506,0.0001524728003612363,0.7482949549720432,0.7878836726874054,0.03958871771536221,0.03962750908708712,0.00003879137172491109,0.03948545695937067,-0.0001032607559915411
5793,12.50009494967181,0.12,1.127496851579376,0.0005522745397427142,0.0008952335785411547,0.0003429590387984405,0.7482949549720432,0.7878836726874054,0.03958871771536221,0.03968499837961881,0.00009628066425659831,0.03939276877137832,-0.0001959489439838924
5793,12.50009494967181,0.18,1.19721736312181,0.0005522745397427142,0.001132056166041173,0.000579781626298459,0.7482949549720432,0.7878836726874054,0.03958871771536221,0.03975466170621567,0.0001659439908534566,0.03927569500282546,-0.000313022712536748
5793,12.50009494967181,0.24,1.271249150321405,0.0005522745397427142,0.001425058379556643,0.0008727838398139287,0.7482949549720432,0.7878836726874054,0.03958871771536221,0.03983861732328664,0.0002498996079244309,0.03912857281781545,-0.0004601448975467548
5793,12.50009494967181,0.2999999999999999,1.349858807576003,0.0005522745397427142,0.001785808862934002,0.001233534323191288,0.7482949549720432,0.7878836726874054,0.03958871771536221,0.03993924610892352,0.0003505283935613113,0.03894463107142754,-0.0006440866439346715
5793,12.50009494967181,0.36,1.43332941456034,0.0005522745397427142,0.002227817913347141,0.001675543373604427,0.7482949549720432,0.7878836726874054,0.03958871771536221,0.04005920191607937,0.0004704842007171584,0.03871582567562559,-0.0008728920397366169
5793,12.50009494967181,0.42,1.521961555618634,0.0005522745397427142,0.002766761864667622,0.002214487324924908,0.7482949549720432,0.7878836726874054,0.03958871771536221,0.04020141767999696,0.0006126999646347553,0.03843266279740176,-0.001156054917960447
5793,12.50009494967181,0.4800000000000001,1.616074402192893,0.0005522745397427142,0.003420711382536634,0.00286843684279392,0.7482949549720432,0.7878836726874054,0.03958871771536221,0.04036910639463587,0.0007803886792736581,0.03808401189627475,-0.00150470581908746
5793,12.50009494967181,0.5399999999999999,1.716006862184858,0.0005522745397427142,0.004210358419979632,0.003658083880236918,0.7482949549720432,0.7878836726874054,0.03958871771536221,0.04056575612481905,0.0009770384094568429,0.03765691143758509,-0.001931806277777115
5793,12.50009494967181,0.6,1.822118800390509,0.0005522745397427142,0.005159235476850599,0.004606960937107885,0.7482949549720432,0.7878836726874054,0.03958871771536221,0.04079511832105287,0.001206400605690661,0.03713637103337952,-0.002452346681982687
6502,12.66666784069036,-0.6,0.5488116360940264,0.0003410651567979928,0.00002118867814593361,-0.0003198764786520591,0.7482949549720432,0.7878836726874054,0.03958871771536221,0.03947124667165236,-0.0001174710437098492,0.0397098127512554,0.0001210950358931928
6502,12.66666784069036,-0.54,0.5827482523739896,0.0003410651567979928,0.00002856331658818156,-0.0003125018402098112,0.7482949549720432,0.7878836726874054,0.03958871771536221,0.03947419591461709,-0.0001145218007451154,0.0397069514860916,0.0001182337707293923
6502,12.66666784069036,-0.48,0.6187833918061408,0.0003410651567979928,0.00003832648055890342,-0.0003027386762390893,0.7482949549720432,0.7878836726874054,0.03958871771536221,0.03947802790853727,-0.0001106898068249373,0.03970309097860414,0.0001143732632419292
6502,12.66666784069036,-0.42,0.6570468198150567,0.0003410651567979928,0.00005118908939372169,-0.0002898760674042711,0.7482949549720432,0.7878836726874054,0.03958871771536221,0.03948298039969178,-0.0001057373156704289,0.03969790877325174,0.000109191057889535
6502,12.66666784069036,-0.36,0.697676326071031,0.0003410651567979928,0.00006805291645550771,-0.0002730122403424851,0.7482949549720432,0.7878836726874054,0.03958871771536221,0.03948934692271755,-0.00009937079264465964,0.03969098777868896,0.0001022700633267482
6502,12.66666784069036,-0.3,0.7408182206817179,0.0003410651567979928,0.00009005540404216639,-0.0002510097527558264,0.7482949549720432,0.7878836726874054,0.03958871771536221,0.03949748750795568,-0.00009123020740653409,0.03968179163293906,0.00009307391757684691
6502,12.66666784069036,-0.24,0.7866278610665535,0.0003410651567979928,0.0001186231494132439,-0.0002224420073847488,0.7482949549720432,0.7878836726874054,0.03958871771536221,0.03950784080338476,-0.00008087691197744551,0.03966963463218598,0.00008091691682377
6502,12.66666784069036,-0.18,0.835270211411272,0.0003410651567979928,0.0001555352409630117,-0.000185529915834981,0.7482949549720432,0.7878836726874054,0.03958871771536221,0.03952093763337161,-0.00006778008199059826,0.03965364530644067,0.00006492759107845636
6502,12.66666784069036,-0.12,0.8869204367171575,0.0003410651567979928,0.0002029976544882794,-0.0001380675023097133,0.7482949549720432,0.7878836726874054,0.03958871771536221,0.03953741596894356,-0.00005130174641865271,0.03963272264874584,0.00004400493338363454
6502,12.66666784069036,-0.05999999999999994,0.9417645335842487,0.0003410651567979928,0.0002637299127898896,-0.00007733524400810321,0.7482949549720432,0.7878836726874054,0.03958871771536221,0.03955803722434503,-0.00003068049101717651,0.03960548394334462,0.00001676622798241212
6502,12.66666784069036,0,1,0.0003410651567979928,0.0003410651567979928,0,0.7482949549720432,0.7878836726874054,0.03958871771536221,0.03958370372316022,-0.000005013992201985396,0.03957020310104331,-0.00001851461431889856
6502,12.66666784069036,0.05999999999999994,1.06183654654536,0.0003410651567979928,0.000439064661228894,0.00009799950443090122,0.7482949549720432,0.7878836726874054,0.03958871771536221,0.03961547709400337,0.00002675937864116129,0.039524738405184,-0.00006397931017820824
6502,12.66666784069036,0.12,1.127496851579376,0.0003410651567979928,0.00056264764063374,0.0002215824838357472,0.7482949549720432,0.7878836726874054,0.03958871771536221,0.03965459726326515,0.00006587954790293615,0.03946644861024562,-0.0001222691051165903
6502,12.66666784069036,0.18,1.19721736312181,0.0003410651567979928,0.0007177369201492034,0.0003766717633512107,0.7482949549720432,0.7878836726874054,0.03958871771536221,0.03970250161203448,0.0001137838966722704,0.03939209642741459,-0.0001966212879476181
6502,12.66666784069036,0.24,1.271249150321405,0.0003410651567979928,0.000911420679246655,0.0005703555224486623,0.7482949549720432,0.7878836726874054,0.03958871771536221,0.03976084376138933,0.0001721260460271212,0.039297738589814,-0.0002909791255482075
6502,12.66666784069036,0.2999999999999999,1.349858807576003,0.0003410651567979928,0.001152130005747098,0.0008110648489491057,0.7482949549720432,0.7878836726874054,0.03958871771536221,0.03983151134825136,0.0002427936328891489,0.03917860192544664,-0.0004101157899155661
6502,12.66666784069036,0.36,1.43332941456034,0.0003410651567979928,0.001449831415760383,0.00110876625896239,0.7482949549720432,0.7878836726874054,0.03958871771536221,0.03991664206016854,0.0003279243448063296,0.03902894518932998,-0.0005597725260322317
6502,12.66666784069036,0.42,1.521961555618634,0.0003410651567979928,0.001816232799225159,0.001475167642427166,0.7482949549720432,0.7878836726874054,0.03958871771536221,0.04001863711819653,0.0004299194028343223,0.03884190682709621,-0.0007468108882660029
6502,12.66666784069036,0.4800000000000001,1.616074402192893,0.0003410651567979928,0.002265000442601584,0.001923935285803591,0.7482949549720432,0.7878836726874054,0.03958871771536221,0.04014017134018588,0.0005514536248236723,0.03860933936692457,-0.0009793783484376428
6502,12.66666784069036,0.5399999999999999,1.716006862184858,0.0003410651567979928,0.002811983867625378,0.002470918710827386,0.7482949549720432,0.7878836726874054,0.03958871771536221,0.04028419889048918,0.0006954811751269663,0.03832163176875447,-0.001267085946607738
6502,12.66666784069036,0.6,1.822118800390509,0.0003410651567979928,0.003475444222405644,0.003134379065607651,0.7482949549720432,0.7878836726874054,0.03958871771536221,0.04045395383323325,0.0008652361178710377,0.03796752179730789,-0.001621195918054319
7298,12.83328543558448,-0.6,0.5488116360940264,0.0002070634129656135,0.00001176963260263175,-0.0001952937803629817,0.7482949549720432,0.7878836726874054,0.03958871771536221,0.03951436320214252,-0.00007435451321968767,0.03966005101508407,0.0000713332997218652
7298,12.83328543558448,-0.54,0.5827482523739896,0.0002070634129656135,0.00001600855811401125,-0.0001910548548516022,0.7482949549720432,0.7878836726874054,0.03958871771536221,0.03951611841075753,-0.00007259930460468134,0.03965846639345805,0.00006974867809583785
7298,12.83328543558448,-0.48,0.6187833918061408,0.0002070634129656135,0.00002167316275192288,-0.0001853902502136906,0.7482949549720432,0.7878836726874054,0.03958871771536221,0.03951842243033032,-0.00007029528503188498,0.03965630727432412,0.00006758955896191132
7298,12.83328543558448,-0.42,0.6570468198150567,0.0002070634129656135,0.00002920623462787653,-0.000177857178337737,0.7482949549720432,0.7878836726874054,0.03958871771536221,0.03952143084332904,-0.00006728687203316763,0.03965338034554944,0.00006466263018722884
7298,12.83328543558448,-0.36,0.697676326071031,0.0002070634129656135,0.00003917550273901949,-0.000167887910226594,0.7482949549720432,0.7878836726874054,0.03958871771536221,0.03952533815332171,-0.00006337956204049977,0.03964943275683352,0.00006071504147131535
7298,12.83328543558448,-0.3,0.7408182206817179,0.0002070634129656135,0.00005230484795026857,-0.0001547585650153449,0.7482949549720432,0.7878836726874054,0.03958871771536221,0.03953038595807612,-0.00005833175728608975,0.03964413568878133,0.00005541797341912513
7298,12.83328543558448,-0.24,0.7866278610665535,0.0002070634129656135,0.00006951209740324593,-0.0001375513155623675,0.7482949549720432,0.7878836726874054,0.03958871771536221,0.03953687240044534,-0.00005184531491686517,0.03963706400458911,0.0000483462892268971
7298,12.83328543558448,-0.18,0.835270211411272,0.0002070634129656135,0.00009195445132315072,-0.0001151089616424628,0.7482949549720432,0.7878836726874054,0.03958871771536221,0.03954516298036526,-0.00004355473499695339,0.03962767123659272,0.00003895352123051143
7298,12.83328543558448,-0.12,0.8869204367171575,0.0002070634129656135,0.0001210826678245125,-0.00008598074514110099,0.7482949549720432,0.7878836726874054,0.03958871771536221,0.0395557027845056,-0.00003301493085661189,0.03961525907042718,0.00002654135506496846
7298,12.83328543558448,-0.05999999999999994,0.9417645335842487,0.0002070634129656135,0.000158705188105901,-0.00004835822485971253,0.7482949549720432,0.7878836726874054,0.03958871771536221,0.03956903015270163,-0.00001968756266057525,0.03959894040399659,0.00001022268863437592
7298,12.83328543558448,0,1,0.0002070634129656135,0.0002070634129656135,0,0.7482949549720432,0.7878836726874054,0.03958871771536221,0.03958579175163934,-0.000002925963722866243,0.03957759498249425,-0.00001112273286796306
7298,12.83328543558448,0.05999999999999994,1.06183654654536,0.0002070634129656135,0.0002689193315170701,0.00006185591855145667,0.7482949549720432,0.7878836726874054,0.03958871771536221,0.03960675896578025,0.00001804125041804383,0.03954981655138967,-0.00003890116397253784
7298,12.83328543558448,0.12,1.127496851579376,0.0002070634129656135,0.0003476566439174489,0.0001405932309518354,0.7482949549720432,0.7878836726874054,0.03958871771536221,0.03963284544274814,0.00004412772738593418,0.03951385043377775,-0.00007486728158445644
7298,12.83328543558448,0.18,1.19721736312181,0.0002070634129656135,0.0004473963996692865,0.000240332986703673,0.7482949549720432,0.7878836726874054,0.03958871771536221,0.0396651255467072,0.0000764078313449934,0.03946752043697566,-0.0001211972783865534
7298,12.83328543558448,0.24,1.271249150321405,0.0002070634129656135,0.0005731279800152977,0.0003660645670496843,0.7482949549720432,0.7878836726874054,0.03958871771536221,0.03970485337971352,0.0001161356643513134,0.0394081440351266,-0.0001805736802356073
7298,12.83328543558448,0.2999999999999999,1.349858807576003,0.0002070634129656135,0.0007308559747140064,0.0005237925617483929,0.7482949549720432,0.7878836726874054,0.03958871771536221,0.03975348193066897,0.0001647642153067563,0.03933243487176674,-0.0002562828435954678
7298,12.83328543558448,0.36,1.43332941456034,0.0002070634129656135,0.0009277631297288647,0.0007206997167632512,0.7482949549720432,0.7878836726874054,0.03958871771536221,0.03981268180811148,0.0002239640927492736,0.0392363917898122,-0.0003523259255500122
7298,12.83328543558448,0.42,1.521961555618634,0.0002070634129656135,0.00117238906340722,0.0009653256504416063,0.7482949549720432,0.7878836726874054,0.03958871771536221,0.03988435891176267,0.0002956411964004646,0.03911517383819663,-0.0004735438771655831
7298,12.83328543558448,0.4800000000000001,1.616074402192893,0.0002070634129656135,0.00147482385838138,0.001267760445415766,0.7482949549720432,0.7878836726874054,0.03958871771536221,0.03997067030453283,0.0003819525891706199,0.03896296103474783,-0.0006257566806143755
7298,12.83328543558448,0.5399999999999999,1.716006862184858,0.0002070634129656135,0.001846914932028931,0.001639851519063318,0.7482949549720432,0.7878836726874054,0.03958871771536221,0.04007403746906779,0.000485319753705582,0.03877280109334558,-0.0008159166220166325
7298,12.83328543558448,0.6,1.822118800390509,0.0002070634129656135,0.002302484771954827,0.002095421358989213,0.7482949549720432,0.7878836726874054,0.03958871771536221,0.04019715607805863,0.0006084383626964174,0.0385364428560323,-0.001052274859329905
8192,13,-0.6,0.5488116360940264,0.0001235522400404587,0.000006423575997116515,-0.0001171286640433422,0.7482949549720432,0.7878836726874054,0.03958871771536221,0.03954255985232891,-0.0000461578630333026,0.03962995838316496,0.00004124066780275548
8192,13,-0.54,0.5827482523739896,0.0001235522400404587,0.000008815799289130233,-0.0001147364407513285,0.7482949549720432,0.7878836726874054,0.03958871771536221,0.03954358380799328,-0.00004513390736893275,0.03962909752917121,0.00004037981380899947
8192,13,-0.48,0.6187833918061408,0.0001235522400404587,0.00001204267141030613,-0.0001115095686301526,0.7482949549720432,0.7878836726874054,0.03958871771536221,0.03954494170593648,-0.00004377600942573334,0.03962791299821367,0.00003919528285145635
8192,13,-0.42,0.6570468198150567,0.0001235522400404587,0.00001637429331780016,-0.0001071779467226586,0.7482949549720432,0.7878836726874054,0.03958871771536221,0.03954673295430056,-0.00004198476106165305,0.03962629138015394,0.00003757366479173463
8192,13,-0.36,0.697676326071031,0.0001235522400404587,0.00002216068788907233,-0.0001013915521513864,0.7482949549720432,0.7878836726874054,0.03958871771536221,0.03954908335901919,-0.00003963435634302126,0.03962408268600215,0.00003536497063993949
8192,13,-0.3,0.7408182206817179,0.0001235522400404587,0.00002985295283053357,-0.00009369928720992515,0.7482949549720432,0.7878836726874054,0.03958871771536221,0.03955215113055488,-0.00003656658480732933,0.03962108968344824,0.00003237196808603127
8192,13,-0.24,0.7866278610665535,0.0001235522400404587,0.00004002923354118337,-0.00008352300649927535,0.7482949549720432,0.7878836726874054,0.03958871771536221,0.03955613396395674,-0.00003258375140546832,0.03961705450479758,0.0000283367894353681
8192,13,-0.18,0.835270211411272,0.0001235522400404587,0.00005342638746275163,-0.00007012585257770709,0.7482949549720432,0.7878836726874054,0.03958871771536221,0.03956127730324743,-0.00002744041211477644,0.03961164194964162,0.00002292423427940893
8192,13,-0.12,0.8869204367171575,0.0001235522400404587,0.00007097830659574811,-0.00005257393344471062,0.7482949549720432,0.7878836726874054,0.03958871771536221,0.0395678838904886,-0.00002083382487361174,0.03960441881787069,0.00001570110250848078
8192,13,-0.05999999999999994,0.9417645335842487,0.0001235522400404587,0.00009386195330873814,-0.00002969028673172058,0.7482949549720432,0.7878836726874054,0.03958871771536221,0.03957632468121397,-0.00001239303414823922,0.03959482851864471,0.000006110803282499688
8192,13,0,1,0.0001235522400404587,0.0001235522400404587,0,0.7482949549720432,0.7878836726874054,0.03958871771536221,0.03958705118032246,-0.000001666535039746009,0.03958216011147253,-0.000006557603889678632
8192,13,0.05999999999999994,1.06183654654536,0.0001235522400404587,0.0001618869384664157,0.00003833469842595694,0.7482949549720432,0.7878836726874054,0.03958871771536221,0.03960060921437303,0.00001189149901081876,0.03956551085060567,-0.00002320686475654199
8192,13,0.12,1.127496851579376,0.0001235522400404587,0.0002111428297995044,0.00008759058975904566,0.7482949549720432,0.7878836726874054,0.03958871771536221,0.03961765410671192,0.00002893639134970982,0.03954374122893445,-0.00004497648642776131
8192,13,0.18,1.19721736312181,0.0001235522400404587,0.0002741242945228928,0.000150572054482434,0.7482949549720432,0.7878836726874054,0.03958871771536221,0.03963896716041937,0.00005024944505716,0.03951542145974518,-0.00007329625561702802
8192,13,0.24,1.271249150321405,0.0001235522400404587,0.0003542654766782727,0.000230713236637814,0.7482949549720432,0.7878836726874054,0.03958871771536221,0.03966547328044523,0.00007675556508301984,0.03947876830134422,-0.0001099494140179846
8192,13,0.2999999999999999,1.349858807576003,0.0001235522400404587,0.0004557470327437585,0.0003321947927032998,0.7482949549720432,0.7878836726874054,0.03958871771536221,0.03969825948192918,0.0001095417665669673,0.03943157113089701,-0.0001571465844651954
8192,13,0.36,1.43332941456034,0.0001235522400404587,0.0005836282759157374,0.0004600760358752787,0.7482949549720432,0.7878836726874054,0.03958871771536221,0.03973859393733348,0.0001498762219712679,0.03937110621941808,-0.0002176114959441255
8192,13,0.42,1.521961555618634,0.0001235522400404587,0.0007439952419229234,0.0006204430018824647,0.7482949549720432,0.7878836726874054,0.03958871771536221,0.03978794511447725,0.0001992273991150428,0.0392940382615321,-0.0002946794538301045
8192,13,0.4800000000000001,1.616074402192893,0.0001235522400404587,0.0009441248211513598,0.000820572581110901,0.7482949549720432,0.7878836726874054,0.03958871771536221,0.03984800045412573,0.0002592827387635221,0.03919630838260368,-0.0003924093327585254
8192,13,0.5399999999999999,1.716006862184858,0.0001235522400404587,0.001192664614722116,0.001069112374681658,0.7482949549720432,0.7878836726874054,0.03958871771536221,0.03992068393460524,0.0003319662192430295,0.03907300809365577,-0.0005157096217064394
8192,13,0.6,1.822118800390509,0.0001235522400404587,0.001499827573654078,0.001376275333613619,0.7482949549720432,0.7878836726874054,0.03958871771536221,0.04000817177902383,0.0004194540636616173,0.03891823900207292,-0.0006704787132892909
9195,13.1666338592993,-0.6,0.5488116360940264,0.0000724926251942648,0.000003446743909396588,-0.00006904588128486822,0.7482949549720432,0.7878836726874054,0.03958871771536221,0.03956059945278456,-0.00002811826257764771,0.03961213183440726,0.00002341411904505097
9195,13.1666338592993,-0.54,0.5827482523739896,0.0000724926251942648,0.000004773045775396945,-0.00006771957941886786,0.7482949549720432,0.7878836726874054,0.03958871771536221,0.03956118538564046,-0.00002753232972174668,0.03961167279075284,0.00002295507539062935
9195,13.1666338592993,-0.48,0.6187833918061408,0.0000724926251942648,0.000006578916098121113,-0.00006591370909614369,0.7482949549720432,0.7878836726874054,0.03958871771536221,0.0395619703390544,-0.00002674737630781188,0.03961103491930429,0.00002231720394207937
9195,13.1666338592993,-0.42,0.6570468198150567,0.0000724926251942648,0.000009025834838416458,-0.00006346679035584835,0.7482949549720432,0.7878836726874054,0.03958871771536221,0.03956301638558446,-0.00002570132977774975,0.03961015306178794,0.00002143534642573552
9195,13.1666338592993,-0.36,0.697676326071031,0.0000724926251942648,0.00001232528298178437,-0.00006016734221248043,0.7482949549720432,0.7878836726874054,0.03958871771536221,0.03956440302936071,-0.00002431468600150311,0.03960894009388305,0.00002022237852083997
9195,13.1666338592993,-0.3,0.7408182206817179,0.0000724926251942648,0.00001675271408629886,-0.00005573991110796594,0.7482949549720432,0.7878836726874054,0.03958871771536221,0.03956623147129457,-0.00002248624406764321,0.03960728018056137,0.00001856246519915672
9195,13.1666338592993,-0.24,0.7866278610665535,0.0000724926251942648,0.00002266494013303255,-0.00004982768506123225,0.7482949549720432,0.7878836726874054,0.03958871771536221,0.03956862972576092,-0.00002008798960129177,0.03960502019151468,0.00001630247615247438
9195,13.1666338592993,-0.18,0.835270211411272,0.0000724926251942648,0.00003052161774852458,-0.00004197100744574023,0.7482949549720432,0.7878836726874054,0.03958871771536221,0.0395717587038239,-0.00001695901153830892,0.03960195885036222,0.00001324113500000834
9195,13.1666338592993,-0.12,0.8869204367171575,0.0000724926251942648,0.00004091161632446827,-0.00003158100886979653,0.7482949549720432,0.7878836726874054,0.03958871771536221,0.03957581937830446,-0.00001289833705775401,0.03959783311585885,0.000009115400496639836
9195,13.1666338592993,-0.05999999999999994,0.9417645335842487,0.0000724926251942648,0.00005458514687917138,-0.00001790747831509343,0.7482949549720432,0.7878836726874054,0.03958871771536221,0.03958106114122395,-0.000007656574138259487,0.03959230121113133,0.000003583495769121647
9195,13.1666338592993,0,1,0.0000724926251942648,0.0000724926251942648,0,0.7482949549720432,0.7878836726874054,0.03958871771536221,0.03958779145272162,-9.262626405881491e-7,0.03958492162979355,-0.000003796085568663621
9195,13.1666338592993,0.05999999999999994,1.06183654654536,0.0000724926251942648,0.00009583133064683391,0.00002333870545256911,0.7482949549720432,0.7878836726874054,0.03958871771536221,0.0395963868615189,0.000007669146156685791,0.03957512735783497,-0.00001359035752723781
9195,13.1666338592993,0.12,1.127496851579376,0.0000724926251942648,0.0001261009961620596,0.00005360837096779481,0.7482949549720432,0.7878836726874054,0.03958871771536221,0.03960730544850533,0.00001858773314311613,0.03956219446089171,-0.00002652325447050075
9195,13.1666338592993,0.18,1.19721736312181,0.0000724926251942648,0.0001651695180711066,0.00009267689287684178,0.7482949549720432,0.7878836726874054,0.03958871771536221,0.0396211007060554,0.00003238299069319162,0.03954520410192852,-0.00004351361343368776
9195,13.1666338592993,0.24,1.271249150321405,0.0000724926251942648,0.0002153499978549966,0.0001428573726607318,0.7482949549720432,0.7878836726874054,0.03958871771536221,0.03963843681533841,0.00004971909997619761,0.03952299698066264,-0.00006572073469957029
9195,13.1666338592993,0.2999999999999999,1.349858807576003,0.0000724926251942648,0.0002794903113733094,0.0002069976861790446,0.7482949549720432,0.7878836726874054,0.03958871771536221,0.03966010522149144,0.00007138750612922795,0.03949411912948253,-0.0000945985858796794
9195,13.1666338592993,0.36,1.43332941456034,0.0000724926251942648,0.0003610763335579747,0.0002885837083637099,0.7482949549720432,0.7878836726874054,0.03958871771536221,0.03968704233211084,0.00009832461674863513,0.03945675796974579,-0.0001319597456164168
9195,13.1666338592993,0.42,1.521961555618634,0.0000724926251942648,0.0004643498163537929,0.0003918571911595281,0.7482949549720432,0.7878836726874054,0.03958871771536221,0.03972034807921221,0.0001316303638499994,0.03940866753648964,-0.0001800501788725706
9195,13.1666338592993,0.4800000000000001,1.616074402192893,0.0000724926251942648,0.0005944417125225421,0.0005219490873282773,0.7482949549720432,0.7878836726874054,0.03958871771536221,0.03976130498998731,0.0001725872746251023,0.03934708182906288,-0.0002416358862993295
9195,13.1666338592993,0.5399999999999999,1.716006862184858,0.0000724926251942648,0.0007575214463753088,0.000685028821181044,0.7482949549720432,0.7878836726874054,0.03958871771536221,0.03981139731075078,0.0002226795953885752,0.0392686153514642,-0.0003201023638980116
9195,13.1666338592993,0.6,1.822118800390509,0.0000724926251942648,0.0009609622432843468,0.000888469618090082,0.7482949549720432,0.7878836726874054,0.03958871771536221,0.03987232962487719,0.0002836119095149803,0.03916915008070854,-0.0004195676346536725
10321,13.33329513956908,-0.6,0.5488116360940264,0.00004180851638302396,0.000001817492681799315,-0.00003999102370122465,0.7482949549720432,0.7878836726874054,0.03958871771536221,0.03957191330077781,-0.00001680441458440374,0.03960176716717401,0.0000130494518117974
10321,13.33329513956908,-0.54,0.5827482523739896,0.00004180851638302396,0.000002539622912411943,-0.00003926889347061202,0.7482949549720432,0.7878836726874054,0.03958871771536221,0.03957224208111665,-0.00001647563424556076,0.03960152699143205,0.00001280927606983617
10321,13.33329513956908,-0.48,0.6187833918061408,0.00004180851638302396,0.000003532108958759217,-0.00003827640742426475,0.7482949549720432,0.7878836726874054,0.03958871771536221,0.03957268701671535,-0.0000160306986468628,0.03960118996071904,0.00001247224535683156
10321,13.33329513956908,-0.42,0.6570468198150567,0.00004180851638302396,0.000004889553677944747,-0.00003691896270507922,0.7482949549720432,0.7878836726874054,0.03958871771536221,0.03957328599006404,-0.00001543172529816506,0.03960071942037824,0.00001200170501602926
10321,13.33329513956908,-0.36,0.697676326071031,0.00004180851638302396,0.000006737156969971458,-0.00003507135941305251,0.7482949549720432,0.7878836726874054,0.03958871771536221,0.03957408809798268,-0.00001462961737952462,0.03960006582228381,0.00001134810692160482
10321,13.33329513956908,-0.3,0.7408182206817179,0.00004180851638302396,0.000009239714696240853,-0.00003256880168678311,0.7482949549720432,0.7878836726874054,0.03958871771536221,0.03957515658408739,-0.00001356113127481962,0.03959916256652618,0.00001044485116397098
10321,13.33329513956908,-0.24,0.7866278610665535,0.00004180851638302396,0.00001261296255261612,-0.00002919555383040784,0.7482949549720432,0.7878836726874054,0.03958871771536221,0.03957657241506185,-0.0000121453003003591,0.03959792063886092,0.000009202923498707882
10321,13.33329513956908,-0.18,0.835270211411272,0.00004180851638302396,0.00001713778084666551,-0.00002467073553635846,0.7482949549720432,0.7878836726874054,0.03958871771536221,0.039578438605538,-0.00001027910982420721,0.03959622174188515,0.00000750402652294202
10321,13.33329513956908,-0.12,0.8869204367171575,0.00004180851638302396,0.00002317786162764346,-0.0000186306547553805,0.7482949549720432,0.7878836726874054,0.03958871771536221,0.03958088540292504,-0.000007832312437172639,0.03959390955686926,0.000005191841507046213
10321,13.33329513956908,-0.05999999999999994,0.9417645335842487,0.00004180851638302396,0.00003120153111457746,-0.0000106069852684465,0.7482949549720432,0.7878836726874054,0.03958871771536221,0.03958407644741779,-0.000004641267944416327,0.03959077870465066,0.000002060989288454884
10321,13.33329513956908,0,1,0.00004180851638302396,0.00004180851638302396,0,0.7482949549720432,0.7878836726874054,0.03958871771536221,0.03958821602242613,-5.016929360834865e-7,0.03958656089784796,-0.000002156817514253895
10321,13.33329513956908,0.05999999999999994,1.06183654654536,0.00004180851638302396,0.00005576254213790488,0.00001395402575488092,0.7482949549720432,0.7878836726874054,0.03958871771536221,0.03959355750510851,0.000004839789746302614,0.03958090769400013,-0.000007810021362075759
10321,13.33329513956908,0.12,1.127496851579376,0.00004180851638302396,0.00007403073819034489,0.00003222222180732093,0.7482949549720432,0.7878836726874054,0.03958871771536221,0.03960041311527884,0.0000116953999166336,0.03957336917196919,-0.00001534854339302338
10321,13.33329513956908,0.18,1.19721736312181,0.00004180851638302396,0.00009783092497339663,0.00005602240859037266,0.7482949549720432,0.7878836726874054,0.03958871771536221,0.03960916504070844,0.00002044732534622895,0.03956336776363245,-0.0000253499517297584
10321,13.33329513956908,0.24,1.271249150321405,0.00004180851638302396,0.0001286879174626776,0.00008687940107965364,0.7482949549720432,0.7878836726874054,0.03958871771536221,0.03962027798801482,0.00003156027265260875,0.03955016638397391,-0.00003855133138830347
10321,13.33329513956908,0.2999999999999999,1.349858807576003,0.00004180851638302396,0.0001685000390442282,0.0001266915226612042,0.7482949549720432,0.7878836726874054,0.03958871771536221,0.03963431316837163,0.00004559545300941714,0.03953282991873441,-0.00005588779662779597
10321,13.33329513956908,0.36,1.43332941456034,0.00004180851638302396,0.000219617057711341,0.000177808541328317,0.7482949549720432,0.7878836726874054,0.03958871771536221,0.03965194367597635,0.00006322596061414387,0.03951017905585719,-0.00007853865950502303
10321,13.33329513956908,0.42,1.521961555618634,0.00004180851638302396,0.0002849307369507947,0.0002431222205677708,0.7482949549720432,0.7878836726874054,0.03958871771536221,0.03967397115415894,0.00008525343879672853,0.03948073539242036,-0.0001079823229418464
10321,13.33329513956908,0.4800000000000001,1.616074402192893,0.00004180851638302396,0.0003679791219644013,0.0003261706055813773,0.7482949549720432,0.7878836726874054,0.03958871771536221,0.03970134356838095,0.0001126258530187441,0.03944265671965863,-0.0001460609957035786
10321,13.33329513956908,0.5399999999999999,1.716006862184858,0.00004180851638302396,0.0004730655463575095,0.0004312570299744856,0.7482949549720432,0.7878836726874054,0.03958871771536221,0.03973517381966052,0.0001464561042983092,0.03939366139632394,-0.000195056319038267
10321,13.33329513956908,0.6,1.822118800390509,0.00004180851638302396,0.0006053931333679374,0.0005635846169849135,0.7482949549720432,0.7878836726874054,0.03958871771536221,0.03977675883634468,0.0001880411209824739,0.03933094077360566,-0.000257776941756549
11585,13.49997042375218,-0.6,0.5488116360940264,0.00002370063017453905,9.418321632592708e-7,-0.00002275879801127978,0.7482949549720432,0.7878836726874054,0.03958871771536221,0.0395788642639282,-0.0000098534514340054,0.0395958575157801,0.000007139800417887976
11585,13.49997042375218,-0.54,0.5827482523739896,0.00002370063017453905,0.00000132796762752907,-0.00002237266254700998,0.7482949549720432,0.7878836726874054,0.03958871771536221,0.03957904518984168,-0.000009672525520532105,0.03959573421144724,0.000007016496085032742
11585,13.49997042375218,-0.48,0.6187833918061408,0.00002370063017453905,0.00000186365759957674,-0.00002183697257496231,0.7482949549720432,0.7878836726874054,0.03958871771536221,0.03957929251772552,-0.00000942519763669214,0.03959555947714311,0.000006841761780895794
11585,13.49997042375218,-0.42,0.6570468198150567,0.00002370063017453905,0.000002603222435282326,-0.00002109740773925672,0.7482949549720432,0.7878836726874054,0.03958871771536221,0.03957962885262278,-0.000009088862739425885,0.03959531311944753,0.00000659540408531889
11585,13.49997042375218,-0.36,0.697676326071031,0.00002370063017453905,0.000003619302366586474,-0.00002008132780795258,0.7482949549720432,0.7878836726874054,0.03958871771536221,0.03958008383383638,-0.000008633881525832443,0.03959496754498015,0.000006249829617943625
11585,13.49997042375218,-0.3,0.7408182206817179,0.00002370063017453905,0.000005008513819682037,-0.00001869211635485701,0.7482949549720432,0.7878836726874054,0.03958871771536221,0.03958069609081383,-0.000008021624548382178,0.03959448525953335,0.000005767544171142447
11585,13.49997042375218,-0.24,0.7866278610665535,0.00002370063017453905,0.000006898669882016151,-0.0000168019602925229,0.7482949549720432,0.7878836726874054,0.03958871771536221,0.03958151566573742,-0.000007202049624788209,0.03959381560136699,0.000005097886004779006
11585,13.49997042375218,-0.18,0.835270211411272,0.00002370063017453905,0.000009457937918733172,-0.00001424269225580588,0.7482949549720432,0.7878836726874054,0.03958871771536221,0.03958260699056504,-0.000006110724797170342,0.03959289050240489,0.000004172787042677761
11585,13.49997042375218,-0.12,0.8869204367171575,0.00002370063017453905,0.00001290637774109538,-0.00001079425243344367,0.7482949549720432,0.7878836726874054,0.03958871771536221,0.03958405251535313,-0.000004665200009079662,0.03959161902460462,0.000002901309242409056
11585,13.49997042375218,-0.05999999999999994,0.9417645335842487,0.00002370063017453905,0.0000175303824732076,-0.000006170247701331455,0.7482949549720432,0.7878836726874054,0.03958871771536221,0.03958595709325485,-0.00000276062210735617,0.03958988036516087,0.000001162649798658322
11585,13.49997042375218,0,1,0.00002370063017453905,0.00002370063017453905,0,0.7482949549720432,0.7878836726874054,0.03958871771536221,0.03958845323404514,-2.644813170693538e-7,0.03958751496275592,-0.000001202752606288549
11585,13.49997042375218,0.05999999999999994,1.06183654654536,0.00002370063017453905,0.00003189424616456549,0.000008193615990026437,0.7482949549720432,0.7878836726874054,0.03958871771536221,0.03959170734137785,0.000002989626015637015,0.03958431326768908,-0.000004404447673134193
11585,13.49997042375218,0.12,1.127496851579376,0.00002370063017453905,0.00004272197228127883,0.00001902134210673978,0.7482949549720432,0.7878836726874054,0.03958871771536221,0.03959592704894255,0.00000720933358033804,0.03958000166229658,-0.000008716053065627172
11585,13.49997042375218,0.18,1.19721736312181,0.00002370063017453905,0.00005696123605236636,0.00003326060587782731,0.7482949549720432,0.7878836726874054,0.03958871771536221,0.0396013697645452,0.0000126520491829929,0.03957422493489982,-0.00001449278046239399
11585,13.49997042375218,0.24,1.271249150321405,0.00002370063017453905,0.00007559610722651655,0.0000518954770519775,0.7482949549720432,0.7878836726874054,0.03958871771536221,0.03960835251911254,0.00001963480375033466,0.03956652462286181,-0.00002219309250039991
11585,13.49997042375218,0.2999999999999999,1.349858807576003,0.00002370063017453905,0.00009986521501959,0.00007616458484505095,0.7482949549720432,0.7878836726874054,0.03958871771536221,0.03961726319697956,0.00002854548161734805,0.03955631245021629,-0.00003240526514591835
11585,13.49997042375218,0.36,1.43332941456034,0.00002370063017453905,0.0001313187710066943,0.0001076181408321553,0.7482949549720432,0.7878836726874054,0.03958871771536221,0.03962857319384139,0.00003985547847917825,0.03954283799634006,-0.00004587971902214605
11585,13.49997042375218,0.42,1.521961555618634,0.00002370063017453905,0.0001718858920825017,0.0001481852619079627,0.7482949549720432,0.7878836726874054,0.03958871771536221,0.03964285150840163,0.00005413379303942367,0.03952514964902765,-0.0000635680663345628
11585,13.49997042375218,0.4800000000000001,1.616074402192893,0.00002370063017453905,0.0002239534357811879,0.0002002528056066488,0.7482949549720432,0.7878836726874054,0.03958871771536221,0.03966078022126929,0.00007206250590707786,0.03950204782342992,-0.00008666989193228947
11585,13.49997042375218,0.5399999999999999,1.716006862184858,0.00002370063017453905,0.0002904575369584439,0.0002667569067839048,0.7482949549720432,0.7878836726874054,0.03958871771536221,0.03968317125067611,0.00009445353531389866,0.0394720293752403,-0.0001166883401219065
11585,13.49997042375218,0.6,1.822118800390509,0.00002370063017453905,0.0003749889587397748,0.0003512883285652357,0.7482949549720432,0.7878836726874054,0.03958871771536221,0.03971098419848051,0.0001222664831183051,0.0394332221101783,-0.0001554956051839085
13004,13.66666784069036,-0.6,0.5488116360940264,0.00001320523700398812,4.796033242771003e-7,-0.00001272563367971102,0.7482949549720432,0.7878836726874054,0.03958871771536221,0.03958304890633602,-0.0000056688090261936,0.03959255252486205,0.000003834809499836389
13004,13.66666784069036,-0.54,0.5827482523739896,0.00001320523700398812,6.823712569437035e-7,-0.00001252286574704442,0.7482949549720432,0.7878836726874054,0.03958871771536221,0.03958314655006723,-0.000005571165294981917,0.03959249041093427,0.000003772695572057394
13004,13.66666784069036,-0.48,0.6187833918061408,0.00001320523700398812,9.663190320141624e-7,-0.00001223891797197396,0.7482949549720432,0.7878836726874054,0.03958871771536221,0.03958328137938827,-0.000005436335973940665,0.03959240152221288,0.000003683806850673932
13004,13.66666784069036,-0.42,0.6570468198150567,0.00001320523700398812,0.000001362019569017825,-0.0000118432174349703,0.7482949549720432,0.7878836726874054,0.03958871771536221,0.03958346658664347,-0.000005251128718741782,0.03959227496303608,0.00000355724767386878
13004,13.66666784069036,-0.36,0.697676326071031,0.00001320523700398812,0.00000191078120848065,-0.00001129445579550747,0.7482949549720432,0.7878836726874054,0.03958871771536221,0.03958371966887864,-0.000004998046483573049,0.03959209568409028,0.000003377968728068836
13004,13.66666784069036,-0.3,0.7408182206817179,0.00001320523700398812,0.000002668119232107635,-0.00001053711777188049,0.7482949549720432,0.7878836726874054,0.03958871771536221,0.03958406369512879,-0.000004654020233418876,0.0395918430144685,0.000003125299106288004
13004,13.66666784069036,-0.24,0.7866278610665535,0.00001320523700398812,0.000003708242140354479,-0.000009496994863633645,0.7482949549720432,0.7878836726874054,0.03958871771536221,0.03958452889962849,-0.000004188815733718876,0.03959148872007989,0.000002771004717683212
13004,13.66666784069036,-0.18,0.835270211411272,0.00001320523700398812,0.000005129812695292557,-0.000008075424308695567,0.7482949549720432,0.7878836726874054,0.03958871771536221,0.03958515466952617,-0.00000356304583604139,0.03959099445209113,0.000002276736728923368
13004,13.66666784069036,-0.12,0.8869204367171575,0.00001320523700398812,0.000007063298564702336,-0.000006141938439285788,0.7482949549720432,0.7878836726874054,0.03958871771536221,0.03958599200553647,-0.000002725709825734945,0.03959030841570166,0.000001590700339448858
13004,13.66666784069036,-0.05999999999999994,0.9417645335842487,0.00001320523700398812,0.000009680290490643451,-0.000003524946513344673,0.7482949549720432,0.7878836726874054,0.03958871771536221,0.03958710654385622,-0.000001611171505988551,0.03958936104968946,6.433343272549408e-7
13004,13.66666784069036,0,1,0.00001320523700398812,0.00001320523700398812,0,0.7482949549720432,0.7878836726874054,0.03958871771536221,0.03958858223695871,-1.354784034957035e-7,0.0395880594603476,-6.582550146072563e-7
13004,13.66666784069036,0.05999999999999994,1.06183654654536,0.00001320523700398812,0.00001793012391226867,0.000004724886908280546,0.7482949549720432,0.7878836726874054,0.03958871771536221,0.03959052579918643,0.000001808083824217377,0.03958628029919342,-0.000002437416168787898
13004,13.66666784069036,0.12,1.127496851579376,0.00001320523700398812,0.00002423271325946441,0.00001102747625547629,0.7482949549720432,0.7878836726874054,0.03958871771536221,0.03959307202926265,0.000004354313900445383,0.03958386071168241,-0.000004857003679803462
13004,13.66666784069036,0.18,1.19721736312181,0.00001320523700398812,0.00003259904886065979,0.00001939381185667166,0.7482949549720432,0.7878836726874054,0.03958871771536221,0.03959639012528338,0.00000767240992116669,0.03958058691444255,-0.000008130800919659009
13004,13.66666784069036,0.24,1.271249150321405,0.00001320523700398812,0.00004365103160286488,0.00003044579459887675,0.7482949549720432,0.7878836726874054,0.03958871771536221,0.03960069110683773,0.00001197339147551713,0.03957617988139028,-0.0000125378339719262
13004,13.66666784069036,0.2999999999999999,1.349858807576003,0.00001320523700398812,0.00005817996488588495,0.00004497472788189683,0.7482949549720432,0.7878836726874054,0.03958871771536221,0.03960623645287398,0.00001751873751176802,0.039570277535659,-0.00001844017970320522
13004,13.66666784069036,0.36,1.43332941456034,0.00001320523700398812,0.00007718706426085298,0.00006398182725686485,0.7482949549720432,0.7878836726874054,0.03958871771536221,0.03961334805090833,0.00002463033554611638,0.03956241275619787,-0.00002630495916433606
13004,13.66666784069036,0.42,1.521961555618634,0.00001320523700398812,0.000101932010517336,0.0000887267735133479,0.7482949549720432,0.7878836726874054,0.03958871771536221,0.03962241953212731,0.00003370181676509709,0.03955198641789037,-0.00003673129747183701
13004,13.66666784069036,0.4800000000000001,1.616074402192893,0.00001320523700398812,0.0001339906957725789,0.0001207854587685908,0.7482949549720432,0.7878836726874054,0.03958871771536221,0.03963392903618845,0.00004521132082624391,0.03953823459520689,-0.00005048312015532019
13004,13.66666784069036,0.5399999999999999,1.716006862184858,0.00001320523700398812,0.0001753233593709824,0.0001621181223669943,0.7482949549720432,0.7878836726874054,0.03958871771536221,0.03964845340808665,0.00005973569272443857,0.0395201889768716,-0.00006852873849061414
13004,13.66666784069036,0.6,1.822118800390509,0.00001320523700398812,0.0002283543258866372,0.0002151490888826491,0.7482949549720432,0.7878836726874054,0.03958871771536221,0.0396666837765538,0.00007796606119159222,0.03949662946844457,-0.00009208824691764317
14596,13.83328543558448,-0.6,0.5488116360940264,0.000007233785408566895,2.400875791508383e-7,-0.000006993697829416057,0.7482949549720432,0.7878836726874054,0.03958871771536221,0.03958551656361631,-0.000003201151745901853,0.03959074043167943,0.000002022716317218176
14596,13.83328543558448,-0.54,0.5827482523739896,0.000007233785408566895,3.446967081766061e-7,-0.000006889088700390289,0.7482949549720432,0.7878836726874054,0.03958871771536221,0.0395855682683548,-0.000003149447007411155,0.03959070971656242,0.000001992001200212812
14596,13.83328543558448,-0.48,0.6187833918061408,0.000007233785408566895,4.925640076924864e-7,-0.000006741221400874409,0.7482949549720432,0.7878836726874054,0.03958871771536221,0.03958564038289858,-0.000003077332463630178,0.03959066532881383,0.000001947613451624974
14596,13.83328543558448,-0.42,0.6570468198150567,0.000007233785408566895,7.00564180333707e-7,-0.000006533221228233188,0.7482949549720432,0.7878836726874054,0.03958871771536221,0.03958574044179297,-0.000002977273569237937,0.03959060150764671,0.000001883792284496089
14596,13.83328543558448,-0.36,0.697676326071031,0.000007233785408566895,9.917325789476905e-7,-0.000006242052829619205,0.7482949549720432,0.7878836726874054,0.03958871771536221,0.03958587855190487,-0.000002839163457335481,0.03959051021069326,0.000001792495331054411
14596,13.83328543558448,-0.3,0.7408182206817179,0.000007233785408566895,0.000001397347325182707,-0.000005836438083384188,0.7482949549720432,0.7878836726874054,0.03958871771536221,0.03958606819133415,-0.000002649524028064398,0.03959038027242467,0.000001662557062465098
14596,13.83328543558448,-0.24,0.7866278610665535,0.000007233785408566895,0.00000195965263249942,-0.000005274132776067475,0.7482949549720432,0.7878836726874054,0.03958871771536221,0.03958632722818467,-0.000002390487177539313,0.03959019627721716,0.000001478561854950655
14596,13.83328543558448,-0.18,0.835270211411272,0.000007233785408566895,0.000002735398608177952,-0.000004498386800388943,0.7482949549720432,0.7878836726874054,0.03958871771536221,0.03958667921016101,-0.000002038505201196195,0.03958993705991765,0.000001219344555436486
14596,13.83328543558448,-0.12,0.8869204367171575,0.000007233785408566895,0.000003800413704624361,-0.000003433371703942534,0.7482949549720432,0.7878836726874054,0.03958871771536221,0.03958715498494003,-0.000001562730422177694,0.03958957372351313,8.560081509179085e-7
14596,13.83328543558448,-0.05999999999999994,0.9417645335842487,0.000007233785408566895,0.000005255473527143728,-0.000001978311881423167,0.7482949549720432,0.7878836726874054,0.03958871771536221,0.03958779472055651,-9.229948056965753e-7,0.03958906703532683,3.493199646209533e-7
14596,13.83328543558448,0,1,0.000007233785408566895,0.000007233785408566895,0,0.7482949549720432,0.7878836726874054,0.03958871771536221,0.03958865040508275,-6.731027946127455e-8,0.03958836402928112,-3.536860810893216e-7
14596,13.83328543558448,0.05999999999999994,1.06183654654536,0.000007233785408566895,0.000009910471640783847,0.000002676686232216952,0.7482949549720432,0.7878836726874054,0.03958871771536221,0.03958978891453047,0.000001071199168256598,0.03958739360134755,-0.000001324114014655819
14596,13.83328543558448,0.12,1.127496851579376,0.000007233785408566895,0.00001351450611497551,0.000006280720706408616,0.7482949549720432,0.7878836726874054,0.03958871771536221,0.03959129574737497,0.000002578032012756637,0.03958606083806715,-0.000002656877295059701
14596,13.83328543558448,0.18,1.19721736312181,0.000007233785408566895,0.00001834363885322432,0.00001110985344465742,0.7482949549720432,0.7878836726874054,0.03958871771536221,0.03959327953206548,0.000004561816703274602,0.03958423976302528,-0.000004477952336934266
14596,13.83328543558448,0.24,1.271249150321405,0.000007233785408566895,0.00002478292989727127,0.00001754914448870437,0.7482949549720432,0.7878836726874054,0.03958871771536221,0.03959587742014603,0.000007159704783821219,0.03958176412366199,-0.000006953591700220585
14596,13.83328543558448,0.2999999999999999,1.349858807576003,0.000007233785408566895,0.00003332760671026502,0.00002609382130169813,0.7482949549720432,0.7878836726874054,0.03958871771536221,0.03959926148045489,0.0000105437650926854,0.03957841577025345,-0.00001030194510875937
14596,13.83328543558448,0.36,1.43332941456034,0.000007233785408566895,0.00004461105572173274,0.00003737727031316584,0.7482949549720432,0.7878836726874054,0.03958871771536221,0.03960364620900281,0.00001492849364059801,0.03957391010146272,-0.00001480761389949237
14596,13.83328543558448,0.42,1.521961555618634,0.000007233785408566895,0.00005943885551096262,0.00005220507010239572,0.7482949549720432,0.7878836726874054,0.03958871771536221,0.03960929726226137,0.00002057954689915764,0.03956787796681938,-0.00002083974854283355
14596,13.83328543558448,0.4800000000000001,1.616074402192893,0.000007233785408566895,0.00007882985246598917,0.00007159606705742227,0.7482949549720432,0.7878836726874054,0.03958871771536221,0.03961654150829863,0.00002782379293642112,0.03955984332836948,-0.00002887438699272771
14596,13.83328543558448,0.5399999999999999,1.716006862184858,0.000007233785408566895,0.0001040653641021239,0.00009683157869355696,0.7482949549720432,0.7878836726874054,0.03958871771536221,0.03962577846820314,0.00003706075284093391,0.03954919589338945,-0.00003952182197275445
14596,13.83328543558448,0.6,1.822118800390509,0.000007233785408566895,0.0001367476640294907,0.0001295138786209238,0.7482949549720432,0.7878836726874054,0.03958871771536221,0.03963749318906551,0.00004877547370329971,0.03953515784190464,-0.00005355987345756485
16384,14,-0.6,0.5488116360940264,0.000003893350722927735,1.180604900508087e-7,-0.000003775290232876927,0.7482949549720432,0.7878836726874054,0.03958871771536221,0.0395869443938095,-0.000001773321552711593,0.03958976475771947,0.000001047042357260608
16384,14,-0.54,0.5827482523739896,0.000003893350722927735,1.710444802460742e-7,-0.000003722306242681661,0.7482949549720432,0.7878836726874054,0.03958871771536221,0.03958697124038879,-0.000001746474973418621,0.03958974985907004,0.000001032143707835331
16384,14,-0.48,0.6187833918061408,0.000003893350722927735,2.466429177561125e-7,-0.000003646707805171623,0.7482949549720432,0.7878836726874054,0.03958871771536221,0.03958700906059798,-0.000001708654764231987,0.03958972811648864,0.000001010401126433358
16384,14,-0.42,0.6570468198150567,0.000003893350722927735,3.539850041978099e-7,-0.000003539365718729925,0.7482949549720432,0.7878836726874054,0.03958871771536221,0.03958706206423523,-0.000001655651126974966,0.03958969654701616,9.788316539527386e-7
16384,14,-0.36,0.697676326071031,0.000003893350722927735,5.056608002318441e-7,-0.000003387689922695891,0.7482949549720432,0.7878836726874054,0.03958871771536221,0.03958713596194108,-0.000001581753421131538,0.03958965094177413,9.332264119255029e-7
16384,14,-0.3,0.7408182206817179,0.000003893350722927735,7.189414923391979e-7,-0.000003174409230588537,0.7482949549720432,0.7878836726874054,0.03958871771536221,0.03958723845545442,-0.000001479259907788411,0.03958958539478474,8.676794225337403e-7
16384,14,-0.24,0.7866278610665535,0.000003893350722927735,0.000001017394380076198,-0.000002875956342851538,0.7482949549720432,0.7878836726874054,0.03958871771536221,0.03958737987142313,-0.000001337843939075434,0.03958949166434589,7.739489836788849e-7
16384,14,-0.18,0.835270211411272,0.000003893350722927735,0.000001433007257301,-0.000002460343465626735,0.7482949549720432,0.7878836726874054,0.03958871771536221,0.0395875739750583,-0.000001143740303910512,0.03958935831289601,6.405975337964165e-7
16384,14,-0.12,0.8869204367171575,0.000003893350722927735,0.000002008965683697461,-0.000001884385039230274,0.7482949549720432,0.7878836726874054,0.03958871771536221,0.03958783900707341,-8.787082887984354e-7,0.03958916955573999,4.518403777797886e-7
16384,14,-0.05999999999999994,0.9417645335842487,0.000003893350722927735,0.000002803261333506057,-0.000001090089389421678,0.7482949549720432,0.7878836726874054,0.03958871771536221,0.0395881989956367,-5.187197255063225e-7,0.03958890372996049,1.860145982801598e-7
16384,14,0,1,0.000003893350722927735,0.000003893350722927735,0,0.7482949549720432,0.7878836726874054,0.03958871771536221,0.03958868540382754,-3.231153467009307e-8,0.03958853127119055,-1.864441716570298e-7
16384,14,0.05999999999999994,1.06183654654536,0.000003893350722927735,0.000005382131980646854,0.000001488781257719118,0.7482949549720432,0.7878836726874054,0.03958871771536221,0.03958933918271357,6.214673513582625e-7,0.03958801205742823,-7.056579339748126e-7
16384,14,0.12,1.127496851579376,0.000003893350722927735,0.000007405563431595041,0.000003512212708667306,0.7482949549720432,0.7878836726874054,0.03958871771536221,0.03959021330989732,0.000001495594535105838,0.03958729194456423,-0.000001425770797980341
16384,14,0.18,1.19721736312181,0.000003893350722927735,0.00001014231194340631,0.000006248961220478577,0.7482949549720432,0.7878836726874054,0.03958871771536221,0.03959137590330319,0.000002658187940984824,0.03958629827759397,-0.000002419437768241828
16384,14,0.24,1.271249150321405,0.000003893350722927735,0.0000138258914587075,0.00000993254073577976,0.7482949549720432,0.7878836726874054,0.03958871771536221,0.03959291400919207,0.000004196293829861197,0.03958493411350739,-0.000003783601854823182
16384,14,0.2999999999999999,1.349858807576003,0.000003893350722927735,0.00001875983234111978,0.00001486648161819204,0.7482949549720432,0.7878836726874054,0.03958871771536221,0.03959493817134474,0.000006220455982530737,0.03958307083646384,-0.00000564687889836879
16384,14,0.36,1.43332941456034,0.000003893350722927735,0.00002533650969738233,0.00002144315897445459,0.7482949549720432,0.7878836726874054,0.03958871771536221,0.03959758789429713,0.000008870178934916595,0.03958053878259105,-0.000008178932771163439
16384,14,0.42,1.521961555618634,0.000003893350722927735,0.00003406035193520562,0.00003016700121227789,0.7482949549720432,0.7878836726874054,0.03958871771536221,0.03960103811627891,0.00001232040091669884,0.03957711542080089,-0.00001160229456131923
16384,14,0.4800000000000001,1.616074402192893,0.000003893350722927735,0.00004557624734335963,0.0000416828966204319,0.7482949549720432,0.7878836726874054,0.03958871771536221,0.03960550680609287,0.00001678909073066226,0.0395725105579634,-0.00001620715739880652
16384,14,0.5399999999999999,1.716006862184858,0.000003893350722927735,0.00006070406323754884,0.00005681071251462111,0.7482949549720432,0.7878836726874054,0.03958871771536221,0.03961126379095536,0.00002254607559315502,0.03956634795245895,-0.00002236976290326265
16384,14,0.6,1.822118800390509,0.000003893350722927735,0.00008048028526363993,0.00007658693454071219,0.7482949549720432,0.7878836726874054,0.03958871771536221,0.03961864090838763,0.00002992319302541624,0.0395581426315631,-0.00003057508379911145
